999
autodxfXMIN:1E-07
999
autodxfXMAX:3747,758348530718
999
autodxfYMIN:1,000000793E-07
999
autodxfYMAX:1700,000000100001
0
SECTION
2
HEADER
9
$ACADVER
1
AC1015
9
$DWGCODEPAGE
3
ANSI_1251
9
$HANDSEED
5
916
9
$ANGBASE
50
0.0
9
$ANGDIR
70
0
9
$ATTMODE
70
1
9
$AUNITS
70
0
9
$AUPREC
70
0
9
$CECOLOR
62
256
9
$CELTSCALE
40
1.0
9
$CELTYPE
6
ByLayer
9
$CELWEIGHT
370
-1
9
$CLAYER
8
0
9
$CMLJUST
70
0
9
$CMLSCALE
40
1.0
9
$CMLSTYLE
2
Standard
9
$DIMSTYLE
2
Standard
9
$TEXTSIZE
40
0.2
9
$TEXTSTYLE
7
Standard
9
$LUNITS
70
2
9
$LUPREC
70
4
9
$MIRRTEXT
70
0
9
$EXTNAMES
290
1
9
$INSBASE
10
0.0
20
0.0
30
0.0
9
$INSUNITS
70
4
9
$LTSCALE
40
1.0
9
$LWDISPLAY
290
0
9
$PDMODE
70
0
9
$PDSIZE
40
0.0
9
$PLINEGEN
70
0
9
$PSLTSCALE
70
1
9
$SPLINESEGS
70
6
9
$SURFU
70
6
9
$SURFV
70
6
9
$TDCREATE
40
2461213.58331017
9
$TDUCREATE
40
2461213.45831017
9
$TDUPDATE
40
2461213.58331017
9
$TDUUPDATE
40
2461213.45831017
9
$TDINDWG
40
0.0000115740740741
9
$UCSORG
10
0.0
20
0.0
30
0.0
9
$UCSXDIR
10
1.0
20
0.0
30
0.0
9
$UCSYDIR
10
0.0
20
1.0
30
0.0
9
$DIMADEC
70
0
9
$DIMALT
70
0
9
$DIMALTD
70
2
9
$DIMALTF
40
25.4
9
$DIMALTRND
40
0.0
9
$DIMALTTD
70
2
9
$DIMALTTZ
70
0
9
$DIMALTU
70
2
9
$DIMALTZ
70
0
9
$DIMAPOST
1

9
$DIMATFIT
70
3
9
$DIMAUNIT
70
0
9
$DIMASZ
40
0.18
9
$DIMAZIN
70
3
9
$DIMSAH
70
0
9
$DIMBLK
1

9
$DIMLDRBLK
1

9
$DIMCEN
40
0.09
9
$DIMCLRD
70
0
9
$DIMCLRE
70
0
9
$DIMCLRT
70
0
9
$DIMDEC
70
4
9
$DIMDLE
40
0.0
9
$DIMDLI
40
0.38
9
$DIMDSEP
70
46
9
$DIMEXE
40
0.18
9
$DIMEXO
40
0.0625
9
$DIMFXLON
70
0
9
$DIMFXL
40
1.0
9
$DIMGAP
40
0.09
9
$DIMJUST
70
0
9
$DIMLFAC
40
1.0
9
$DIMLUNIT
70
2
9
$DIMLWD
70
-2
9
$DIMLWE
70
-2
9
$DIMPOST
1

9
$DIMRND
40
0.0
9
$DIMSCALE
40
1.0
9
$DIMSD1
70
0
9
$DIMSD2
70
0
9
$DIMSE1
70
0
9
$DIMSE2
70
0
9
$DIMSOXD
70
0
9
$DIMTAD
70
0
9
$DIMTDEC
70
4
9
$DIMTFAC
40
1.0
9
$DIMTIH
70
0
9
$DIMTIX
70
0
9
$DIMTM
40
0.0
9
$DIMTMOVE
70
0
9
$DIMTOFL
70
0
9
$DIMTOH
70
0
9
$DIMTOL
70
0
9
$DIMLIM
70
0
9
$DIMTOLJ
70
1
9
$DIMTP
40
0.0
9
$DIMTXT
40
0.18
9
$DIMTXTDIRECTION
70
0
9
$DIMTZIN
70
0
9
$DIMZIN
70
0
9
$DIMFRAC
70
0
9
$DIMLTYPE
6
ByBlock
9
$DIMLTEX1
6
ByBlock
9
$DIMLTEX2
6
ByBlock
9
$EXTMIN
10
0.0
20
0.0
30
0.0
9
$EXTMAX
10
3880.60170771703
20
1700.0
30
0.0
9
$LIMMIN
10
0.0
20
0.0
9
$LIMMAX
10
3880.60170771703
20
1700.0
9
$ORTHOMODE
70
0
9
$REGENMODE
70
1
9
$FILLMODE
70
1
9
$QTEXTMODE
70
0
9
$TRACEWID
40
0.05
9
$DISPSILH
70
0
9
$SKETCHINC
40
0.1
9
$FILLETRAD
40
0.0
9
$MENU
1
.
9
$ELEVATION
40
0.0
9
$PELEVATION
40
0.0
9
$THICKNESS
40
0.0
9
$LIMCHECK
70
0
9
$CHAMFERA
40
0.0
9
$CHAMFERB
40
0.0
9
$CHAMFERC
40
0.0
9
$CHAMFERD
40
0.0
9
$SKPOLY
70
0
9
$TDUSRTIMER
40
0.0000115741
9
$USRTIMER
70
1
9
$PLINEWID
40
0.0
9
$SPLFRAME
70
0
9
$SPLINETYPE
70
6
9
$SURFTAB1
70
6
9
$SURFTAB2
70
6
9
$SURFTYPE
70
6
9
$UCSBASE
2

9
$UCSNAME
2

9
$UCSORTHOREF
2

9
$UCSORTHOVIEW
70
0
9
$UCSORGTOP
10
0.0
20
0.0
30
0.0
9
$UCSORGBOTTOM
10
0.0
20
0.0
30
0.0
9
$UCSORGLEFT
10
0.0
20
0.0
30
0.0
9
$UCSORGRIGHT
10
0.0
20
0.0
30
0.0
9
$UCSORGFRONT
10
0.0
20
0.0
30
0.0
9
$UCSORGBACK
10
0.0
20
0.0
30
0.0
9
$PUCSBASE
2

9
$PUCSNAME
2

9
$PUCSORG
10
0.0
20
0.0
30
0.0
9
$PUCSXDIR
10
1.0
20
0.0
30
0.0
9
$PUCSYDIR
10
0.0
20
1.0
30
0.0
9
$PUCSORTHOREF
2

9
$PUCSORTHOVIEW
70
0
9
$PUCSORGTOP
10
0.0
20
0.0
30
0.0
9
$PUCSORGBOTTOM
10
0.0
20
0.0
30
0.0
9
$PUCSORGLEFT
10
0.0
20
0.0
30
0.0
9
$PUCSORGRIGHT
10
0.0
20
0.0
30
0.0
9
$PUCSORGFRONT
10
0.0
20
0.0
30
0.0
9
$PUCSORGBACK
10
0.0
20
0.0
30
0.0
9
$USERI1
70
0
9
$USERI2
70
0
9
$USERI3
70
0
9
$USERI4
70
0
9
$USERI5
70
0
9
$USERR1
40
0.0
9
$USERR2
40
0.0
9
$USERR3
40
0.0
9
$USERR4
40
0.0
9
$USERR5
40
0.0
9
$WORLDVIEW
70
1
9
$SHADEDGE
70
3
9
$SHADEDIF
70
70
9
$TILEMODE
70
1
9
$MAXACTVP
70
64
9
$PINSBASE
10
0.0
20
0.0
30
0.0
9
$PLIMCHECK
70
0
9
$PEXTMIN
10
0.0
20
0.0
30
0.0
9
$PEXTMAX
10
3880.60170771703
20
1700.0
30
0.0
9
$PLIMMIN
10
0.0
20
0.0
9
$PLIMMAX
10
3880.60170771703
20
1700.0
9
$UNITMODE
70
0
9
$VISRETAIN
70
1
9
$TREEDEPTH
70
3020
9
$PROXYGRAPHICS
70
1
9
$MEASUREMENT
70
1
9
$ENDCAPS
280
0
9
$JOINSTYLE
280
0
9
$HYPERLINKBASE
1

9
$STYLESHEET
1

9
$XEDIT
290
1
9
$CEPSNTYPE
380
0
9
$PSTYLEMODE
290
1
9
$FINGERPRINTGUID
2
{1E924BB4-ED39-5A4C-9C6B-A1AEF6724D15}
9
$VERSIONGUID
2
{6446E83E-98F7-A641-A77D-7CE97639FD81}
9
$PSVPSCALE
40
0.0
9
$OLESTARTUP
290
0
0
ENDSEC
0
SECTION
2
CLASSES
0
CLASS
1
RASTERVARIABLES
2
AcDbRasterVariables
3
ISM
90
0
280
0
281
0
0
ENDSEC
0
SECTION
2
TABLES
0
TABLE
2
APPID
5
9
330
0
100
AcDbSymbolTable
70
7
0
APPID
5
56
330
9
100
AcDbSymbolTableRecord
100
AcDbRegAppTableRecord
2
ACAD
70
0
0
APPID
5
5E
330
9
100
AcDbSymbolTableRecord
100
AcDbRegAppTableRecord
2
AcadAnnotative
70
0
0
APPID
5
8F5
330
9
100
AcDbSymbolTableRecord
100
AcDbRegAppTableRecord
2
ACAD_MLEADERVER
70
0
0
APPID
5
910
330
9
100
AcDbSymbolTableRecord
100
AcDbRegAppTableRecord
2
AcCmTransparency
70
0
0
APPID
5
911
330
9
100
AcDbSymbolTableRecord
100
AcDbRegAppTableRecord
2
AcAecLayerStandard
70
0
0
APPID
5
912
330
9
100
AcDbSymbolTableRecord
100
AcDbRegAppTableRecord
2
GradientColor1ACI
70
0
0
APPID
5
913
330
9
100
AcDbSymbolTableRecord
100
AcDbRegAppTableRecord
2
GradientColor2ACI
70
0
0
ENDTAB
0
TABLE
2
VPORT
5
8
330
0
100
AcDbSymbolTable
70
1
0
VPORT
5
906
330
8
100
AcDbSymbolTableRecord
100
AcDbViewportTableRecord
2
*Active
70
0
10
0.0
20
0.0
11
1.0
21
1.0
12
1873.87917431536
22
850.000000100001
13
0.0
23
0.0
14
0.5
24
0.5
15
10.0
25
10.0
16
0.0
26
0.0
36
1.0
17
0.0
27
0.0
37
0.0
40
4122.536
41
1.0
75
0
76
1
0
ENDTAB
0
TABLE
2
LTYPE
5
5
330
0
100
AcDbSymbolTable
70
48
0
LTYPE
5
5B
330
5
100
AcDbSymbolTableRecord
100
AcDbLinetypeTableRecord
2
ByBlock
70
0
3

72
65
73
0
40
0.0
0
LTYPE
5
5C
330
5
100
AcDbSymbolTableRecord
100
AcDbLinetypeTableRecord
2
ByLayer
70
0
3

72
65
73
0
40
0.0
0
LTYPE
5
5D
330
5
100
AcDbSymbolTableRecord
100
AcDbLinetypeTableRecord
2
Continuous
70
0
3
Solid line
72
65
73
0
40
0.0
0
LTYPE
5
78
330
5
100
AcDbSymbolTableRecord
100
AcDbLinetypeTableRecord
2
BORDER
70
0
3
Border __ __ . __ __ . __ __ . __ __ . __ __ .
72
65
73
6
40
1.75
49
0.5
74
0
49
-0.25
74
0
49
0.5
74
0
49
-0.25
74
0
49
0.0
74
0
49
-0.25
74
0
0
LTYPE
5
79
330
5
100
AcDbSymbolTableRecord
100
AcDbLinetypeTableRecord
2
BORDER2
70
0
3
Border (.5x) __.__.__.__.__.__.__.__.__.__.__.
72
65
73
6
40
0.875
49
0.25
74
0
49
-0.125
74
0
49
0.25
74
0
49
-0.125
74
0
49
0.0
74
0
49
-0.125
74
0
0
LTYPE
5
7A
330
5
100
AcDbSymbolTableRecord
100
AcDbLinetypeTableRecord
2
BORDERX2
70
0
3
Border (2x) ____  ____  .  ____  ____  .  ___
72
65
73
6
40
3.5
49
1.0
74
0
49
-0.5
74
0
49
1.0
74
0
49
-0.5
74
0
49
0.0
74
0
49
-0.5
74
0
0
LTYPE
5
7B
330
5
100
AcDbSymbolTableRecord
100
AcDbLinetypeTableRecord
2
CENTER
70
0
3
Center ____ _ ____ _ ____ _ ____ _ ____ _ ____
72
65
73
4
40
2.0
49
1.25
74
0
49
-0.25
74
0
49
0.25
74
0
49
-0.25
74
0
0
LTYPE
5
7C
330
5
100
AcDbSymbolTableRecord
100
AcDbLinetypeTableRecord
2
CENTER2
70
0
3
Center (.5x) ___ _ ___ _ ___ _ ___ _ ___ _ ___
72
65
73
4
40
1.125
49
0.75
74
0
49
-0.125
74
0
49
0.125
74
0
49
-0.125
74
0
0
LTYPE
5
7D
330
5
100
AcDbSymbolTableRecord
100
AcDbLinetypeTableRecord
2
CENTERX2
70
0
3
Center (2x) ________  __  ________  __  _____
72
65
73
4
40
4.0
49
2.5
74
0
49
-0.5
74
0
49
0.5
74
0
49
-0.5
74
0
0
LTYPE
5
7E
330
5
100
AcDbSymbolTableRecord
100
AcDbLinetypeTableRecord
2
DASHDOT
70
0
3
Dash dot __ . __ . __ . __ . __ . __ . __ . __
72
65
73
4
40
1.0
49
0.5
74
0
49
-0.25
74
0
49
0.0
74
0
49
-0.25
74
0
0
LTYPE
5
7F
330
5
100
AcDbSymbolTableRecord
100
AcDbLinetypeTableRecord
2
DASHDOT2
70
0
3
Dash dot (.5x) _._._._._._._._._._._._._._._.
72
65
73
4
40
0.5
49
0.25
74
0
49
-0.125
74
0
49
0.0
74
0
49
-0.125
74
0
0
LTYPE
5
80
330
5
100
AcDbSymbolTableRecord
100
AcDbLinetypeTableRecord
2
DASHDOTX2
70
0
3
Dash dot (2x) ____  .  ____  .  ____  .  ___
72
65
73
4
40
2.0
49
1.0
74
0
49
-0.5
74
0
49
0.0
74
0
49
-0.5
74
0
0
LTYPE
5
81
330
5
100
AcDbSymbolTableRecord
100
AcDbLinetypeTableRecord
2
DASHED
70
0
3
Dashed __ __ __ __ __ __ __ __ __ __ __ __ __ _
72
65
73
2
40
0.75
49
0.5
74
0
49
-0.25
74
0
0
LTYPE
5
82
330
5
100
AcDbSymbolTableRecord
100
AcDbLinetypeTableRecord
2
DASHED2
70
0
3
Dashed (.5x) _ _ _ _ _ _ _ _ _ _ _ _ _ _ _ _ _
72
65
73
2
40
0.375
49
0.25
74
0
49
-0.125
74
0
0
LTYPE
5
83
330
5
100
AcDbSymbolTableRecord
100
AcDbLinetypeTableRecord
2
DASHEDX2
70
0
3
Dashed (2x) ____  ____  ____  ____  ____  ___
72
65
73
2
40
1.5
49
1.0
74
0
49
-0.5
74
0
0
LTYPE
5
84
330
5
100
AcDbSymbolTableRecord
100
AcDbLinetypeTableRecord
2
DIVIDE
70
0
3
Divide ____ . . ____ . . ____ . . ____ . . ____
72
65
73
6
40
1.25
49
0.5
74
0
49
-0.25
74
0
49
0.0
74
0
49
-0.25
74
0
49
0.0
74
0
49
-0.25
74
0
0
LTYPE
5
85
330
5
100
AcDbSymbolTableRecord
100
AcDbLinetypeTableRecord
2
DIVIDE2
70
0
3
Divide (.5x) __..__..__..__..__..__..__..__.._
72
65
73
6
40
0.625
49
0.25
74
0
49
-0.125
74
0
49
0.0
74
0
49
-0.125
74
0
49
0.0
74
0
49
-0.125
74
0
0
LTYPE
5
86
330
5
100
AcDbSymbolTableRecord
100
AcDbLinetypeTableRecord
2
DIVIDEX2
70
0
3
Divide (2x) ________  .  .  ________  .  .  _
72
65
73
6
40
2.5
49
1.0
74
0
49
-0.5
74
0
49
0.0
74
0
49
-0.5
74
0
49
0.0
74
0
49
-0.5
74
0
0
LTYPE
5
87
330
5
100
AcDbSymbolTableRecord
100
AcDbLinetypeTableRecord
2
DOT
70
0
3
Dot . . . . . . . . . . . . . . . . . . . . . .
72
65
73
2
40
0.25
49
0.0
74
0
49
-0.25
74
0
0
LTYPE
5
88
330
5
100
AcDbSymbolTableRecord
100
AcDbLinetypeTableRecord
2
DOT2
70
0
3
Dot (.5x) .....................................
72
65
73
2
40
0.125
49
0.0
74
0
49
-0.125
74
0
0
LTYPE
5
89
330
5
100
AcDbSymbolTableRecord
100
AcDbLinetypeTableRecord
2
DOTX2
70
0
3
Dot (2x) .  .  .  .  .  .  .  .  .  .  .  .  . 
72
65
73
2
40
0.5
49
0.0
74
0
49
-0.5
74
0
0
LTYPE
5
8A
330
5
100
AcDbSymbolTableRecord
100
AcDbLinetypeTableRecord
2
HIDDEN
70
0
3
Hidden __ __ __ __ __ __ __ __ __ __ __ __ __ _
72
65
73
2
40
0.375
49
0.25
74
0
49
-0.125
74
0
0
LTYPE
5
8B
330
5
100
AcDbSymbolTableRecord
100
AcDbLinetypeTableRecord
2
HIDDEN2
70
0
3
Hidden (.5x) _ _ _ _ _ _ _ _ _ _ _ _ _ _ _ _ _
72
65
73
2
40
0.1875
49
0.125
74
0
49
-0.0625
74
0
0
LTYPE
5
8C
330
5
100
AcDbSymbolTableRecord
100
AcDbLinetypeTableRecord
2
HIDDENX2
70
0
3
Hidden (2x) ____ ____ ____ ____ ____ ____ ____
72
65
73
2
40
0.75
49
0.5
74
0
49
-0.25
74
0
0
LTYPE
5
8D
330
5
100
AcDbSymbolTableRecord
100
AcDbLinetypeTableRecord
2
PHANTOM
70
0
3
Phantom ______  __  __  ______  __  __  ______
72
65
73
6
40
2.5
49
1.25
74
0
49
-0.25
74
0
49
0.25
74
0
49
-0.25
74
0
49
0.25
74
0
49
-0.25
74
0
0
LTYPE
5
8E
330
5
100
AcDbSymbolTableRecord
100
AcDbLinetypeTableRecord
2
PHANTOM2
70
0
3
Phantom (.5x) ___ _ _ ___ _ _ ___ _ _ ___ _ _
72
65
73
6
40
1.25
49
0.625
74
0
49
-0.125
74
0
49
0.125
74
0
49
-0.125
74
0
49
0.125
74
0
49
-0.125
74
0
0
LTYPE
5
8F
330
5
100
AcDbSymbolTableRecord
100
AcDbLinetypeTableRecord
2
PHANTOMX2
70
0
3
Phantom (2x) ____________    ____    ____   _
72
65
73
6
40
5.0
49
2.5
74
0
49
-0.5
74
0
49
0.5
74
0
49
-0.5
74
0
49
0.5
74
0
49
-0.5
74
0
0
LTYPE
5
90
330
5
100
AcDbSymbolTableRecord
100
AcDbLinetypeTableRecord
2
ACAD_ISO02W100
70
0
3
ISO dash __ __ __ __ __ __ __ __ __ __ __ __ __
72
65
73
2
40
15.0
49
12.0
74
0
49
-3.0
74
0
0
LTYPE
5
91
330
5
100
AcDbSymbolTableRecord
100
AcDbLinetypeTableRecord
2
ACAD_ISO03W100
70
0
3
ISO dash space __    __    __    __    __    __
72
65
73
2
40
30.0
49
12.0
74
0
49
-18.0
74
0
0
LTYPE
5
92
330
5
100
AcDbSymbolTableRecord
100
AcDbLinetypeTableRecord
2
ACAD_ISO04W100
70
0
3
ISO long-dash dot ____ . ____ . ____ . ____ . _
72
65
73
4
40
30.0
49
24.0
74
0
49
-3.0
74
0
49
0.0
74
0
49
-3.0
74
0
0
LTYPE
5
93
330
5
100
AcDbSymbolTableRecord
100
AcDbLinetypeTableRecord
2
ACAD_ISO05W100
70
0
3
ISO long-dash double-dot ____ .. ____ .. ____ .
72
65
73
6
40
33.0
49
24.0
74
0
49
-3.0
74
0
49
0.0
74
0
49
-3.0
74
0
49
0.0
74
0
49
-3.0
74
0
0
LTYPE
5
94
330
5
100
AcDbSymbolTableRecord
100
AcDbLinetypeTableRecord
2
ACAD_ISO06W100
70
0
3
ISO long-dash triple-dot ____ ... ____ ... ____
72
65
73
8
40
36.0
49
24.0
74
0
49
-3.0
74
0
49
0.0
74
0
49
-3.0
74
0
49
0.0
74
0
49
-3.0
74
0
49
0.0
74
0
49
-3.0
74
0
0
LTYPE
5
95
330
5
100
AcDbSymbolTableRecord
100
AcDbLinetypeTableRecord
2
ACAD_ISO07W100
70
0
3
ISO dot . . . . . . . . . . . . . . . . . . . .
72
65
73
2
40
3.0
49
0.0
74
0
49
-3.0
74
0
0
LTYPE
5
96
330
5
100
AcDbSymbolTableRecord
100
AcDbLinetypeTableRecord
2
ACAD_ISO08W100
70
0
3
ISO long-dash short-dash ____ __ ____ __ ____ _
72
65
73
4
40
36.0
49
24.0
74
0
49
-3.0
74
0
49
6.0
74
0
49
-3.0
74
0
0
LTYPE
5
97
330
5
100
AcDbSymbolTableRecord
100
AcDbLinetypeTableRecord
2
ACAD_ISO09W100
70
0
3
ISO long-dash double-short-dash ____ __ __ ____
72
65
73
6
40
45.0
49
24.0
74
0
49
-3.0
74
0
49
6.0
74
0
49
-3.0
74
0
49
6.0
74
0
49
-3.0
74
0
0
LTYPE
5
98
330
5
100
AcDbSymbolTableRecord
100
AcDbLinetypeTableRecord
2
ACAD_ISO10W100
70
0
3
ISO dash dot __ . __ . __ . __ . __ . __ . __ .
72
65
73
4
40
18.0
49
12.0
74
0
49
-3.0
74
0
49
0.0
74
0
49
-3.0
74
0
0
LTYPE
5
99
330
5
100
AcDbSymbolTableRecord
100
AcDbLinetypeTableRecord
2
ACAD_ISO11W100
70
0
3
ISO double-dash dot __ __ . __ __ . __ __ . __ 
72
65
73
6
40
33.0
49
12.0
74
0
49
-3.0
74
0
49
12.0
74
0
49
-3.0
74
0
49
0.0
74
0
49
-3.0
74
0
0
LTYPE
5
9A
330
5
100
AcDbSymbolTableRecord
100
AcDbLinetypeTableRecord
2
ACAD_ISO12W100
70
0
3
ISO dash double-dot __ . . __ . . __ . . __ . .
72
65
73
6
40
21.0
49
12.0
74
0
49
-3.0
74
0
49
0.0
74
0
49
-3.0
74
0
49
0.0
74
0
49
-3.0
74
0
0
LTYPE
5
9B
330
5
100
AcDbSymbolTableRecord
100
AcDbLinetypeTableRecord
2
ACAD_ISO13W100
70
0
3
ISO double-dash double-dot __ __ . . __ __ . . 
72
65
73
8
40
36.0
49
12.0
74
0
49
-3.0
74
0
49
12.0
74
0
49
-3.0
74
0
49
0.0
74
0
49
-3.0
74
0
49
0.0
74
0
49
-3.0
74
0
0
LTYPE
5
9C
330
5
100
AcDbSymbolTableRecord
100
AcDbLinetypeTableRecord
2
ACAD_ISO14W100
70
0
3
ISO dash triple-dot __ . . . __ . . . __ . . . 
72
65
73
8
40
24.0
49
12.0
74
0
49
-3.0
74
0
49
0.0
74
0
49
-3.0
74
0
49
0.0
74
0
49
-3.0
74
0
49
0.0
74
0
49
-3.0
74
0
0
LTYPE
5
9D
330
5
100
AcDbSymbolTableRecord
100
AcDbLinetypeTableRecord
2
ACAD_ISO15W100
70
0
3
ISO double-dash triple-dot __ __ . . . __ __ . 
72
65
73
10
40
39.0
49
12.0
74
0
49
-3.0
74
0
49
12.0
74
0
49
-3.0
74
0
49
0.0
74
0
49
-3.0
74
0
49
0.0
74
0
49
-3.0
74
0
49
0.0
74
0
49
-3.0
74
0
0
LTYPE
5
A0
330
5
100
AcDbSymbolTableRecord
100
AcDbLinetypeTableRecord
2
FENCELINE1
70
0
3
Fenceline circle ----0-----0----0-----0----0---
72
65
73
3
40
1.35
49
0.25
74
0
49
-0.1
74
0
49
1.0
74
0
0
LTYPE
5
A1
330
5
100
AcDbSymbolTableRecord
100
AcDbLinetypeTableRecord
2
FENCELINE2
70
0
3
Fenceline square ----[]-----[]----[]-----[]----
72
65
73
3
40
1.35
49
0.25
74
0
49
-0.1
74
0
49
1.0
74
0
0
LTYPE
5
A2
330
5
100
AcDbSymbolTableRecord
100
AcDbLinetypeTableRecord
2
TRACKS
70
0
3
Tracks -|-|-|-|-|-|-|-|-|-|-|-|-|-|-|-|-|-|-|-|
72
65
73
1
40
0.15
49
0.15
74
0
0
LTYPE
5
A3
330
5
100
AcDbSymbolTableRecord
100
AcDbLinetypeTableRecord
2
BATTING
70
0
3
Batting SSSSSSSSSSSSSSSSSSSSSSSSSSSSSSSSSSSSSSS
72
65
73
2
40
0.1001
49
0.0001
74
0
49
-0.1
74
0
0
LTYPE
5
A4
330
5
100
AcDbSymbolTableRecord
100
AcDbLinetypeTableRecord
2
HOT_WATER_SUPPLY
70
0
3
Hot water supply ---- HW ---- HW ---- HW ----
72
65
73
3
40
0.9
49
0.5
74
0
49
-0.2
74
2
75
0
340
55
46
0.1
50
0.0
44
-0.1
45
-0.05
9
HW
49
-0.2
74
0
0
LTYPE
5
A5
330
5
100
AcDbSymbolTableRecord
100
AcDbLinetypeTableRecord
2
GAS_LINE
70
0
3
Gas line ----GAS----GAS----GAS----GAS----GAS---
72
65
73
3
40
0.95
49
0.5
74
0
49
-0.2
74
2
75
0
340
55
46
0.1
50
0.0
44
-0.1
45
-0.05
9
GAS
49
-0.25
74
0
0
LTYPE
5
A6
330
5
100
AcDbSymbolTableRecord
100
AcDbLinetypeTableRecord
2
ZIGZAG
70
0
3
Zig zag /\/\/\/\/\/\/\/\/\/\/\/\/\/\/\/\/\/\/\/
72
65
73
2
40
0.2001
49
0.0001
74
0
49
-0.2
74
0
0
ENDTAB
0
TABLE
2
LAYER
5
2
102
{ACAD_XDICTIONARY
360
907
102
}
330
0
100
AcDbSymbolTable
70
4
0
LAYER
5
54
330
2
100
AcDbSymbolTableRecord
100
AcDbLayerTableRecord
2
0
70
0
62
7
6
Continuous
290
1
370
-3
390
0
0
LAYER
5
A7
330
2
100
AcDbSymbolTableRecord
100
AcDbLayerTableRecord
2
IV_INTERIOR_PROFILES
70
0
62
7
6
Continuous
290
1
370
50
390
0
0
LAYER
5
A8
330
2
100
AcDbSymbolTableRecord
100
AcDbLayerTableRecord
2
IV_OUTER_PROFILE
70
0
62
7
6
Continuous
290
1
370
50
390
0
0
LAYER
5
A9
330
2
100
AcDbSymbolTableRecord
100
AcDbLayerTableRecord
2
IV_BEND_DOWN
70
0
62
30
6
Continuous
290
1
370
50
390
0
0
ENDTAB
0
TABLE
2
STYLE
5
3
330
0
100
AcDbSymbolTable
70
2
0
STYLE
5
55
330
3
100
AcDbSymbolTableRecord
100
AcDbTextStyleTableRecord
2
Standard
3
txt.SHX
70
0
71
0
40
0.0
41
1.0
42
0.0
50
0.0
0
STYLE
5
5A
330
3
100
AcDbSymbolTableRecord
100
AcDbTextStyleTableRecord
2
Annotative
3
txt.SHX
70
0
71
0
40
0.0
41
1.0
42
0.0
50
0.0
1001
AcadAnnotative
1000
AnnotativeData
1002
{
1070
1
1070
1
1002
}
0
STYLE
5
9F
330
908
100
AcDbSymbolTableRecord
100
AcDbTextStyleTableRecord
2

3
ltypeshp.shx
70
1
40
0.0
41
1.0
42
0.0
50
0.0
0
ENDTAB
0
TABLE
2
DIMSTYLE
5
A
330
0
100
AcDbSymbolTable
70
2
100
AcDbDimStyleTable
0
DIMSTYLE
105
58
330
A
100
AcDbSymbolTableRecord
100
AcDbDimStyleTableRecord
2
Standard
3

4

40
1.0
41
0.18
42
0.0625
43
0.38
44
0.18
45
0.0
46
0.0
47
0.0
48
0.0
49
1.0
70
0
71
0
72
0
73
0
74
0
75
0
76
0
77
0
78
0
79
3
140
0.18
141
0.09
143
25.4
144
1.0
146
1.0
147
0.09
148
0.0
170
0
171
2
172
0
174
0
175
0
176
0
177
0
178
0
179
0
271
4
272
4
273
2
274
2
275
0
276
0
277
2
278
46
279
0
280
0
281
0
282
0
283
1
284
0
285
0
286
0
289
3
290
0
294
0
340
55
173
0
345
5B
346
5B
347
5B
371
-2
372
-2
0
DIMSTYLE
105
59
330
A
100
AcDbSymbolTableRecord
100
AcDbDimStyleTableRecord
2
Annotative
3

4

40
1.0
41
0.18
42
0.0625
43
0.38
44
0.18
45
0.0
46
0.0
47
0.0
48
0.0
49
1.0
70
0
71
0
72
0
73
0
74
0
75
0
76
0
77
0
78
0
79
3
140
0.18
141
0.09
143
25.4
144
1.0
146
1.0
147
0.09
148
0.0
170
0
171
2
172
0
174
0
175
0
176
0
177
0
178
0
179
0
271
4
272
4
273
2
274
2
275
0
276
0
277
2
278
46
279
0
280
0
281
0
282
0
283
1
284
0
285
0
286
0
289
3
290
0
294
0
340
55
173
0
345
5B
346
5B
347
5B
371
-2
372
-2
1001
AcadAnnotative
1000
AnnotativeData
1002
{
1070
1
1070
1
1002
}
0
ENDTAB
0
TABLE
2
VIEW
5
6
330
0
100
AcDbSymbolTable
70
0
0
ENDTAB
0
TABLE
2
UCS
5
7
330
0
100
AcDbSymbolTable
70
0
0
ENDTAB
0
TABLE
2
BLOCK_RECORD
5
1
330
0
100
AcDbSymbolTable
70
3
0
BLOCK_RECORD
5
70
330
1
100
AcDbSymbolTableRecord
100
AcDbBlockTableRecord
2
*Model_Space
340
73
0
BLOCK_RECORD
5
6C
330
1
100
AcDbSymbolTableRecord
100
AcDbBlockTableRecord
2
*Paper_Space
340
6F
0
BLOCK_RECORD
5
74
330
1
100
AcDbSymbolTableRecord
100
AcDbBlockTableRecord
2
*Paper_Space0
340
77
0
ENDTAB
0
ENDSEC
0
SECTION
2
BLOCKS
0
BLOCK
5
71
330
70
100
AcDbEntity
67
0
8
0
100
AcDbBlockBegin
2
*Model_Space
70
0
10
0.0
20
0.0
30
0.0
3
*Model_Space
4

0
ENDBLK
5
72
330
70
100
AcDbEntity
8
0
100
AcDbBlockEnd
0
BLOCK
5
6D
330
6C
100
AcDbEntity
67
1
8
0
100
AcDbBlockBegin
2
*Paper_Space
70
0
10
0.0
20
0.0
30
0.0
3
*Paper_Space
4

0
ENDBLK
5
6E
330
6C
100
AcDbEntity
8
0
100
AcDbBlockEnd
0
BLOCK
5
75
330
74
100
AcDbEntity
67
1
8
0
100
AcDbBlockBegin
2
*Paper_Space0
70
0
10
0.0
20
0.0
30
0.0
3
*Paper_Space0
4

0
VIEWPORT
5
90F
330
74
100
AcDbEntity
67
1
8
0
62
256
6
ByLayer
370
-1
48
1.0
60
0
100
AcDbViewport
10
0.0
20
0.0
30
0.0
40
297.0
41
210.0
68
1
69
1
12
50.0
22
100.0
13
0.0
23
0.0
14
10.0
24
10.0
15
10.0
25
10.0
16
0.0
26
0.0
36
1.0
17
0.0
27
0.0
37
0.0
42
50.0
43
0.0
44
0.0
45
250.0
50
0.0
51
0.0
72
1000
90
819232
110
0.0
120
0.0
130
0.0
111
1.0
121
0.0
131
0.0
112
0.0
122
1.0
132
0.0
0
ENDBLK
5
76
330
74
100
AcDbEntity
8
0
100
AcDbBlockEnd
0
ENDSEC
0
SECTION
2
ENTITIES
0
VIEWPORT
5
90E
330
6C
100
AcDbEntity
67
1
8
0
62
256
6
ByLayer
370
-1
48
1.0
60
0
100
AcDbViewport
10
0.0
20
0.0
30
0.0
40
297.0
41
210.0
68
1
69
1
12
50.0
22
100.0
13
0.0
23
0.0
14
10.0
24
10.0
15
10.0
25
10.0
16
0.0
26
0.0
36
1.0
17
0.0
27
0.0
37
0.0
42
50.0
43
0.0
44
0.0
45
250.0
50
0.0
51
0.0
72
1000
90
819232
110
0.0
120
0.0
130
0.0
111
1.0
121
0.0
131
0.0
112
0.0
122
1.0
132
0.0
0
LINE
5
AA
330
70
100
AcDbEntity
67
0
8
IV_BEND_DOWN
62
256
6
ByLayer
370
-1
48
1.0
60
0
100
AcDbLine
10
1873.87917431536
20
0.0000001000006478
30
0.0
11
1873.87917431536
21
1700.0000001
31
0.0
39
0.0
210
0.0
220
0.0
230
1.0
0
ARC
5
AC
330
70
100
AcDbEntity
67
0
8
IV_INTERIOR_PROFILES
62
256
6
ByLayer
370
-1
48
1.0
60
0
100
AcDbCircle
39
0.0
10
623.75752035787
20
376.457254563747
30
0.0
40
1058.66995021413
210
0.0
220
0.0
230
1.0
100
AcDbArc
50
84.5282922502727
51
84.8676809447359
0
ARC
5
AD
330
70
100
AcDbEntity
67
0
8
IV_INTERIOR_PROFILES
62
256
6
ByLayer
370
-1
48
1.0
60
0
100
AcDbCircle
39
0.0
10
623.930150956483
20
378.337818870032
30
0.0
40
1056.78148267633
210
0.0
220
0.0
230
1.0
100
AcDbArc
50
84.8678821172229
51
85.2076962497744
0
ARC
5
AE
330
70
100
AcDbEntity
67
0
8
IV_INTERIOR_PROFILES
62
256
6
ByLayer
370
-1
48
1.0
60
0
100
AcDbCircle
39
0.0
10
624.081906879478
20
380.106167684722
30
0.0
40
1055.00663756011
210
0.0
220
0.0
230
1.0
100
AcDbArc
50
85.2078858125895
51
85.5481022229462
0
ARC
5
AF
330
70
100
AcDbEntity
67
0
8
IV_INTERIOR_PROFILES
62
256
6
ByLayer
370
-1
48
1.0
60
0
100
AcDbCircle
39
0.0
10
624.214127994869
20
381.762295582871
30
0.0
40
1053.34524316732
210
0.0
220
0.0
230
1.0
100
AcDbArc
50
85.5482800936607
51
85.8888754532511
0
ARC
5
B0
330
70
100
AcDbEntity
67
0
8
IV_INTERIOR_PROFILES
62
256
6
ByLayer
370
-1
48
1.0
60
0
100
AcDbCircle
39
0.0
10
624.32815454451
20
383.306196709655
30
0.0
40
1051.79713999498
210
0.0
220
0.0
230
1.0
100
AcDbArc
50
85.8890415540737
51
86.2299923751127
0
ARC
5
B1
330
70
100
AcDbEntity
67
0
8
IV_INTERIOR_PROFILES
62
256
6
ByLayer
370
-1
48
1.0
60
0
100
AcDbCircle
39
0.0
10
624.425327209846
20
384.737865620694
30
0.0
40
1050.36217992941
210
0.0
220
0.0
230
1.0
100
AcDbArc
50
86.2301466329742
51
86.5714292779752
0
ARC
5
B2
330
70
100
AcDbEntity
67
0
8
IV_INTERIOR_PROFILES
62
256
6
ByLayer
370
-1
48
1.0
60
0
100
AcDbCircle
39
0.0
10
624.506987060501
20
386.057296595177
30
0.0
40
1049.04022697014
210
0.0
220
0.0
230
1.0
100
AcDbArc
50
86.57157162458
51
86.9131623158001
0
ARC
5
B3
330
70
100
AcDbEntity
67
0
8
IV_INTERIOR_PROFILES
62
256
6
ByLayer
370
-1
48
1.0
60
0
100
AcDbCircle
39
0.0
10
624.574475585917
20
387.264484094456
30
0.0
40
1047.83115680334
210
0.0
220
0.0
230
1.0
100
AcDbArc
50
86.9132926877125
51
87.2551675168939
0
ARC
5
B4
330
70
100
AcDbEntity
67
0
8
IV_INTERIOR_PROFILES
62
256
6
ByLayer
370
-1
48
1.0
60
0
100
AcDbCircle
39
0.0
10
624.6291346711
20
388.359422343629
30
0.0
40
1046.734857252
210
0.0
220
0.0
230
1.0
100
AcDbArc
50
87.255285855613
51
87.5974207937251
0
ARC
5
B5
330
70
100
AcDbEntity
67
0
8
IV_INTERIOR_PROFILES
62
256
6
ByLayer
370
-1
48
1.0
60
0
100
AcDbCircle
39
0.0
10
624.672306622459
20
389.342105812895
30
0.0
40
1045.75122782291
210
0.0
220
0.0
230
1.0
100
AcDbArc
50
87.5975270457446
51
87.9398979530102
0
ARC
5
B6
330
70
100
AcDbEntity
67
0
8
IV_INTERIOR_PROFILES
62
256
6
ByLayer
370
-1
48
1.0
60
0
100
AcDbCircle
39
0.0
10
624.705334148615
20
390.212528859491
30
0.0
40
1044.88018009222
210
0.0
220
0.0
230
1.0
100
AcDbArc
50
87.9399920698502
51
88.2825747057729
0
ARC
5
B7
330
70
100
AcDbEntity
67
0
8
IV_INTERIOR_PROFILES
62
256
6
ByLayer
370
-1
48
1.0
60
0
100
AcDbCircle
39
0.0
10
624.729560365913
20
390.970685804778
30
0.0
40
1044.12163765303
210
0.0
220
0.0
230
1.0
100
AcDbArc
50
88.2826566440572
51
88.6254266775801
0
ARC
5
B8
330
70
100
AcDbEntity
67
0
8
IV_INTERIOR_PROFILES
62
256
6
ByLayer
370
-1
48
1.0
60
0
100
AcDbCircle
39
0.0
10
624.746328799397
20
391.616570930483
30
0.0
40
1043.47553614193
210
0.0
220
0.0
230
1.0
100
AcDbArc
50
88.6254963990929
51
88.9684294188527
0
ARC
5
B9
330
70
100
AcDbEntity
67
0
8
IV_INTERIOR_PROFILES
62
256
6
ByLayer
370
-1
48
1.0
60
0
100
AcDbCircle
39
0.0
10
624.756983386755
20
392.150178663926
30
0.0
40
1042.9418230744
210
0.0
220
0.0
230
1.0
100
AcDbArc
50
88.9684868905598
51
89.3115584152879
0
ARC
5
BA
330
70
100
AcDbEntity
67
0
8
IV_INTERIOR_PROFILES
62
256
6
ByLayer
370
-1
48
1.0
60
0
100
AcDbCircle
39
0.0
10
624.762868471689
20
392.571503320124
30
0.0
40
1042.52045812136
210
0.0
220
0.0
230
1.0
100
AcDbArc
50
89.3116036093687
51
89.6547890982822
0
ARC
5
BB
330
70
100
AcDbEntity
67
0
8
IV_INTERIOR_PROFILES
62
256
6
ByLayer
370
-1
48
1.0
60
0
100
AcDbCircle
39
0.0
10
624.765328807601
20
392.880539229381
30
0.0
40
1042.21141299788
210
0.0
220
0.0
230
1.0
100
AcDbArc
50
89.6548219921706
51
89.9980968554685
0
ARC
5
BC
330
70
100
AcDbEntity
67
0
8
IV_INTERIOR_PROFILES
62
256
6
ByLayer
370
-1
48
1.0
60
0
100
AcDbCircle
39
0.0
10
624.765709557215
20
393.077280719483
30
0.0
40
1042.01467149531
210
0.0
220
0.0
230
1.0
100
AcDbArc
50
89.998117431876
51
90.3414570412834
0
ARC
5
BD
330
70
100
AcDbEntity
67
0
8
IV_INTERIOR_PROFILES
62
256
6
ByLayer
370
-1
48
1.0
60
0
100
AcDbCircle
39
0.0
10
624.76535629226
20
393.161722162047
30
0.0
40
1041.93022944699
210
0.0
220
0.0
230
1.0
100
AcDbArc
50
90.3414652882108
51
90.6848449875782
0
ARC
5
BE
330
70
100
AcDbEntity
67
0
8
IV_INTERIOR_PROFILES
62
256
6
ByLayer
370
-1
48
1.0
60
0
100
AcDbCircle
39
0.0
10
624.76561499589
20
393.133857719432
30
0.0
40
1041.9580949913
210
0.0
220
0.0
230
1.0
100
AcDbArc
50
90.6848408983522
51
91.028236014203
0
ARC
5
BF
330
70
100
AcDbEntity
67
0
8
IV_INTERIOR_PROFILES
62
256
6
ByLayer
370
-1
48
1.0
60
0
100
AcDbCircle
39
0.0
10
624.767832057589
20
392.993681890025
30
0.0
40
1042.09828803414
210
0.0
220
0.0
230
1.0
100
AcDbArc
50
91.0282195874643
51
91.3716054397391
0
ARC
5
C0
330
70
100
AcDbEntity
67
0
8
IV_INTERIOR_PROFILES
62
256
6
ByLayer
370
-1
48
1.0
60
0
100
AcDbCircle
39
0.0
10
624.773354279705
20
392.741188890102
30
0.0
40
1042.35084087268
210
0.0
220
0.0
230
1.0
100
AcDbArc
50
91.3715766794316
51
91.7149285920373
0
ARC
5
C1
330
70
100
AcDbEntity
67
0
8
IV_INTERIOR_PROFILES
62
256
6
ByLayer
370
-1
48
1.0
60
0
100
AcDbCircle
39
0.0
10
624.783528872458
20
392.376373062778
30
0.0
40
1042.7157977898
210
0.0
220
0.0
230
1.0
100
AcDbArc
50
91.7148875074292
51
92.0581808189177
0
ARC
5
C2
330
70
100
AcDbEntity
67
0
8
IV_INTERIOR_PROFILES
62
256
6
ByLayer
370
-1
48
1.0
60
0
100
AcDbCircle
39
0.0
10
624.799703457311
20
391.899228694361
30
0.0
40
1043.19321523905
210
0.0
220
0.0
230
1.0
100
AcDbArc
50
92.0581274245807
51
92.4013374987516
0
ARC
5
C3
330
70
100
AcDbEntity
67
0
8
IV_INTERIOR_PROFILES
62
256
6
ByLayer
370
-1
48
1.0
60
0
100
AcDbCircle
39
0.0
10
624.823226065762
20
391.309750077616
30
0.0
40
1043.78316178041
210
0.0
220
0.0
230
1.0
100
AcDbArc
50
92.4012718145483
51
92.7443740510453
0
ARC
5
C4
330
70
100
AcDbEntity
67
0
8
IV_INTERIOR_PROFILES
62
256
6
ByLayer
370
-1
48
1.0
60
0
100
AcDbCircle
39
0.0
10
624.855445139051
20
390.607931515561
30
0.0
40
1044.48571807345
210
0.0
220
0.0
230
1.0
100
AcDbArc
50
92.7442961021093
51
93.087265946979
0
ARC
5
C5
330
70
100
AcDbEntity
67
0
8
IV_INTERIOR_PROFILES
62
256
6
ByLayer
370
-1
48
1.0
60
0
100
AcDbCircle
39
0.0
10
624.89770953234
20
389.79376724095
30
0.0
40
1045.30097695264
210
0.0
220
0.0
230
1.0
100
AcDbArc
50
93.0871757636919
51
93.4299887198665
0
ARC
5
C6
330
70
100
AcDbEntity
67
0
8
IV_INTERIOR_PROFILES
62
256
6
ByLayer
370
-1
48
1.0
60
0
100
AcDbCircle
39
0.0
10
624.951368502863
20
388.867251639527
30
0.0
40
1046.22904319641
210
0.0
220
0.0
230
1.0
100
AcDbArc
50
93.4298863378151
51
93.7725179756078
0
ARC
5
C7
330
70
100
AcDbEntity
67
0
8
IV_INTERIOR_PROFILES
62
256
6
ByLayer
370
-1
48
1.0
60
0
100
AcDbCircle
39
0.0
10
625.017771726951
20
387.828378935203
30
0.0
40
1047.27003383285
210
0.0
220
0.0
230
1.0
100
AcDbArc
50
93.7724034355421
51
94.1148294029661
0
ARC
5
C8
330
70
100
AcDbEntity
67
0
8
IV_INTERIOR_PROFILES
62
256
6
ByLayer
370
-1
48
1.0
60
0
100
AcDbCircle
39
0.0
10
625.098269287133
20
386.677143427974
30
0.0
40
1048.42407788973
210
0.0
220
0.0
230
1.0
100
AcDbArc
50
94.1147027507726
51
94.4568987838558
0
ARC
5
C9
330
70
100
AcDbEntity
67
0
8
IV_INTERIOR_PROFILES
62
256
6
ByLayer
370
-1
48
1.0
60
0
100
AcDbCircle
39
0.0
10
625.272867947568
20
384.321027152803
30
0.0
40
1050.78663739113
210
0.0
220
0.0
230
1.0
100
AcDbArc
50
94.4564068959783
51
94.7979921373469
0
ARC
5
CA
330
70
100
AcDbEntity
67
0
8
IV_INTERIOR_PROFILES
62
256
6
ByLayer
370
-1
48
1.0
60
0
100
AcDbCircle
39
0.0
10
626.095721046723
20
374.238967677501
30
0.0
40
1060.90219331743
210
0.0
220
0.0
230
1.0
100
AcDbArc
50
94.7967325256371
51
95.1352286973517
0
ARC
5
CB
330
70
100
AcDbEntity
67
0
8
IV_INTERIOR_PROFILES
62
256
6
ByLayer
370
-1
48
1.0
60
0
100
AcDbCircle
39
0.0
10
626.392104808994
20
370.866277234381
30
0.0
40
1064.28787487695
210
0.0
220
0.0
230
1.0
100
AcDbArc
50
95.1348688513451
51
95.472466956365
0
LINE
5
CC
330
70
100
AcDbEntity
67
0
8
IV_INTERIOR_PROFILES
62
256
6
ByLayer
370
-1
48
1.0
60
0
100
AcDbLine
10
524.893725060303
20
1295.15486411821
30
0.0
11
524.893725060303
21
1433.71892872372
31
0.0
39
0.0
210
0.0
220
0.0
230
1.0
0
ARC
5
CD
330
70
100
AcDbEntity
67
0
8
IV_INTERIOR_PROFILES
62
256
6
ByLayer
370
-1
48
1.0
60
0
100
AcDbCircle
39
0.0
10
623.753543164043
20
251.889636036601
30
0.0
40
1048.13823935286
210
0.0
220
0.0
230
1.0
100
AcDbArc
50
84.4729237077437
51
84.8157525362061
0
ARC
5
CE
330
70
100
AcDbEntity
67
0
8
IV_INTERIOR_PROFILES
62
256
6
ByLayer
370
-1
48
1.0
60
0
100
AcDbCircle
39
0.0
10
623.928062600486
20
253.771627480971
30
0.0
40
1046.24817725486
210
0.0
220
0.0
230
1.0
100
AcDbArc
50
84.8159579572126
51
85.1592194887533
0
ARC
5
CF
330
70
100
AcDbEntity
67
0
8
IV_INTERIOR_PROFILES
62
256
6
ByLayer
370
-1
48
1.0
60
0
100
AcDbCircle
39
0.0
10
624.081386757727
20
255.540271457271
30
0.0
40
1044.47290337335
210
0.0
220
0.0
230
1.0
100
AcDbArc
50
85.1594129421321
51
85.5030833010007
0
ARC
5
D0
330
70
100
AcDbEntity
67
0
8
IV_INTERIOR_PROFILES
62
256
6
ByLayer
370
-1
48
1.0
60
0
100
AcDbCircle
39
0.0
10
624.214883158568
20
257.195562854664
30
0.0
40
1042.81224086051
210
0.0
220
0.0
230
1.0
100
AcDbArc
50
85.5032647012363
51
85.8473198371163
0
ARC
5
D1
330
70
100
AcDbEntity
67
0
8
IV_INTERIOR_PROFILES
62
256
6
ByLayer
370
-1
48
1.0
60
0
100
AcDbCircle
39
0.0
10
624.329919697704
20
258.73749648373
30
0.0
40
1041.26602507838
210
0.0
220
0.0
230
1.0
100
AcDbArc
50
85.8474891035587
51
86.1919048012394
0
ARC
5
D2
330
70
100
AcDbEntity
67
0
8
IV_INTERIOR_PROFILES
62
256
6
ByLayer
370
-1
48
1.0
60
0
100
AcDbCircle
39
0.0
10
624.427864648237
20
260.166067140432
30
0.0
40
1039.83410357256
210
0.0
220
0.0
230
1.0
100
AcDbArc
50
86.1920618582084
51
86.5368137474528
0
ARC
5
D3
330
70
100
AcDbEntity
67
0
8
IV_INTERIOR_PROFILES
62
256
6
ByLayer
370
-1
48
1.0
60
0
100
AcDbCircle
39
0.0
10
624.510086664182
20
261.481269643103
30
0.0
40
1038.51633607106
210
0.0
220
0.0
230
1.0
100
AcDbArc
50
86.5369585243134
51
86.8820220899033
0
ARC
5
D4
330
70
100
AcDbEntity
67
0
8
IV_INTERIOR_PROFILES
62
256
6
ByLayer
370
-1
48
1.0
60
0
100
AcDbCircle
39
0.0
10
624.577954783308
20
262.683098901326
30
0.0
40
1037.31259444914
210
0.0
220
0.0
230
1.0
100
AcDbArc
50
86.88215452112
51
87.2275051130788
0
ARC
5
D5
330
70
100
AcDbEntity
67
0
8
IV_INTERIOR_PROFILES
62
256
6
ByLayer
370
-1
48
1.0
60
0
100
AcDbCircle
39
0.0
10
624.632838407963
20
263.771549553593
30
0.0
40
1036.22276312379
210
0.0
220
0.0
230
1.0
100
AcDbArc
50
87.2276251383168
51
87.5732379821565
0
ARC
5
D6
330
70
100
AcDbEntity
67
0
8
IV_INTERIOR_PROFILES
62
256
6
ByLayer
370
-1
48
1.0
60
0
100
AcDbCircle
39
0.0
10
624.67610733809
20
264.746616596729
30
0.0
40
1035.24673845295
210
0.0
220
0.0
230
1.0
100
AcDbArc
50
87.5733455463341
51
87.9191957536458
0
ARC
5
D7
330
70
100
AcDbEntity
67
0
8
IV_INTERIOR_PROFILES
62
256
6
ByLayer
370
-1
48
1.0
60
0
100
AcDbCircle
39
0.0
10
624.709131740061
20
265.608294778267
30
0.0
40
1034.38442937123
210
0.0
220
0.0
230
1.0
100
AcDbArc
50
87.9192908069705
51
88.2653533859354
0
ARC
5
D8
330
70
100
AcDbEntity
67
0
8
IV_INTERIOR_PROFILES
62
256
6
ByLayer
370
-1
48
1.0
60
0
100
AcDbCircle
39
0.0
10
624.733282159489
20
266.356578788405
30
0.0
40
1033.63575722271
210
0.0
220
0.0
230
1.0
100
AcDbArc
50
88.2654358840096
51
88.6116857500863
0
ARC
5
D9
330
70
100
AcDbEntity
67
0
8
IV_INTERIOR_PROFILES
62
256
6
ByLayer
370
-1
48
1.0
60
0
100
AcDbCircle
39
0.0
10
624.749929530189
20
266.991463599522
30
0.0
40
1033.00065544428
210
0.0
220
0.0
230
1.0
100
AcDbArc
50
88.6117556539196
51
88.9581676407457
0
ARC
5
DA
330
70
100
AcDbEntity
67
0
8
IV_INTERIOR_PROFILES
62
256
6
ByLayer
370
-1
48
1.0
60
0
100
AcDbCircle
39
0.0
10
624.760445157552
20
267.512943934304
30
0.0
40
1032.4790701184
210
0.0
220
0.0
230
1.0
100
AcDbArc
50
88.9582249167891
51
89.304773786994
0
ARC
5
DB
330
70
100
AcDbEntity
67
0
8
IV_INTERIOR_PROFILES
62
256
6
ByLayer
370
-1
48
1.0
60
0
100
AcDbCircle
39
0.0
10
624.766200727927
20
267.921014471156
30
0.0
40
1032.07095978605
210
0.0
220
0.0
230
1.0
100
AcDbArc
50
89.304818407223
51
89.6514788633868
0
ARC
5
DC
330
70
100
AcDbEntity
67
0
8
IV_INTERIOR_PROFILES
62
256
6
ByLayer
370
-1
48
1.0
60
0
100
AcDbCircle
39
0.0
10
624.768568311197
20
268.215670215202
30
0.0
40
1031.77629509187
210
0.0
220
0.0
230
1.0
100
AcDbArc
50
89.6515108052893
51
89.9982575010921
0
ARC
5
DD
330
70
100
AcDbEntity
67
0
8
IV_INTERIOR_PROFILES
62
256
6
ByLayer
370
-1
48
1.0
60
0
100
AcDbCircle
39
0.0
10
624.768920353074
20
268.396905747464
30
0.0
40
1031.59505954905
210
0.0
220
0.0
230
1.0
100
AcDbArc
50
89.9982767477052
51
90.3450842988781
0
ARC
5
DE
330
70
100
AcDbEntity
67
0
8
IV_INTERIOR_PROFILES
62
256
6
ByLayer
370
-1
48
1.0
60
0
100
AcDbCircle
39
0.0
10
624.768629680644
20
268.464716026172
30
0.0
40
1031.52724874958
210
0.0
220
0.0
230
1.0
100
AcDbArc
50
90.3450908388117
51
90.6919338343982
0
ARC
5
DF
330
70
100
AcDbEntity
67
0
8
IV_INTERIOR_PROFILES
62
256
6
ByLayer
370
-1
48
1.0
60
0
100
AcDbCircle
39
0.0
10
624.769069500961
20
268.419095732573
30
0.0
40
1031.57287102791
210
0.0
220
0.0
230
1.0
100
AcDbArc
50
90.6919276618366
51
91.0387806752639
0
ARC
5
E0
330
70
100
AcDbEntity
67
0
8
IV_INTERIOR_PROFILES
62
256
6
ByLayer
370
-1
48
1.0
60
0
100
AcDbCircle
39
0.0
10
624.771613401335
20
268.260039645351
30
0.0
40
1031.73194709362
210
0.0
220
0.0
230
1.0
100
AcDbArc
50
91.0387617899927
51
91.3855993902854
0
ARC
5
E1
330
70
100
AcDbEntity
67
0
8
IV_INTERIOR_PROFILES
62
256
6
ByLayer
370
-1
48
1.0
60
0
100
AcDbCircle
39
0.0
10
624.777635347947
20
267.987542589532
30
0.0
40
1032.00451008734
210
0.0
220
0.0
230
1.0
100
AcDbArc
50
91.3855677976761
51
91.7323645606585
0
ARC
5
E2
330
70
100
AcDbEntity
67
0
8
IV_INTERIOR_PROFILES
62
256
6
ByLayer
370
-1
48
1.0
60
0
100
AcDbCircle
39
0.0
10
624.788509691299
20
267.601599226148
30
0.0
40
1032.39060579371
210
0.0
220
0.0
230
1.0
100
AcDbArc
50
91.7323202716734
51
92.0790507910927
0
ARC
5
E3
330
70
100
AcDbEntity
67
0
8
IV_INTERIOR_PROFILES
62
256
6
ByLayer
370
-1
48
1.0
60
0
100
AcDbCircle
39
0.0
10
624.805611157593
20
267.102204400324
30
0.0
40
1032.89029229343
210
0.0
220
0.0
230
1.0
100
AcDbArc
50
92.0789938222746
51
92.425632721022
0
ARC
5
E4
330
70
100
AcDbEntity
67
0
8
IV_INTERIOR_PROFILES
62
256
6
ByLayer
370
-1
48
1.0
60
0
100
AcDbCircle
39
0.0
10
624.83031485629
20
266.489352850433
30
0.0
40
1033.50364025219
210
0.0
220
0.0
230
1.0
100
AcDbArc
50
92.4255630944588
51
92.7720850356604
0
ARC
5
E5
330
70
100
AcDbEntity
67
0
8
IV_INTERIOR_PROFILES
62
256
6
ByLayer
370
-1
48
1.0
60
0
100
AcDbCircle
39
0.0
10
624.863996270409
20
265.763039460713
30
0.0
40
1034.23073266357
210
0.0
220
0.0
230
1.0
100
AcDbArc
50
92.7720027789566
51
93.1183824771054
0
ARC
5
E6
330
70
100
AcDbEntity
67
0
8
IV_INTERIOR_PROFILES
62
256
6
ByLayer
370
-1
48
1.0
60
0
100
AcDbCircle
39
0.0
10
624.908031277514
20
264.923258818264
30
0.0
40
1035.07166528592
210
0.0
220
0.0
230
1.0
100
AcDbArc
50
93.118287623373
51
93.4644998552557
0
ARC
5
E7
330
70
100
AcDbEntity
67
0
8
IV_INTERIOR_PROFILES
62
256
6
ByLayer
370
-1
48
1.0
60
0
100
AcDbCircle
39
0.0
10
624.963796128362
20
263.970005691069
30
0.0
40
1036.02654615509
210
0.0
220
0.0
230
1.0
100
AcDbArc
50
93.4643924430979
51
93.8104120588143
0
ARC
5
E8
330
70
100
AcDbEntity
67
0
8
IV_INTERIOR_PROFILES
62
256
6
ByLayer
370
-1
48
1.0
60
0
100
AcDbCircle
39
0.0
10
625.032667453508
20
262.903274854658
30
0.0
40
1037.09549574671
210
0.0
220
0.0
230
1.0
100
AcDbArc
50
93.8102921322526
51
94.156094066096
0
ARC
5
E9
330
70
100
AcDbEntity
67
0
8
IV_INTERIOR_PROFILES
62
256
6
ByLayer
370
-1
48
1.0
60
0
100
AcDbCircle
39
0.0
10
625.116022260787
20
261.723061122436
30
0.0
40
1038.27864693249
210
0.0
220
0.0
230
1.0
100
AcDbArc
50
94.1559616745139
51
94.5015209557708
0
ARC
5
EA
330
70
100
AcDbEntity
67
0
8
IV_INTERIOR_PROFILES
62
256
6
ByLayer
370
-1
48
1.0
60
0
100
AcDbCircle
39
0.0
10
625.219747922126
20
260.287583667493
30
0.0
40
1039.71783730706
210
0.0
220
0.0
230
1.0
100
AcDbArc
50
94.5010107440034
51
94.84625525963
0
ARC
5
EB
330
70
100
AcDbEntity
67
0
8
IV_INTERIOR_PROFILES
62
256
6
ByLayer
370
-1
48
1.0
60
0
100
AcDbCircle
39
0.0
10
626.108390730118
20
249.523771490244
30
0.0
40
1050.51824350173
210
0.0
220
0.0
230
1.0
100
AcDbArc
50
94.844952526107
51
95.186820609602
0
ARC
5
EC
330
70
100
AcDbEntity
67
0
8
IV_INTERIOR_PROFILES
62
256
6
ByLayer
370
-1
48
1.0
60
0
100
AcDbCircle
39
0.0
10
626.407354283215
20
246.155742752943
30
0.0
40
1053.89950827539
210
0.0
220
0.0
230
1.0
100
AcDbArc
50
95.186454065114
51
95.5274094813648
0
LINE
5
ED
330
70
100
AcDbEntity
67
0
8
IV_INTERIOR_PROFILES
62
256
6
ByLayer
370
-1
48
1.0
60
0
100
AcDbLine
10
724.706169031573
20
1433.71892872372
30
0.0
11
724.706169031573
21
1295.15486411821
31
0.0
39
0.0
210
0.0
220
0.0
230
1.0
0
ARC
5
EE
330
70
100
AcDbEntity
67
0
8
IV_INTERIOR_PROFILES
62
256
6
ByLayer
370
-1
48
1.0
60
0
100
AcDbCircle
39
0.0
10
1563.71376790065
20
1299.99857841887
30
0.0
40
43.574777414137
210
0.0
220
0.0
230
1.0
100
AcDbArc
50
358.727023666252
51
0.0018693458380437
0
ARC
5
EF
330
70
100
AcDbEntity
67
0
8
IV_INTERIOR_PROFILES
62
256
6
ByLayer
370
-1
48
1.0
60
0
100
AcDbCircle
39
0.0
10
1562.95500291609
20
1300.00987365948
30
0.0
40
44.3336064164551
210
0.0
220
0.0
230
1.0
100
AcDbArc
50
357.472389396292
51
358.734214610979
0
ARC
5
F0
330
70
100
AcDbEntity
67
0
8
IV_INTERIOR_PROFILES
62
256
6
ByLayer
370
-1
48
1.0
60
0
100
AcDbCircle
39
0.0
10
1562.29877597237
20
1300.03408045598
30
0.0
40
44.9902626985497
210
0.0
220
0.0
230
1.0
100
AcDbArc
50
356.226965522104
51
357.478447381218
0
ARC
5
F1
330
70
100
AcDbEntity
67
0
8
IV_INTERIOR_PROFILES
62
256
6
ByLayer
370
-1
48
1.0
60
0
100
AcDbCircle
39
0.0
10
1561.74831642548
20
1300.06642175017
30
0.0
40
45.5416575185477
210
0.0
220
0.0
230
1.0
100
AcDbArc
50
354.988223843395
51
356.23193676788
0
ARC
5
F2
330
70
100
AcDbEntity
67
0
8
IV_INTERIOR_PROFILES
62
256
6
ByLayer
370
-1
48
1.0
60
0
100
AcDbCircle
39
0.0
10
1561.30557900577
20
1300.10208478157
30
0.0
40
45.9858178963942
210
0.0
220
0.0
230
1.0
100
AcDbArc
50
353.753723364968
51
354.992149908628
0
ARC
5
F3
330
70
100
AcDbEntity
67
0
8
IV_INTERIOR_PROFILES
62
256
6
ByLayer
370
-1
48
1.0
60
0
100
AcDbCircle
39
0.0
10
1560.97124943896
20
1300.13630452772
30
0.0
40
46.321885932265
210
0.0
220
0.0
230
1.0
100
AcDbArc
50
352.521100603234
51
353.756641496585
0
ARC
5
F4
330
70
100
AcDbEntity
67
0
8
IV_INTERIOR_PROFILES
62
256
6
ByLayer
370
-1
48
1.0
60
0
100
AcDbCircle
39
0.0
10
1560.74477168962
20
1300.16444348679
30
0.0
40
46.5500996280035
210
0.0
220
0.0
230
1.0
100
AcDbArc
50
351.288060734787
51
352.523044109563
0
ARC
5
F5
330
70
100
AcDbEntity
67
0
8
IV_INTERIOR_PROFILES
62
256
6
ByLayer
370
-1
48
1.0
60
0
100
AcDbCircle
39
0.0
10
1560.62439522413
20
1300.18206638116
30
0.0
40
46.6717565219377
210
0.0
220
0.0
230
1.0
100
AcDbArc
50
350.052369617812
51
351.289059377709
0
ARC
5
F6
330
70
100
AcDbEntity
67
0
8
IV_INTERIOR_PROFILES
62
256
6
ByLayer
370
-1
48
1.0
60
0
100
AcDbCircle
39
0.0
10
1560.60724021175
20
1300.18500858702
30
0.0
40
46.6891618870233
210
0.0
220
0.0
230
1.0
100
AcDbArc
50
348.81184671869
51
350.0524500231
0
ARC
5
F7
330
70
100
AcDbEntity
67
0
8
IV_INTERIOR_PROFILES
62
256
6
ByLayer
370
-1
48
1.0
60
0
100
AcDbCircle
39
0.0
10
1560.68937838737
20
1300.16943731874
30
0.0
40
46.6055634110263
210
0.0
220
0.0
230
1.0
100
AcDbArc
50
347.564358976724
51
348.811032804899
0
ARC
5
F8
330
70
100
AcDbEntity
67
0
8
IV_INTERIOR_PROFILES
62
256
6
ByLayer
370
-1
48
1.0
60
0
100
AcDbCircle
39
0.0
10
1560.86592685527
20
1300.13190488486
30
0.0
40
46.4250747124584
210
0.0
220
0.0
230
1.0
100
AcDbArc
50
346.307815650299
51
347.562672405014
0
ARC
5
F9
330
70
100
AcDbEntity
67
0
8
IV_INTERIOR_PROFILES
62
256
6
ByLayer
370
-1
48
1.0
60
0
100
AcDbCircle
39
0.0
10
1561.13115228991
20
1300.06939353622
30
0.0
40
46.1525898666862
210
0.0
220
0.0
230
1.0
100
AcDbArc
50
345.040164191375
51
346.305276298413
0
ARC
5
FA
330
70
100
AcDbEntity
67
0
8
IV_INTERIOR_PROFILES
62
256
6
ByLayer
370
-1
48
1.0
60
0
100
AcDbCircle
39
0.0
10
1561.47858259849
20
1299.97935174149
30
0.0
40
45.7936915285532
210
0.0
220
0.0
230
1.0
100
AcDbArc
50
343.759387212021
51
345.036790657164
0
ARC
5
FB
330
70
100
AcDbEntity
67
0
8
IV_INTERIOR_PROFILES
62
256
6
ByLayer
370
-1
48
1.0
60
0
100
AcDbCircle
39
0.0
10
1561.90112347509
20
1299.85972189927
30
0.0
40
45.3545548926918
210
0.0
220
0.0
230
1.0
100
AcDbArc
50
342.463500613053
51
343.755197350348
0
ARC
5
FC
330
70
100
AcDbEntity
67
0
8
IV_INTERIOR_PROFILES
62
256
6
ByLayer
370
-1
48
1.0
60
0
100
AcDbCircle
39
0.0
10
1562.39117724862
20
1299.70895973254
30
0.0
40
44.8418497972528
210
0.0
220
0.0
230
1.0
100
AcDbArc
50
341.150552961032
51
342.45851211272
0
ARC
5
FD
330
70
100
AcDbEntity
67
0
8
IV_INTERIOR_PROFILES
62
256
6
ByLayer
370
-1
48
1.0
60
0
100
AcDbCircle
39
0.0
10
1562.94076167547
20
1299.52604578029
30
0.0
40
44.2626430690951
210
0.0
220
0.0
230
1.0
100
AcDbArc
50
339.818626210357
51
341.144783966248
0
ARC
5
FE
330
70
100
AcDbEntity
67
0
8
IV_INTERIOR_PROFILES
62
256
6
ByLayer
370
-1
48
1.0
60
0
100
AcDbCircle
39
0.0
10
1562.81999671674
20
1299.5731679547
30
0.0
40
44.392250589029
210
0.0
220
0.0
230
1.0
100
AcDbArc
50
338.492363658316
51
339.815314293451
0
ARC
5
FF
330
70
100
AcDbEntity
67
0
8
IV_INTERIOR_PROFILES
62
256
6
ByLayer
370
-1
48
1.0
60
0
100
AcDbCircle
39
0.0
10
1562.32048420809
20
1299.76546684807
30
0.0
40
44.9274832231331
210
0.0
220
0.0
230
1.0
100
AcDbArc
50
337.190317065669
51
338.497751796039
0
ARC
5
100
330
70
100
AcDbEntity
67
0
8
IV_INTERIOR_PROFILES
62
256
6
ByLayer
370
-1
48
1.0
60
0
100
AcDbCircle
39
0.0
10
1561.92853066475
20
1299.92686542379
30
0.0
40
45.3513547964759
210
0.0
220
0.0
230
1.0
100
AcDbArc
50
335.899278093381
51
337.194324923382
0
ARC
5
101
330
70
100
AcDbEntity
67
0
8
IV_INTERIOR_PROFILES
62
256
6
ByLayer
370
-1
48
1.0
60
0
100
AcDbCircle
39
0.0
10
1561.60942649285
20
1300.06679460454
30
0.0
40
45.6997813774916
210
0.0
220
0.0
230
1.0
100
AcDbArc
50
334.617922152518
51
335.902502977184
0
ARC
5
102
330
70
100
AcDbEntity
67
0
8
IV_INTERIOR_PROFILES
62
256
6
ByLayer
370
-1
48
1.0
60
0
100
AcDbCircle
39
0.0
10
1561.36606380277
20
1300.1800977077
30
0.0
40
45.9682198312897
210
0.0
220
0.0
230
1.0
100
AcDbArc
50
333.344303189474
51
334.620355352429
0
ARC
5
103
330
70
100
AcDbEntity
67
0
8
IV_INTERIOR_PROFILES
62
256
6
ByLayer
370
-1
48
1.0
60
0
100
AcDbCircle
39
0.0
10
1561.20055756071
20
1300.26170707619
30
0.0
40
46.1527481029143
210
0.0
220
0.0
230
1.0
100
AcDbArc
50
332.076458041816
51
333.345935606748
0
ARC
5
104
330
70
100
AcDbEntity
67
0
8
IV_INTERIOR_PROFILES
62
256
6
ByLayer
370
-1
48
1.0
60
0
100
AcDbCircle
39
0.0
10
1561.11420451925
20
1300.30672329847
30
0.0
40
46.250128125948
210
0.0
220
0.0
230
1.0
100
AcDbArc
50
330.812404111439
51
332.077279858755
0
ARC
5
105
330
70
100
AcDbEntity
67
0
8
IV_INTERIOR_PROFILES
62
256
6
ByLayer
370
-1
48
1.0
60
0
100
AcDbCircle
39
0.0
10
1561.10745309209
20
1300.31049425912
30
0.0
40
46.2578612956005
210
0.0
220
0.0
230
1.0
100
AcDbArc
50
329.550136456729
51
330.812404507761
0
ARC
5
106
330
70
100
AcDbEntity
67
0
8
IV_INTERIOR_PROFILES
62
256
6
ByLayer
370
-1
48
1.0
60
0
100
AcDbCircle
39
0.0
10
1561.17988530888
20
1300.26869254751
30
0.0
40
46.1742349985539
210
0.0
220
0.0
230
1.0
100
AcDbArc
50
328.287624391509
51
329.549303369812
0
ARC
5
107
330
70
100
AcDbEntity
67
0
8
IV_INTERIOR_PROFILES
62
256
6
ByLayer
370
-1
48
1.0
60
0
100
AcDbCircle
39
0.0
10
1561.33021167843
20
1300.17738975096
30
0.0
40
45.9983589290594
210
0.0
220
0.0
230
1.0
100
AcDbArc
50
327.022807677088
51
328.285944319188
0
ARC
5
108
330
70
100
AcDbEntity
67
0
8
IV_INTERIOR_PROFILES
62
256
6
ByLayer
370
-1
48
1.0
60
0
100
AcDbCircle
39
0.0
10
1561.5562796338
20
1300.03312609576
30
0.0
40
45.7301899866628
210
0.0
220
0.0
230
1.0
100
AcDbArc
50
325.753592389664
51
327.020265521892
0
ARC
5
109
330
70
100
AcDbEntity
67
0
8
IV_INTERIOR_PROFILES
62
256
6
ByLayer
370
-1
48
1.0
60
0
100
AcDbCircle
39
0.0
10
1561.85509577254
20
1299.8329740366
30
0.0
40
45.3705449746321
210
0.0
220
0.0
230
1.0
100
AcDbArc
50
324.477846551777
51
325.750171346617
0
ARC
5
10A
330
70
100
AcDbEntity
67
0
8
IV_INTERIOR_PROFILES
62
256
6
ByLayer
370
-1
48
1.0
60
0
100
AcDbCircle
39
0.0
10
1562.22286186736
20
1299.57459444772
30
0.0
40
44.9211005018797
210
0.0
220
0.0
230
1.0
100
AcDbArc
50
323.193395619081
51
324.473528040979
0
ARC
5
10B
330
70
100
AcDbEntity
67
0
8
IV_INTERIOR_PROFILES
62
256
6
ByLayer
370
-1
48
1.0
60
0
100
AcDbCircle
39
0.0
10
1562.62335295509
20
1299.2735695653
30
0.0
40
44.4200936012725
210
0.0
220
0.0
230
1.0
100
AcDbArc
50
321.906138486237
51
323.194786998225
0
ARC
5
10C
330
70
100
AcDbEntity
67
0
8
IV_INTERIOR_PROFILES
62
256
6
ByLayer
370
-1
48
1.0
60
0
100
AcDbCircle
39
0.0
10
1561.5839340106
20
1300.07341404708
30
0.0
40
45.7315843023903
210
0.0
220
0.0
230
1.0
100
AcDbArc
50
320.677283850105
51
321.920913137193
0
ARC
5
10D
330
70
100
AcDbEntity
67
0
8
IV_INTERIOR_PROFILES
62
256
6
ByLayer
370
-1
48
1.0
60
0
100
AcDbCircle
39
0.0
10
1561.7925369693
20
1299.90494865873
30
0.0
40
45.463456947499
210
0.0
220
0.0
230
1.0
100
AcDbArc
50
319.431529002038
51
320.674932031386
0
ARC
5
10E
330
70
100
AcDbEntity
67
0
8
IV_INTERIOR_PROFILES
62
256
6
ByLayer
370
-1
48
1.0
60
0
100
AcDbCircle
39
0.0
10
1561.90680367174
20
1299.80844817435
30
0.0
40
45.3138969248659
210
0.0
220
0.0
230
1.0
100
AcDbArc
50
318.189377528439
51
319.430252602777
0
ARC
5
10F
330
70
100
AcDbEntity
67
0
8
IV_INTERIOR_PROFILES
62
256
6
ByLayer
370
-1
48
1.0
60
0
100
AcDbCircle
39
0.0
10
1561.93028362799
20
1299.78765562327
30
0.0
40
45.2825342991476
210
0.0
220
0.0
230
1.0
100
AcDbArc
50
316.953142523862
51
318.189180623195
0
ARC
5
110
330
70
100
AcDbEntity
67
0
8
IV_INTERIOR_PROFILES
62
256
6
ByLayer
370
-1
48
1.0
60
0
100
AcDbCircle
39
0.0
10
1561.86624006425
20
1299.84652493213
30
0.0
40
45.3695210351184
210
0.0
220
0.0
230
1.0
100
AcDbArc
50
315.725114767895
51
316.954019533585
0
ARC
5
111
330
70
100
AcDbEntity
67
0
8
IV_INTERIOR_PROFILES
62
256
6
ByLayer
370
-1
48
1.0
60
0
100
AcDbCircle
39
0.0
10
1561.71765025687
20
1299.98924990216
30
0.0
40
45.5755477020316
210
0.0
220
0.0
230
1.0
100
AcDbArc
50
314.507543173415
51
315.727050619281
0
ARC
5
112
330
70
100
AcDbEntity
67
0
8
IV_INTERIOR_PROFILES
62
256
6
ByLayer
370
-1
48
1.0
60
0
100
AcDbCircle
39
0.0
10
1562.3883576952
20
1299.30933308631
30
0.0
40
44.620491471185
210
0.0
220
0.0
230
1.0
100
AcDbArc
50
313.259230871566
51
314.505364557818
0
ARC
5
113
330
70
100
AcDbEntity
67
0
8
IV_INTERIOR_PROFILES
62
256
6
ByLayer
370
-1
48
1.0
60
0
100
AcDbCircle
39
0.0
10
1562.82209007278
20
1298.8607909973
30
0.0
40
43.9965998303604
210
0.0
220
0.0
230
1.0
100
AcDbArc
50
311.97625013371
51
313.24818215688
0
ARC
5
114
330
70
100
AcDbEntity
67
0
8
IV_INTERIOR_PROFILES
62
256
6
ByLayer
370
-1
48
1.0
60
0
100
AcDbCircle
39
0.0
10
1562.38080212516
20
1299.34415177871
30
0.0
40
44.6510844963864
210
0.0
220
0.0
230
1.0
100
AcDbArc
50
310.721431005096
51
311.982384617527
0
ARC
5
115
330
70
100
AcDbEntity
67
0
8
IV_INTERIOR_PROFILES
62
256
6
ByLayer
370
-1
48
1.0
60
0
100
AcDbCircle
39
0.0
10
1562.01688087211
20
1299.76080393511
30
0.0
40
45.2042769806609
210
0.0
220
0.0
230
1.0
100
AcDbArc
50
309.473979257221
51
310.726495973225
0
ARC
5
116
330
70
100
AcDbEntity
67
0
8
IV_INTERIOR_PROFILES
62
256
6
ByLayer
370
-1
48
1.0
60
0
100
AcDbCircle
39
0.0
10
1561.7286008096
20
1300.10578348368
30
0.0
40
45.6538390499998
210
0.0
220
0.0
230
1.0
100
AcDbArc
50
308.231476976321
51
309.478013060071
0
ARC
5
117
330
70
100
AcDbEntity
67
0
8
IV_INTERIOR_PROFILES
62
256
6
ByLayer
370
-1
48
1.0
60
0
100
AcDbCircle
39
0.0
10
1561.51339583949
20
1300.37501122252
30
0.0
40
45.9984995408036
210
0.0
220
0.0
230
1.0
100
AcDbArc
50
306.991578511183
51
308.234514084455
0
ARC
5
118
330
70
100
AcDbEntity
67
0
8
IV_INTERIOR_PROFILES
62
256
6
ByLayer
370
-1
48
1.0
60
0
100
AcDbCircle
39
0.0
10
1561.36792591012
20
1300.56533733481
30
0.0
40
46.238046508589
210
0.0
220
0.0
230
1.0
100
AcDbArc
50
305.752002293037
51
306.993649804985
0
ARC
5
119
330
70
100
AcDbEntity
67
0
8
IV_INTERIOR_PROFILES
62
256
6
ByLayer
370
-1
48
1.0
60
0
100
AcDbCircle
39
0.0
10
1561.28815454957
20
1300.67456897653
30
0.0
40
46.3733024989446
210
0.0
220
0.0
230
1.0
100
AcDbArc
50
304.510523378238
51
305.753135381061
0
ARC
5
11A
330
70
100
AcDbEntity
67
0
8
IV_INTERIOR_PROFILES
62
256
6
ByLayer
370
-1
48
1.0
60
0
100
AcDbCircle
39
0.0
10
1561.26943528293
20
1300.70148108186
30
0.0
40
46.4060842126758
210
0.0
220
0.0
230
1.0
100
AcDbArc
50
303.264966760238
51
304.510742941232
0
ARC
5
11B
330
70
100
AcDbEntity
67
0
8
IV_INTERIOR_PROFILES
62
256
6
ByLayer
370
-1
48
1.0
60
0
100
AcDbCircle
39
0.0
10
1561.30660480314
20
1300.64581104214
30
0.0
40
46.3391481918488
210
0.0
220
0.0
230
1.0
100
AcDbArc
50
302.013201498135
51
303.264294920439
0
ARC
5
11C
330
70
100
AcDbEntity
67
0
8
IV_INTERIOR_PROFILES
62
256
6
ByLayer
370
-1
48
1.0
60
0
100
AcDbCircle
39
0.0
10
1561.39408068989
20
1300.50823833824
30
0.0
40
46.1761244905222
210
0.0
220
0.0
230
1.0
100
AcDbArc
50
300.753135714484
51
302.011658215127
0
ARC
5
11D
330
70
100
AcDbEntity
67
0
8
IV_INTERIOR_PROFILES
62
256
6
ByLayer
370
-1
48
1.0
60
0
100
AcDbCircle
39
0.0
10
1561.52596156282
20
1300.29035043605
30
0.0
40
45.9214403865498
210
0.0
220
0.0
230
1.0
100
AcDbArc
50
299.482712520043
51
300.750739209839
0
ARC
5
11E
330
70
100
AcDbEntity
67
0
8
IV_INTERIOR_PROFILES
62
256
6
ByLayer
370
-1
48
1.0
60
0
100
AcDbCircle
39
0.0
10
1561.69612761121
20
1299.9945965601
30
0.0
40
45.5802363776485
210
0.0
220
0.0
230
1.0
100
AcDbArc
50
298.199906933417
51
299.479479734525
0
ARC
5
11F
330
70
100
AcDbEntity
67
0
8
IV_INTERIOR_PROFILES
62
256
6
ByLayer
370
-1
48
1.0
60
0
100
AcDbCircle
39
0.0
10
1561.89833962633
20
1299.62423108916
30
0.0
40
45.1582766853322
210
0.0
220
0.0
230
1.0
100
AcDbArc
50
296.902723873469
51
298.195854021167
0
ARC
5
120
330
70
100
AcDbEntity
67
0
8
IV_INTERIOR_PROFILES
62
256
6
ByLayer
370
-1
48
1.0
60
0
100
AcDbCircle
39
0.0
10
1562.12633485084
20
1299.1832484364
30
0.0
40
44.6618564718077
210
0.0
220
0.0
230
1.0
100
AcDbArc
50
295.58919731447
51
296.897866738334
0
ARC
5
121
330
70
100
AcDbEntity
67
0
8
IV_INTERIOR_PROFILES
62
256
6
ByLayer
370
-1
48
1.0
60
0
100
AcDbCircle
39
0.0
10
1562.37391820144
20
1298.67631129067
30
0.0
40
44.0977078506941
210
0.0
220
0.0
230
1.0
100
AcDbArc
50
294.257390705407
51
295.583552193524
0
ARC
5
122
330
70
100
AcDbEntity
67
0
8
IV_INTERIOR_PROFILES
62
256
6
ByLayer
370
-1
48
1.0
60
0
100
AcDbCircle
39
0.0
10
1562.63634166915
20
1298.09557886679
30
0.0
40
43.4604357172589
210
0.0
220
0.0
230
1.0
100
AcDbArc
50
292.910529608087
51
294.256510316598
0
ARC
5
123
330
70
100
AcDbEntity
67
0
8
IV_INTERIOR_PROFILES
62
256
6
ByLayer
370
-1
48
1.0
60
0
100
AcDbCircle
39
0.0
10
1562.17955369065
20
1299.1519007567
30
0.0
40
44.6112539590299
210
0.0
220
0.0
230
1.0
100
AcDbArc
50
291.611452859353
51
292.922775456582
0
ARC
5
124
330
70
100
AcDbEntity
67
0
8
IV_INTERIOR_PROFILES
62
256
6
ByLayer
370
-1
48
1.0
60
0
100
AcDbCircle
39
0.0
10
1562.04914070887
20
1299.47403777219
30
0.0
40
44.9587782033997
210
0.0
220
0.0
230
1.0
100
AcDbArc
50
290.313921816232
51
291.614764931633
0
ARC
5
125
330
70
100
AcDbEntity
67
0
8
IV_INTERIOR_PROFILES
62
256
6
ByLayer
370
-1
48
1.0
60
0
100
AcDbCircle
39
0.0
10
1561.95377117485
20
1299.72594475916
30
0.0
40
45.2281266043076
210
0.0
220
0.0
230
1.0
100
AcDbArc
50
289.024116142797
51
290.316436536731
0
ARC
5
126
330
70
100
AcDbEntity
67
0
8
IV_INTERIOR_PROFILES
62
256
6
ByLayer
370
-1
48
1.0
60
0
100
AcDbCircle
39
0.0
10
1561.89140729937
20
1299.90265957391
30
0.0
40
45.4155180430436
210
0.0
220
0.0
230
1.0
100
AcDbArc
50
287.740055396125
51
289.025825108923
0
ARC
5
127
330
70
100
AcDbEntity
67
0
8
IV_INTERIOR_PROFILES
62
256
6
ByLayer
370
-1
48
1.0
60
0
100
AcDbCircle
39
0.0
10
1561.85954970776
20
1299.99991070575
30
0.0
40
45.5178517386422
210
0.0
220
0.0
230
1.0
100
AcDbArc
50
286.459741515704
51
287.740949614939
0
ARC
5
128
330
70
100
AcDbEntity
67
0
8
IV_INTERIOR_PROFILES
62
256
6
ByLayer
370
-1
48
1.0
60
0
100
AcDbCircle
39
0.0
10
1561.85527256901
20
1300.01419218462
30
0.0
40
45.5327598403034
210
0.0
220
0.0
230
1.0
100
AcDbArc
50
285.181156189216
51
286.459811128418
0
ARC
5
129
330
70
100
AcDbEntity
67
0
8
IV_INTERIOR_PROFILES
62
256
6
ByLayer
370
-1
48
1.0
60
0
100
AcDbCircle
39
0.0
10
1561.87526610422
20
1299.94282859557
30
0.0
40
45.4586509111101
210
0.0
220
0.0
230
1.0
100
AcDbArc
50
283.902257753009
51
285.180390243258
0
ARC
5
12A
330
70
100
AcDbEntity
67
0
8
IV_INTERIOR_PROFILES
62
256
6
ByLayer
370
-1
48
1.0
60
0
100
AcDbCircle
39
0.0
10
1561.91588599074
20
1299.7840286073
30
0.0
40
45.2947430769597
210
0.0
220
0.0
230
1.0
100
AcDbArc
50
282.620977720757
51
283.900644020248
0
ARC
5
12B
330
70
100
AcDbEntity
67
0
8
IV_INTERIOR_PROFILES
62
256
6
ByLayer
370
-1
48
1.0
60
0
100
AcDbCircle
39
0.0
10
1561.97320899964
20
1299.53692558934
30
0.0
40
45.0410857854696
210
0.0
220
0.0
230
1.0
100
AcDbArc
50
281.335217032251
51
282.618502561488
0
ARC
5
12C
330
70
100
AcDbEntity
67
0
8
IV_INTERIOR_PROFILES
62
256
6
ByLayer
370
-1
48
1.0
60
0
100
AcDbCircle
39
0.0
10
1562.0430940037
20
1299.20160424285
30
0.0
40
44.6985694652685
210
0.0
220
0.0
230
1.0
100
AcDbArc
50
280.042842118668
51
281.331865306223
0
ARC
5
12D
330
70
100
AcDbEntity
67
0
8
IV_INTERIOR_PROFILES
62
256
6
ByLayer
370
-1
48
1.0
60
0
100
AcDbCircle
39
0.0
10
1562.12019206306
20
1298.77268597414
30
0.0
40
44.2627785461812
210
0.0
220
0.0
230
1.0
100
AcDbArc
50
278.744310967823
51
280.041392294248
0
ARC
5
12E
330
70
100
AcDbEntity
67
0
8
IV_INTERIOR_PROFILES
62
256
6
ByLayer
370
-1
48
1.0
60
0
100
AcDbCircle
39
0.0
10
1562.03361427933
20
1299.30832628734
30
0.0
40
44.8053551037
210
0.0
220
0.0
230
1.0
100
AcDbArc
50
277.473379854178
51
278.74960585203
0
ARC
5
12F
330
70
100
AcDbEntity
67
0
8
IV_INTERIOR_PROFILES
62
256
6
ByLayer
370
-1
48
1.0
60
0
100
AcDbCircle
39
0.0
10
1562.00066088464
20
1299.54629259537
30
0.0
40
45.0455861167852
210
0.0
220
0.0
230
1.0
100
AcDbArc
50
276.211825121781
51
277.475570473701
0
ARC
5
130
330
70
100
AcDbEntity
67
0
8
IV_INTERIOR_PROFILES
62
256
6
ByLayer
370
-1
48
1.0
60
0
100
AcDbCircle
39
0.0
10
1561.98374061826
20
1299.69234464645
30
0.0
40
45.1926115065911
210
0.0
220
0.0
230
1.0
100
AcDbArc
50
274.959706396122
51
276.213115029658
0
ARC
5
131
330
70
100
AcDbEntity
67
0
8
IV_INTERIOR_PROFILES
62
256
6
ByLayer
370
-1
48
1.0
60
0
100
AcDbCircle
39
0.0
10
1561.97935450035
20
1299.7396400528
30
0.0
40
45.2401090301746
210
0.0
220
0.0
230
1.0
100
AcDbArc
50
273.714779476237
51
274.960061978812
0
ARC
5
132
330
70
100
AcDbEntity
67
0
8
IV_INTERIOR_PROFILES
62
256
6
ByLayer
370
-1
48
1.0
60
0
100
AcDbCircle
39
0.0
10
1561.98357094212
20
1299.68218325418
30
0.0
40
45.1824997723206
210
0.0
220
0.0
230
1.0
100
AcDbArc
50
272.474725120248
51
273.714164483648
0
ARC
5
133
330
70
100
AcDbEntity
67
0
8
IV_INTERIOR_PROFILES
62
256
6
ByLayer
370
-1
48
1.0
60
0
100
AcDbCircle
39
0.0
10
1561.9920759937
20
1299.51496564278
30
0.0
40
45.0150708949837
210
0.0
220
0.0
230
1.0
100
AcDbArc
50
271.237140845453
51
272.473099884211
0
ARC
5
134
330
70
100
AcDbEntity
67
0
8
IV_INTERIOR_PROFILES
62
256
6
ByLayer
370
-1
48
1.0
60
0
100
AcDbCircle
39
0.0
10
1562.00060625061
20
1299.18260748266
30
0.0
40
44.6826060561811
210
0.0
220
0.0
230
1.0
100
AcDbArc
50
269.99868978616
51
271.235406571386
0
ARC
5
135
330
70
100
AcDbEntity
67
0
8
IV_INTERIOR_PROFILES
62
256
6
ByLayer
370
-1
48
1.0
60
0
100
AcDbCircle
39
0.0
10
1562.00026072635
20
1299.39657984546
30
0.0
40
44.8965784123839
210
0.0
220
0.0
230
1.0
100
AcDbArc
50
268.766209370542
51
269.999136979061
0
ARC
5
136
330
70
100
AcDbEntity
67
0
8
IV_INTERIOR_PROFILES
62
256
6
ByLayer
370
-1
48
1.0
60
0
100
AcDbCircle
39
0.0
10
1562.00165545257
20
1299.49213822796
30
0.0
40
44.9921446767011
210
0.0
220
0.0
230
1.0
100
AcDbArc
50
267.529671346316
51
268.767053885217
0
ARC
5
137
330
70
100
AcDbEntity
67
0
8
IV_INTERIOR_PROFILES
62
256
6
ByLayer
370
-1
48
1.0
60
0
100
AcDbCircle
39
0.0
10
1562.00365205162
20
1299.54712316159
30
0.0
40
45.0471645705302
210
0.0
220
0.0
230
1.0
100
AcDbArc
50
266.287358386566
51
267.530148588121
0
ARC
5
138
330
70
100
AcDbEntity
67
0
8
IV_INTERIOR_PROFILES
62
256
6
ByLayer
370
-1
48
1.0
60
0
100
AcDbCircle
39
0.0
10
1562.00468458174
20
1299.56470357038
30
0.0
40
45.0647749433223
210
0.0
220
0.0
230
1.0
100
AcDbArc
50
265.038403172005
51
266.287495713967
0
ARC
5
139
330
70
100
AcDbEntity
67
0
8
IV_INTERIOR_PROFILES
62
256
6
ByLayer
370
-1
48
1.0
60
0
100
AcDbCircle
39
0.0
10
1562.00339525203
20
1299.5482616176
30
0.0
40
45.0482830889675
210
0.0
220
0.0
230
1.0
100
AcDbArc
50
263.781997241184
51
265.038228246789
0
ARC
5
13A
330
70
100
AcDbEntity
67
0
8
IV_INTERIOR_PROFILES
62
256
6
ByLayer
370
-1
48
1.0
60
0
100
AcDbCircle
39
0.0
10
1561.99864705801
20
1299.50135245574
30
0.0
40
45.0011356109961
210
0.0
220
0.0
230
1.0
100
AcDbArc
50
262.517392005148
51
263.781538184083
0
ARC
5
13B
330
70
100
AcDbEntity
67
0
8
IV_INTERIOR_PROFILES
62
256
6
ByLayer
370
-1
48
1.0
60
0
100
AcDbCircle
39
0.0
10
1561.99501360306
20
1299.43639775542
30
0.0
40
44.9362611314236
210
0.0
220
0.0
230
1.0
100
AcDbArc
50
261.238856215992
51
262.511200094411
0
ARC
5
13C
330
70
100
AcDbEntity
67
0
8
IV_INTERIOR_PROFILES
62
256
6
ByLayer
370
-1
48
1.0
60
0
100
AcDbCircle
39
0.0
10
1561.8008101882
20
1298.09843256392
30
0.0
40
43.5843288454472
210
0.0
220
0.0
230
1.0
100
AcDbArc
50
259.906224574402
51
261.223270944486
0
ARC
5
13D
330
70
100
AcDbEntity
67
0
8
IV_INTERIOR_PROFILES
62
256
6
ByLayer
370
-1
48
1.0
60
0
100
AcDbCircle
39
0.0
10
1561.9005085632
20
1298.68416769722
30
0.0
40
44.1784714461054
210
0.0
220
0.0
230
1.0
100
AcDbArc
50
258.60818251145
51
259.912061395818
0
ARC
5
13E
330
70
100
AcDbEntity
67
0
8
IV_INTERIOR_PROFILES
62
256
6
ByLayer
370
-1
48
1.0
60
0
100
AcDbCircle
39
0.0
10
1561.9990700366
20
1299.19297709711
30
0.0
40
44.6967247604426
210
0.0
220
0.0
230
1.0
100
AcDbArc
50
257.320336214875
51
258.613154827712
0
ARC
5
13F
330
70
100
AcDbEntity
67
0
8
IV_INTERIOR_PROFILES
62
256
6
ByLayer
370
-1
48
1.0
60
0
100
AcDbCircle
39
0.0
10
1562.09219485147
20
1299.62168147944
30
0.0
40
45.1354151284635
210
0.0
220
0.0
230
1.0
100
AcDbArc
50
256.040625439243
51
257.324457831865
0
ARC
5
140
330
70
100
AcDbEntity
67
0
8
IV_INTERIOR_PROFILES
62
256
6
ByLayer
370
-1
48
1.0
60
0
100
AcDbCircle
39
0.0
10
1562.17558177252
20
1299.96794933955
30
0.0
40
45.4915724881996
210
0.0
220
0.0
230
1.0
100
AcDbArc
50
254.767019622738
51
256.043909249473
0
ARC
5
141
330
70
100
AcDbEntity
67
0
8
IV_INTERIOR_PROFILES
62
256
6
ByLayer
370
-1
48
1.0
60
0
100
AcDbCircle
39
0.0
10
1562.24499502114
20
1300.23032411326
30
0.0
40
45.7629668322734
210
0.0
220
0.0
230
1.0
100
AcDbArc
50
253.49751488736
51
254.769477467139
0
ARC
5
142
330
70
100
AcDbEntity
67
0
8
IV_INTERIOR_PROFILES
62
256
6
ByLayer
370
-1
48
1.0
60
0
100
AcDbCircle
39
0.0
10
1562.29633004225
20
1300.40823797554
30
0.0
40
45.9481340501735
210
0.0
220
0.0
230
1.0
100
AcDbArc
50
252.230130922947
51
253.49915747496
0
ARC
5
143
330
70
100
AcDbEntity
67
0
8
IV_INTERIOR_PROFILES
62
256
6
ByLayer
370
-1
48
1.0
60
0
100
AcDbCircle
39
0.0
10
1562.32567693288
20
1300.50201199155
30
0.0
40
46.0463906259608
210
0.0
220
0.0
230
1.0
100
AcDbArc
50
250.962907858003
51
252.230967802823
0
ARC
5
144
330
70
100
AcDbEntity
67
0
8
IV_INTERIOR_PROFILES
62
256
6
ByLayer
370
-1
48
1.0
60
0
100
AcDbCircle
39
0.0
10
1562.32938042495
20
1300.51284268337
30
0.0
40
46.0578369671524
210
0.0
220
0.0
230
1.0
100
AcDbArc
50
249.693903212927
51
250.962947439391
0
ARC
5
145
330
70
100
AcDbEntity
67
0
8
IV_INTERIOR_PROFILES
62
256
6
ByLayer
370
-1
48
1.0
60
0
100
AcDbCircle
39
0.0
10
1562.30409541227
20
1300.4427754116
30
0.0
40
45.9833494435426
210
0.0
220
0.0
230
1.0
100
AcDbArc
50
248.421189027608
51
249.693152831038
0
ARC
5
146
330
70
100
AcDbEntity
67
0
8
IV_INTERIOR_PROFILES
62
256
6
ByLayer
370
-1
48
1.0
60
0
100
AcDbCircle
39
0.0
10
1562.24683710848
20
1300.29466520551
30
0.0
40
45.8245614209794
210
0.0
220
0.0
230
1.0
100
AcDbArc
50
247.142849251935
51
248.419655053631
0
ARC
5
147
330
70
100
AcDbEntity
67
0
8
IV_INTERIOR_PROFILES
62
256
6
ByLayer
370
-1
48
1.0
60
0
100
AcDbCircle
39
0.0
10
1562.15502509808
20
1300.07212604549
30
0.0
40
45.583833936623
210
0.0
220
0.0
230
1.0
100
AcDbArc
50
245.856977490709
51
247.140537247587
0
ARC
5
148
330
70
100
AcDbEntity
67
0
8
IV_INTERIOR_PROFILES
62
256
6
ByLayer
370
-1
48
1.0
60
0
100
AcDbCircle
39
0.0
10
1562.02652067512
20
1299.77946975473
30
0.0
40
45.2642168076409
210
0.0
220
0.0
230
1.0
100
AcDbArc
50
244.561675195788
51
245.853892408028
0
ARC
5
149
330
70
100
AcDbEntity
67
0
8
IV_INTERIOR_PROFILES
62
256
6
ByLayer
370
-1
48
1.0
60
0
100
AcDbCircle
39
0.0
10
1561.85965706107
20
1299.42163591648
30
0.0
40
44.86940123777
210
0.0
220
0.0
230
1.0
100
AcDbArc
50
243.255050405153
51
244.557821624612
0
ARC
5
14A
330
70
100
AcDbEntity
67
0
8
IV_INTERIOR_PROFILES
62
256
6
ByLayer
370
-1
48
1.0
60
0
100
AcDbCircle
39
0.0
10
1561.65326224757
20
1299.00411432218
30
0.0
40
44.4036650888042
210
0.0
220
0.0
230
1.0
100
AcDbArc
50
241.935217134452
51
243.250432871214
0
ARC
5
14B
330
70
100
AcDbEntity
67
0
8
IV_INTERIOR_PROFILES
62
256
6
ByLayer
370
-1
48
1.0
60
0
100
AcDbCircle
39
0.0
10
1561.36853832365
20
1298.46373965053
30
0.0
40
43.7928758738888
210
0.0
220
0.0
230
1.0
100
AcDbArc
50
240.599374035304
51
241.931311956874
0
ARC
5
14C
330
70
100
AcDbEntity
67
0
8
IV_INTERIOR_PROFILES
62
256
6
ByLayer
370
-1
48
1.0
60
0
100
AcDbCircle
39
0.0
10
1561.59933841576
20
1298.87522903683
30
0.0
40
44.2646717415517
210
0.0
220
0.0
230
1.0
100
AcDbArc
50
239.284990978116
51
240.600578609398
0
ARC
5
14D
330
70
100
AcDbEntity
67
0
8
IV_INTERIOR_PROFILES
62
256
6
ByLayer
370
-1
48
1.0
60
0
100
AcDbCircle
39
0.0
10
1561.84947561072
20
1299.30358366866
30
0.0
40
44.7606984113103
210
0.0
220
0.0
230
1.0
100
AcDbArc
50
237.991434136431
51
239.289781329767
0
ARC
5
14E
330
70
100
AcDbEntity
67
0
8
IV_INTERIOR_PROFILES
62
256
6
ByLayer
370
-1
48
1.0
60
0
100
AcDbCircle
39
0.0
10
1562.0713601534
20
1299.66448628293
30
0.0
40
45.1843417239317
210
0.0
220
0.0
230
1.0
100
AcDbArc
50
236.712354762254
51
237.995420641219
0
ARC
5
14F
330
70
100
AcDbEntity
67
0
8
IV_INTERIOR_PROFILES
62
256
6
ByLayer
370
-1
48
1.0
60
0
100
AcDbCircle
39
0.0
10
1562.25817097346
20
1299.95358774377
30
0.0
40
45.5285388747045
210
0.0
220
0.0
230
1.0
100
AcDbArc
50
235.44572829764
51
236.715515029225
0
ARC
5
150
330
70
100
AcDbEntity
67
0
8
IV_INTERIOR_PROFILES
62
256
6
ByLayer
370
-1
48
1.0
60
0
100
AcDbCircle
39
0.0
10
1562.40306507547
20
1300.16723937027
30
0.0
40
45.7866821018583
210
0.0
220
0.0
230
1.0
100
AcDbArc
50
234.189486183842
51
235.448039702162
0
ARC
5
151
330
70
100
AcDbEntity
67
0
8
IV_INTERIOR_PROFILES
62
256
6
ByLayer
370
-1
48
1.0
60
0
100
AcDbCircle
39
0.0
10
1562.49928129038
20
1300.30256739016
30
0.0
40
45.9527239813604
210
0.0
220
0.0
230
1.0
100
AcDbArc
50
232.941513078769
51
234.190925216366
0
ARC
5
152
330
70
100
AcDbEntity
67
0
8
IV_INTERIOR_PROFILES
62
256
6
ByLayer
370
-1
48
1.0
60
0
100
AcDbCircle
39
0.0
10
1562.5402497021
20
1300.35754093851
30
0.0
40
46.021282808508
210
0.0
220
0.0
230
1.0
100
AcDbArc
50
231.699642767778
51
232.942054725693
0
ARC
5
153
330
70
100
AcDbEntity
67
0
8
IV_INTERIOR_PROFILES
62
256
6
ByLayer
370
-1
48
1.0
60
0
100
AcDbCircle
39
0.0
10
1562.51970511822
20
1300.33103151633
30
0.0
40
45.9877457410207
210
0.0
220
0.0
230
1.0
100
AcDbArc
50
230.461652818471
51
231.699259918592
0
ARC
5
154
330
70
100
AcDbEntity
67
0
8
IV_INTERIOR_PROFILES
62
256
6
ByLayer
370
-1
48
1.0
60
0
100
AcDbCircle
39
0.0
10
1562.43180260263
20
1300.22286175032
30
0.0
40
45.8483671121015
210
0.0
220
0.0
230
1.0
100
AcDbArc
50
229.225258015662
51
230.460315692934
0
ARC
5
155
330
70
100
AcDbEntity
67
0
8
IV_INTERIOR_PROFILES
62
256
6
ByLayer
370
-1
48
1.0
60
0
100
AcDbCircle
39
0.0
10
1562.2712328022
20
1300.03384135845
30
0.0
40
45.6003591919663
210
0.0
220
0.0
230
1.0
100
AcDbArc
50
227.988102600349
51
229.22293360568
0
ARC
5
156
330
70
100
AcDbEntity
67
0
8
IV_INTERIOR_PROFILES
62
256
6
ByLayer
370
-1
48
1.0
60
0
100
AcDbCircle
39
0.0
10
1562.0333346068
20
1299.7657884209
30
0.0
40
45.2419726932912
210
0.0
220
0.0
230
1.0
100
AcDbArc
50
226.747751327033
51
227.984754121707
0
ARC
5
157
330
70
100
AcDbEntity
67
0
8
IV_INTERIOR_PROFILES
62
256
6
ByLayer
370
-1
48
1.0
60
0
100
AcDbCircle
39
0.0
10
1561.71420240363
20
1299.42153416228
30
0.0
40
44.7725641956108
210
0.0
220
0.0
230
1.0
100
AcDbArc
50
225.501679342017
51
226.743337676809
0
ARC
5
158
330
70
100
AcDbEntity
67
0
8
IV_INTERIOR_PROFILES
62
256
6
ByLayer
370
-1
48
1.0
60
0
100
AcDbCircle
39
0.0
10
1561.59142493932
20
1299.29589481061
30
0.0
40
44.5968959977652
210
0.0
220
0.0
230
1.0
100
AcDbArc
50
224.259069482453
51
225.501055525954
0
ARC
5
159
330
70
100
AcDbEntity
67
0
8
IV_INTERIOR_PROFILES
62
256
6
ByLayer
370
-1
48
1.0
60
0
100
AcDbCircle
39
0.0
10
1562.19943787525
20
1299.89953368695
30
0.0
40
45.4536322710577
210
0.0
220
0.0
230
1.0
100
AcDbArc
50
223.04407573682
51
224.269136674085
0
ARC
5
15A
330
70
100
AcDbEntity
67
0
8
IV_INTERIOR_PROFILES
62
256
6
ByLayer
370
-1
48
1.0
60
0
100
AcDbCircle
39
0.0
10
1562.24556759909
20
1299.94321402944
30
0.0
40
45.5171596939724
210
0.0
220
0.0
230
1.0
100
AcDbArc
50
221.814306915642
51
223.044625209898
0
ARC
5
15B
330
70
100
AcDbEntity
67
0
8
IV_INTERIOR_PROFILES
62
256
6
ByLayer
370
-1
48
1.0
60
0
100
AcDbCircle
39
0.0
10
1562.27035040273
20
1299.96568502824
30
0.0
40
45.5506123873316
210
0.0
220
0.0
230
1.0
100
AcDbArc
50
220.578289661814
51
221.814589546376
0
ARC
5
15C
330
70
100
AcDbEntity
67
0
8
IV_INTERIOR_PROFILES
62
256
6
ByLayer
370
-1
48
1.0
60
0
100
AcDbCircle
39
0.0
10
1562.27522768999
20
1299.96990589474
30
0.0
40
45.5570623905879
210
0.0
220
0.0
230
1.0
100
AcDbArc
50
219.335381077345
51
220.578331434134
0
ARC
5
15D
330
70
100
AcDbEntity
67
0
8
IV_INTERIOR_PROFILES
62
256
6
ByLayer
370
-1
48
1.0
60
0
100
AcDbCircle
39
0.0
10
1562.26187057441
20
1299.95878202047
30
0.0
40
45.5396803804316
210
0.0
220
0.0
230
1.0
100
AcDbArc
50
218.084994978353
51
219.335208426326
0
ARC
5
15E
330
70
100
AcDbEntity
67
0
8
IV_INTERIOR_PROFILES
62
256
6
ByLayer
370
-1
48
1.0
60
0
100
AcDbCircle
39
0.0
10
1562.35681211803
20
1300.03032734192
30
0.0
40
45.6585398848449
210
0.0
220
0.0
230
1.0
100
AcDbArc
50
216.8284705513
51
218.082171895557
0
ARC
5
15F
330
70
100
AcDbEntity
67
0
8
IV_INTERIOR_PROFILES
62
256
6
ByLayer
370
-1
48
1.0
60
0
100
AcDbCircle
39
0.0
10
1560.90582126998
20
1298.93783372201
30
0.0
40
43.8422542212273
210
0.0
220
0.0
230
1.0
100
AcDbArc
50
215.510707016547
51
216.822310481589
0
ARC
5
160
330
70
100
AcDbEntity
67
0
8
IV_INTERIOR_PROFILES
62
256
6
ByLayer
370
-1
48
1.0
60
0
100
AcDbCircle
39
0.0
10
1561.41779282144
20
1299.30902644695
30
0.0
40
44.4746120775992
210
0.0
220
0.0
230
1.0
100
AcDbArc
50
214.219037717285
51
215.516854941753
0
ARC
5
161
330
70
100
AcDbEntity
67
0
8
IV_INTERIOR_PROFILES
62
256
6
ByLayer
370
-1
48
1.0
60
0
100
AcDbCircle
39
0.0
10
1561.87441734123
20
1299.62457330057
30
0.0
40
45.0296425843739
210
0.0
220
0.0
230
1.0
100
AcDbArc
50
212.93812369059
51
214.224301896608
0
ARC
5
162
330
70
100
AcDbEntity
67
0
8
IV_INTERIOR_PROFILES
62
256
6
ByLayer
370
-1
48
1.0
60
0
100
AcDbCircle
39
0.0
10
1562.2701419144
20
1299.88511269221
30
0.0
40
45.5034216995307
210
0.0
220
0.0
230
1.0
100
AcDbArc
50
211.66587078014
51
212.942519806478
0
ARC
5
163
330
70
100
AcDbEntity
67
0
8
IV_INTERIOR_PROFILES
62
256
6
ByLayer
370
-1
48
1.0
60
0
100
AcDbCircle
39
0.0
10
1562.60001452899
20
1300.09190874885
30
0.0
40
45.8927449165807
210
0.0
220
0.0
230
1.0
100
AcDbArc
50
210.400218156847
51
211.669413420704
0
ARC
5
164
330
70
100
AcDbEntity
67
0
8
IV_INTERIOR_PROFILES
62
256
6
ByLayer
370
-1
48
1.0
60
0
100
AcDbCircle
39
0.0
10
1562.85975413927
20
1300.24682466305
30
0.0
40
46.1951666237505
210
0.0
220
0.0
230
1.0
100
AcDbArc
50
209.139134929425
51
210.402920678958
0
ARC
5
165
330
70
100
AcDbEntity
67
0
8
IV_INTERIOR_PROFILES
62
256
6
ByLayer
370
-1
48
1.0
60
0
100
AcDbCircle
39
0.0
10
1563.04581028619
20
1300.35228698623
30
0.0
40
46.4090284876744
210
0.0
220
0.0
230
1.0
100
AcDbArc
50
207.880616645285
51
209.141009380361
0
ARC
5
166
330
70
100
AcDbEntity
67
0
8
IV_INTERIOR_PROFILES
62
256
6
ByLayer
370
-1
48
1.0
60
0
100
AcDbCircle
39
0.0
10
1563.15541120048
20
1300.41124148988
30
0.0
40
46.5334763032989
210
0.0
220
0.0
230
1.0
100
AcDbArc
50
206.622681784196
51
207.881673736553
0
ARC
5
167
330
70
100
AcDbEntity
67
0
8
IV_INTERIOR_PROFILES
62
256
6
ByLayer
370
-1
48
1.0
60
0
100
AcDbCircle
39
0.0
10
1563.18659959409
20
1300.42710141909
30
0.0
40
46.5684650483604
210
0.0
220
0.0
230
1.0
100
AcDbArc
50
205.363368339036
51
206.622930913007
0
ARC
5
168
330
70
100
AcDbEntity
67
0
8
IV_INTERIOR_PROFILES
62
256
6
ByLayer
370
-1
48
1.0
60
0
100
AcDbCircle
39
0.0
10
1563.13825562534
20
1300.4036891257
30
0.0
40
46.514752156997
210
0.0
220
0.0
230
1.0
100
AcDbArc
50
204.100730572466
51
205.362817654527
0
ARC
5
169
330
70
100
AcDbEntity
67
0
8
IV_INTERIOR_PROFILES
62
256
6
ByLayer
370
-1
48
1.0
60
0
100
AcDbCircle
39
0.0
10
1563.01010684238
20
1300.34517221584
30
0.0
40
46.3738793302725
210
0.0
220
0.0
230
1.0
100
AcDbArc
50
202.832836036131
51
204.099387085288
0
ARC
5
16A
330
70
100
AcDbEntity
67
0
8
IV_INTERIOR_PROFILES
62
256
6
ByLayer
370
-1
48
1.0
60
0
100
AcDbCircle
39
0.0
10
1562.80272527232
20
1300.255995473
30
0.0
40
46.1481435362231
210
0.0
220
0.0
230
1.0
100
AcDbArc
50
201.557762940966
51
202.830705771268
0
ARC
5
16B
330
70
100
AcDbEntity
67
0
8
IV_INTERIOR_PROFILES
62
256
6
ByLayer
370
-1
48
1.0
60
0
100
AcDbCircle
39
0.0
10
1562.5175119962
20
1300.14080982179
30
0.0
40
45.8405579652766
210
0.0
220
0.0
230
1.0
100
AcDbArc
50
200.273597967125
51
201.554851133906
0
ARC
5
16C
330
70
100
AcDbEntity
67
0
8
IV_INTERIOR_PROFILES
62
256
6
ByLayer
370
-1
48
1.0
60
0
100
AcDbCircle
39
0.0
10
1562.15666992448
20
1300.00439967233
30
0.0
40
45.4548040366976
210
0.0
220
0.0
230
1.0
100
AcDbArc
50
198.978434610205
51
200.269909306583
0
ARC
5
16D
330
70
100
AcDbEntity
67
0
8
IV_INTERIOR_PROFILES
62
256
6
ByLayer
370
-1
48
1.0
60
0
100
AcDbCircle
39
0.0
10
1561.72316570441
20
1299.85160995143
30
0.0
40
44.9951756990114
210
0.0
220
0.0
230
1.0
100
AcDbArc
50
197.670372166061
51
198.973973529648
0
ARC
5
16E
330
70
100
AcDbEntity
67
0
8
IV_INTERIOR_PROFILES
62
256
6
ByLayer
370
-1
48
1.0
60
0
100
AcDbCircle
39
0.0
10
1561.22068186668
20
1299.68727406394
30
0.0
40
44.4665173719335
210
0.0
220
0.0
230
1.0
100
AcDbArc
50
196.347515466222
51
197.66514318837
0
ARC
5
16F
330
70
100
AcDbEntity
67
0
8
IV_INTERIOR_PROFILES
62
256
6
ByLayer
370
-1
48
1.0
60
0
100
AcDbCircle
39
0.0
10
1560.97617129381
20
1299.61471070155
30
0.0
40
44.2114679586636
210
0.0
220
0.0
230
1.0
100
AcDbArc
50
195.02316602269
51
196.346466773252
0
ARC
5
170
330
70
100
AcDbEntity
67
0
8
IV_INTERIOR_PROFILES
62
256
6
ByLayer
370
-1
48
1.0
60
0
100
AcDbCircle
39
0.0
10
1561.88374393274
20
1299.8670993538
30
0.0
40
45.1534431199862
210
0.0
220
0.0
230
1.0
100
AcDbArc
50
193.740748088798
51
195.033965450019
0
ARC
5
171
330
70
100
AcDbEntity
67
0
8
IV_INTERIOR_PROFILES
62
256
6
ByLayer
370
-1
48
1.0
60
0
100
AcDbCircle
39
0.0
10
1562.23481932282
20
1299.95569290152
30
0.0
40
45.515514504652
210
0.0
220
0.0
230
1.0
100
AcDbArc
50
192.464113255299
51
193.74410591034
0
ARC
5
172
330
70
100
AcDbEntity
67
0
8
IV_INTERIOR_PROFILES
62
256
6
ByLayer
370
-1
48
1.0
60
0
100
AcDbCircle
39
0.0
10
1562.50676504302
20
1300.01787080691
30
0.0
40
45.7944706219447
210
0.0
220
0.0
230
1.0
100
AcDbArc
50
191.197856101264
51
192.466639248696
0
ARC
5
173
330
70
100
AcDbEntity
67
0
8
IV_INTERIOR_PROFILES
62
256
6
ByLayer
370
-1
48
1.0
60
0
100
AcDbCircle
39
0.0
10
1562.69294307153
20
1300.05609678665
30
0.0
40
45.9845276866984
210
0.0
220
0.0
230
1.0
100
AcDbArc
50
189.93989980791
51
191.199529345714
0
ARC
5
174
330
70
100
AcDbEntity
67
0
8
IV_INTERIOR_PROFILES
62
256
6
ByLayer
370
-1
48
1.0
60
0
100
AcDbCircle
39
0.0
10
1562.78741347227
20
1300.07330424045
30
0.0
40
46.0805502964954
210
0.0
220
0.0
230
1.0
100
AcDbArc
50
188.688122965949
51
189.940698238764
0
ARC
5
175
330
70
100
AcDbEntity
67
0
8
IV_INTERIOR_PROFILES
62
256
6
ByLayer
370
-1
48
1.0
60
0
100
AcDbCircle
39
0.0
10
1562.78504910866
20
1300.07286148508
30
0.0
40
46.0781461826983
210
0.0
220
0.0
230
1.0
100
AcDbArc
50
187.440355128683
51
188.688022838848
0
ARC
5
176
330
70
100
AcDbEntity
67
0
8
IV_INTERIOR_PROFILES
62
256
6
ByLayer
370
-1
48
1.0
60
0
100
AcDbCircle
39
0.0
10
1562.68164394078
20
1300.05852830546
30
0.0
40
45.9737556116387
210
0.0
220
0.0
230
1.0
100
AcDbArc
50
186.194371289372
51
187.439330512313
0
ARC
5
177
330
70
100
AcDbEntity
67
0
8
IV_INTERIOR_PROFILES
62
256
6
ByLayer
370
-1
48
1.0
60
0
100
AcDbCircle
39
0.0
10
1562.47401211728
20
1300.0344039482
30
0.0
40
45.7647330005585
210
0.0
220
0.0
230
1.0
100
AcDbArc
50
184.94788532794
51
186.192393582322
0
ARC
5
178
330
70
100
AcDbEntity
67
0
8
IV_INTERIOR_PROFILES
62
256
6
ByLayer
370
-1
48
1.0
60
0
100
AcDbCircle
39
0.0
10
1562.16007500556
20
1300.00486692672
30
0.0
40
45.4494182611085
210
0.0
220
0.0
230
1.0
100
AcDbArc
50
183.698542463345
51
184.944922796054
0
ARC
5
179
330
70
100
AcDbEntity
67
0
8
IV_INTERIOR_PROFILES
62
256
6
ByLayer
370
-1
48
1.0
60
0
100
AcDbCircle
39
0.0
10
1561.59541042283
20
1299.96709599927
30
0.0
40
44.883493259741
210
0.0
220
0.0
230
1.0
100
AcDbArc
50
182.442342575299
51
183.69692446102
0
ARC
5
17A
330
70
100
AcDbEntity
67
0
8
IV_INTERIOR_PROFILES
62
256
6
ByLayer
370
-1
48
1.0
60
0
100
AcDbCircle
39
0.0
10
1562.49132878739
20
1300.00680633028
30
0.0
40
45.7802900223207
210
0.0
220
0.0
230
1.0
100
AcDbArc
50
181.224597529159
51
182.444214354746
0
ARC
5
17B
330
70
100
AcDbEntity
67
0
8
IV_INTERIOR_PROFILES
62
256
6
ByLayer
370
-1
48
1.0
60
0
100
AcDbCircle
39
0.0
10
1562.0388265196
20
1299.99492170999
30
0.0
40
45.327637165995
210
0.0
220
0.0
230
1.0
100
AcDbArc
50
179.993580730587
51
181.221802499573
0
ARC
5
17C
330
70
100
AcDbEntity
67
0
8
IV_INTERIOR_PROFILES
62
256
6
ByLayer
370
-1
48
1.0
60
0
100
AcDbCircle
39
0.0
10
1562.72564147406
20
1299.99906309095
30
0.0
40
46.0144518455053
210
0.0
220
0.0
230
1.0
100
AcDbArc
50
178.786050210931
51
179.998833265167
0
ARC
5
17D
330
70
100
AcDbEntity
67
0
8
IV_INTERIOR_PROFILES
62
256
6
ByLayer
370
-1
48
1.0
60
0
100
AcDbCircle
39
0.0
10
1562.25068941444
20
1300.00595699594
30
0.0
40
45.539460443685
210
0.0
220
0.0
230
1.0
100
AcDbArc
50
177.55345042938
51
178.782061981638
0
ARC
5
17E
330
70
100
AcDbEntity
67
0
8
IV_INTERIOR_PROFILES
62
256
6
ByLayer
370
-1
48
1.0
60
0
100
AcDbCircle
39
0.0
10
1562.08522304788
20
1300.01202213775
30
0.0
40
45.3738860093797
210
0.0
220
0.0
230
1.0
100
AcDbArc
50
176.313730795236
51
177.552182995699
0
ARC
5
17F
330
70
100
AcDbEntity
67
0
8
IV_INTERIOR_PROFILES
62
256
6
ByLayer
370
-1
48
1.0
60
0
100
AcDbCircle
39
0.0
10
1562.2220825123
20
1300.00437176138
30
0.0
40
45.5109542008082
210
0.0
220
0.0
230
1.0
100
AcDbArc
50
175.072955803611
51
176.315196935998
0
ARC
5
180
330
70
100
AcDbEntity
67
0
8
IV_INTERIOR_PROFILES
62
256
6
ByLayer
370
-1
48
1.0
60
0
100
AcDbCircle
39
0.0
10
1562.44696995324
20
1299.98151972526
30
0.0
40
45.7369734805507
210
0.0
220
0.0
230
1.0
100
AcDbArc
50
173.823676577018
51
175.068630597399
0
ARC
5
181
330
70
100
AcDbEntity
67
0
8
IV_INTERIOR_PROFILES
62
256
6
ByLayer
370
-1
48
1.0
60
0
100
AcDbCircle
39
0.0
10
1560.87612026416
20
1300.13653654202
30
0.0
40
44.1585662542685
210
0.0
220
0.0
230
1.0
100
AcDbArc
50
172.508422470474
51
173.804358883848
0
ARC
5
182
330
70
100
AcDbEntity
67
0
8
IV_INTERIOR_PROFILES
62
256
6
ByLayer
370
-1
48
1.0
60
0
100
AcDbCircle
39
0.0
10
1561.49046365377
20
1300.06039943463
30
0.0
40
44.7775926596886
210
0.0
220
0.0
230
1.0
100
AcDbArc
50
171.230773206608
51
172.514322746713
0
ARC
5
183
330
70
100
AcDbEntity
67
0
8
IV_INTERIOR_PROFILES
62
256
6
ByLayer
370
-1
48
1.0
60
0
100
AcDbCircle
39
0.0
10
1562.01857594687
20
1299.98290983447
30
0.0
40
45.3113453855523
210
0.0
220
0.0
230
1.0
100
AcDbArc
50
169.962331785879
51
171.235742154821
0
ARC
5
184
330
70
100
AcDbEntity
67
0
8
IV_INTERIOR_PROFILES
62
256
6
ByLayer
370
-1
48
1.0
60
0
100
AcDbCircle
39
0.0
10
1562.45749189332
20
1299.90851169249
30
0.0
40
45.7565103941131
210
0.0
220
0.0
230
1.0
100
AcDbArc
50
168.700922069116
51
169.966391073952
0
ARC
5
185
330
70
100
AcDbEntity
67
0
8
IV_INTERIOR_PROFILES
62
256
6
ByLayer
370
-1
48
1.0
60
0
100
AcDbCircle
39
0.0
10
1562.80522003014
20
1299.84163570776
30
0.0
40
46.1106019052669
210
0.0
220
0.0
230
1.0
100
AcDbArc
50
167.444411351178
51
168.704091522268
0
ARC
5
186
330
70
100
AcDbEntity
67
0
8
IV_INTERIOR_PROFILES
62
256
6
ByLayer
370
-1
48
1.0
60
0
100
AcDbCircle
39
0.0
10
1563.06075943062
20
1299.78662891308
30
0.0
40
46.3719880071928
210
0.0
220
0.0
230
1.0
100
AcDbArc
50
166.190705691859
51
167.446708933358
0
ARC
5
187
330
70
100
AcDbEntity
67
0
8
IV_INTERIOR_PROFILES
62
256
6
ByLayer
370
-1
48
1.0
60
0
100
AcDbCircle
39
0.0
10
1563.22410053292
20
1299.7476864291
30
0.0
40
46.5399030632667
210
0.0
220
0.0
230
1.0
100
AcDbArc
50
164.93774536977
51
166.192147538513
0
ARC
5
188
330
70
100
AcDbEntity
67
0
8
IV_INTERIOR_PROFILES
62
256
6
ByLayer
370
-1
48
1.0
60
0
100
AcDbCircle
39
0.0
10
1563.2962104998
20
1299.7287865533
30
0.0
40
46.6144471061499
210
0.0
220
0.0
230
1.0
100
AcDbArc
50
163.683500553667
51
164.93834586787
0
ARC
5
189
330
70
100
AcDbEntity
67
0
8
IV_INTERIOR_PROFILES
62
256
6
ByLayer
370
-1
48
1.0
60
0
100
AcDbCircle
39
0.0
10
1563.27900353418
20
1299.73363031998
30
0.0
40
46.596572338483
210
0.0
220
0.0
230
1.0
100
AcDbArc
50
162.425967272632
51
163.683272464138
0
ARC
5
18A
330
70
100
AcDbEntity
67
0
8
IV_INTERIOR_PROFILES
62
256
6
ByLayer
370
-1
48
1.0
60
0
100
AcDbCircle
39
0.0
10
1563.17529713013
20
1299.76558649216
30
0.0
40
46.488057389835
210
0.0
220
0.0
230
1.0
100
AcDbArc
50
161.163163767351
51
162.424921893998
0
ARC
5
18B
330
70
100
AcDbEntity
67
0
8
IV_INTERIOR_PROFILES
62
256
6
ByLayer
370
-1
48
1.0
60
0
100
AcDbCircle
39
0.0
10
1562.98875551315
20
1299.82764278496
30
0.0
40
46.2914702376883
210
0.0
220
0.0
230
1.0
100
AcDbArc
50
159.893127304846
51
161.16131114001
0
ARC
5
18C
330
70
100
AcDbEntity
67
0
8
IV_INTERIOR_PROFILES
62
256
6
ByLayer
370
-1
48
1.0
60
0
100
AcDbCircle
39
0.0
10
1562.72382168762
20
1299.92236396955
30
0.0
40
46.0101208541455
210
0.0
220
0.0
230
1.0
100
AcDbArc
50
158.61391153984
51
159.890476456429
0
ARC
5
18D
330
70
100
AcDbEntity
67
0
8
IV_INTERIOR_PROFILES
62
256
6
ByLayer
370
-1
48
1.0
60
0
100
AcDbCircle
39
0.0
10
1562.3856398317
20
1300.05185728048
30
0.0
40
45.648004973533
210
0.0
220
0.0
230
1.0
100
AcDbArc
50
157.323584513843
51
158.610470774271
0
ARC
5
18E
330
70
100
AcDbEntity
67
0
8
IV_INTERIOR_PROFILES
62
256
6
ByLayer
370
-1
48
1.0
60
0
100
AcDbCircle
39
0.0
10
1561.97996981103
20
1300.21774538944
30
0.0
40
45.2097404182217
210
0.0
220
0.0
230
1.0
100
AcDbArc
50
156.020227388108
51
157.319361746807
0
ARC
5
18F
330
70
100
AcDbEntity
67
0
8
IV_INTERIOR_PROFILES
62
256
6
ByLayer
370
-1
48
1.0
60
0
100
AcDbCircle
39
0.0
10
1561.5130957693
20
1300.42114698028
30
0.0
40
44.7004976398446
210
0.0
220
0.0
230
1.0
100
AcDbArc
50
154.701934017722
51
156.015230532696
0
ARC
5
190
330
70
100
AcDbEntity
67
0
8
IV_INTERIOR_PROFILES
62
256
6
ByLayer
370
-1
48
1.0
60
0
100
AcDbCircle
39
0.0
10
1560.92650695087
20
1300.69486372093
30
0.0
40
44.0531979316183
210
0.0
220
0.0
230
1.0
100
AcDbArc
50
153.36622413611
51
154.697773429011
0
ARC
5
191
330
70
100
AcDbEntity
67
0
8
IV_INTERIOR_PROFILES
62
256
6
ByLayer
370
-1
48
1.0
60
0
100
AcDbCircle
39
0.0
10
1561.21606675923
20
1300.55083990549
30
0.0
40
44.3765964749365
210
0.0
220
0.0
230
1.0
100
AcDbArc
50
152.047277548194
51
153.367598119527
0
ARC
5
192
330
70
100
AcDbEntity
67
0
8
IV_INTERIOR_PROFILES
62
256
6
ByLayer
370
-1
48
1.0
60
0
100
AcDbCircle
39
0.0
10
1561.68117990064
20
1300.30852771314
30
0.0
40
44.9010293222571
210
0.0
220
0.0
230
1.0
100
AcDbArc
50
150.749418455967
51
152.052350715136
0
ARC
5
193
330
70
100
AcDbEntity
67
0
8
IV_INTERIOR_PROFILES
62
256
6
ByLayer
370
-1
48
1.0
60
0
100
AcDbCircle
39
0.0
10
1562.0799310596
20
1300.08910258092
30
0.0
40
45.3561539894348
210
0.0
220
0.0
230
1.0
100
AcDbArc
50
149.466244334363
51
150.753707608413
0
ARC
5
194
330
70
100
AcDbEntity
67
0
8
IV_INTERIOR_PROFILES
62
256
6
ByLayer
370
-1
48
1.0
60
0
100
AcDbCircle
39
0.0
10
1562.40774418532
20
1299.89897556749
30
0.0
40
45.7351026022422
210
0.0
220
0.0
230
1.0
100
AcDbArc
50
148.19577802851
51
149.469729572719
0
ARC
5
195
330
70
100
AcDbEntity
67
0
8
IV_INTERIOR_PROFILES
62
256
6
ByLayer
370
-1
48
1.0
60
0
100
AcDbCircle
39
0.0
10
1562.66071596061
20
1299.74461663597
30
0.0
40
46.0314416920483
210
0.0
220
0.0
230
1.0
100
AcDbArc
50
146.936004440547
51
148.19843953081
0
ARC
5
196
330
70
100
AcDbEntity
67
0
8
IV_INTERIOR_PROFILES
62
256
6
ByLayer
370
-1
48
1.0
60
0
100
AcDbCircle
39
0.0
10
1562.83568952701
20
1299.63245953368
30
0.0
40
46.23927052301
210
0.0
220
0.0
230
1.0
100
AcDbArc
50
145.684868522711
51
146.93782185745
0
ARC
5
197
330
70
100
AcDbEntity
67
0
8
IV_INTERIOR_PROFILES
62
256
6
ByLayer
370
-1
48
1.0
60
0
100
AcDbCircle
39
0.0
10
1562.93032192089
20
1299.56880143758
30
0.0
40
46.3533189845707
210
0.0
220
0.0
230
1.0
100
AcDbArc
50
144.44027207758
51
145.685820409957
0
ARC
5
198
330
70
100
AcDbEntity
67
0
8
IV_INTERIOR_PROFILES
62
256
6
ByLayer
370
-1
48
1.0
60
0
100
AcDbCircle
39
0.0
10
1562.94314336495
20
1299.55969876579
30
0.0
40
46.369043024738
210
0.0
220
0.0
230
1.0
100
AcDbArc
50
143.200069433313
51
144.440335362037
0
ARC
5
199
330
70
100
AcDbEntity
67
0
8
IV_INTERIOR_PROFILES
62
256
6
ByLayer
370
-1
48
1.0
60
0
100
AcDbCircle
39
0.0
10
1562.87360635933
20
1299.610860942
30
0.0
40
46.2827152162659
210
0.0
220
0.0
230
1.0
100
AcDbArc
50
141.962062046171
51
143.199218906791
0
ARC
5
19A
330
70
100
AcDbEntity
67
0
8
IV_INTERIOR_PROFILES
62
256
6
ByLayer
370
-1
48
1.0
60
0
100
AcDbCircle
39
0.0
10
1562.72212267238
20
1299.72754408736
30
0.0
40
46.0915080597795
210
0.0
220
0.0
230
1.0
100
AcDbArc
50
140.723992074013
51
141.960269882465
0
ARC
5
19B
330
70
100
AcDbEntity
67
0
8
IV_INTERIOR_PROFILES
62
256
6
ByLayer
370
-1
48
1.0
60
0
100
AcDbCircle
39
0.0
10
1562.49008642805
20
1299.91444684639
30
0.0
40
45.793567553099
210
0.0
220
0.0
230
1.0
100
AcDbArc
50
139.48353495568
51
140.721227365723
0
ARC
5
19C
330
70
100
AcDbEntity
67
0
8
IV_INTERIOR_PROFILES
62
256
6
ByLayer
370
-1
48
1.0
60
0
100
AcDbCircle
39
0.0
10
1562.17988176008
20
1300.17561065646
30
0.0
40
45.3880746864732
210
0.0
220
0.0
230
1.0
100
AcDbArc
50
138.238291025167
51
139.479763267437
0
ARC
5
19D
330
70
100
AcDbEntity
67
0
8
IV_INTERIOR_PROFILES
62
256
6
ByLayer
370
-1
48
1.0
60
0
100
AcDbCircle
39
0.0
10
1561.79487368502
20
1300.51432694239
30
0.0
40
44.8752925267529
210
0.0
220
0.0
230
1.0
100
AcDbArc
50
136.985776184506
51
138.233473962407
0
ARC
5
19E
330
70
100
AcDbEntity
67
0
8
IV_INTERIOR_PROFILES
62
256
6
ByLayer
370
-1
48
1.0
60
0
100
AcDbCircle
39
0.0
10
1561.16349595582
20
1301.10195862053
30
0.0
40
44.0127684921153
210
0.0
220
0.0
230
1.0
100
AcDbArc
50
135.720767989438
51
136.984414376966
0
ARC
5
19F
330
70
100
AcDbEntity
67
0
8
IV_INTERIOR_PROFILES
62
256
6
ByLayer
370
-1
48
1.0
60
0
100
AcDbCircle
39
0.0
10
1562.41950303763
20
1299.88601535311
30
0.0
40
45.760919849881
210
0.0
220
0.0
230
1.0
100
AcDbArc
50
134.514024649258
51
135.728705013224
0
ARC
5
1A0
330
70
100
AcDbEntity
67
0
8
IV_INTERIOR_PROFILES
62
256
6
ByLayer
370
-1
48
1.0
60
0
100
AcDbCircle
39
0.0
10
1562.22964821633
20
1300.07648506595
30
0.0
40
45.4919958160222
210
0.0
220
0.0
230
1.0
100
AcDbArc
50
133.286059874655
51
134.511699386405
0
ARC
5
1A1
330
70
100
AcDbEntity
67
0
8
IV_INTERIOR_PROFILES
62
256
6
ByLayer
370
-1
48
1.0
60
0
100
AcDbCircle
39
0.0
10
1562.10891374578
20
1300.2029303938
30
0.0
40
45.3171707356729
210
0.0
220
0.0
230
1.0
100
AcDbArc
50
132.049658908345
51
133.284553721785
0
ARC
5
1A2
330
70
100
AcDbEntity
67
0
8
IV_INTERIOR_PROFILES
62
256
6
ByLayer
370
-1
48
1.0
60
0
100
AcDbCircle
39
0.0
10
1562.05423699371
20
1300.26276397882
30
0.0
40
45.2361193450233
210
0.0
220
0.0
230
1.0
100
AcDbArc
50
130.806596991591
51
132.048992661896
0
ARC
5
1A3
330
70
100
AcDbEntity
67
0
8
IV_INTERIOR_PROFILES
62
256
6
ByLayer
370
-1
48
1.0
60
0
100
AcDbCircle
39
0.0
10
1562.0626462909
20
1300.25325174283
30
0.0
40
45.2488148861539
210
0.0
220
0.0
230
1.0
100
AcDbArc
50
129.558681962319
51
130.806785463115
0
ARC
5
1A4
330
70
100
AcDbEntity
67
0
8
IV_INTERIOR_PROFILES
62
256
6
ByLayer
370
-1
48
1.0
60
0
100
AcDbCircle
39
0.0
10
1562.131247735
20
1300.1715122143
30
0.0
40
45.3555239165529
210
0.0
220
0.0
230
1.0
100
AcDbArc
50
128.307741214389
51
129.559733671853
0
ARC
5
1A5
330
70
100
AcDbEntity
67
0
8
IV_INTERIOR_PROFILES
62
256
6
ByLayer
370
-1
48
1.0
60
0
100
AcDbCircle
39
0.0
10
1562.3727760067
20
1299.86446962925
30
0.0
40
45.7461777422446
210
0.0
220
0.0
230
1.0
100
AcDbArc
50
127.057891425952
51
128.306732152343
0
ARC
5
1A6
330
70
100
AcDbEntity
67
0
8
IV_INTERIOR_PROFILES
62
256
6
ByLayer
370
-1
48
1.0
60
0
100
AcDbCircle
39
0.0
10
1561.12258488918
20
1301.51330064311
30
0.0
40
43.6769739738261
210
0.0
220
0.0
230
1.0
100
AcDbArc
50
125.738205606383
51
127.052558885317
0
ARC
5
1A7
330
70
100
AcDbEntity
67
0
8
IV_INTERIOR_PROFILES
62
256
6
ByLayer
370
-1
48
1.0
60
0
100
AcDbCircle
39
0.0
10
1561.47672302971
20
1301.02892348284
30
0.0
40
44.2769862761059
210
0.0
220
0.0
230
1.0
100
AcDbArc
50
124.442973166032
51
125.744074838079
0
ARC
5
1A8
330
70
100
AcDbEntity
67
0
8
IV_INTERIOR_PROFILES
62
256
6
ByLayer
370
-1
48
1.0
60
0
100
AcDbCircle
39
0.0
10
1561.77590528982
20
1300.59959089512
30
0.0
40
44.8002657432733
210
0.0
220
0.0
230
1.0
100
AcDbArc
50
123.15800023081
51
124.447971304565
0
ARC
5
1A9
330
70
100
AcDbEntity
67
0
8
IV_INTERIOR_PROFILES
62
256
6
ByLayer
370
-1
48
1.0
60
0
100
AcDbCircle
39
0.0
10
1562.02083947415
20
1300.23067138651
30
0.0
40
45.2430792142276
210
0.0
220
0.0
230
1.0
100
AcDbArc
50
121.881213761939
51
123.162141389539
0
ARC
5
1AA
330
70
100
AcDbEntity
67
0
8
IV_INTERIOR_PROFILES
62
256
6
ByLayer
370
-1
48
1.0
60
0
100
AcDbCircle
39
0.0
10
1562.21284985211
20
1299.92693713108
30
0.0
40
45.6024058763809
210
0.0
220
0.0
230
1.0
100
AcDbArc
50
120.610570871254
51
121.884511069698
0
ARC
5
1AB
330
70
100
AcDbEntity
67
0
8
IV_INTERIOR_PROFILES
62
256
6
ByLayer
370
-1
48
1.0
60
0
100
AcDbCircle
39
0.0
10
1562.35385004741
20
1299.69249597682
30
0.0
40
45.8759745810835
210
0.0
220
0.0
230
1.0
100
AcDbArc
50
119.344055669889
51
120.613036335144
0
ARC
5
1AC
330
70
100
AcDbEntity
67
0
8
IV_INTERIOR_PROFILES
62
256
6
ByLayer
370
-1
48
1.0
60
0
100
AcDbCircle
39
0.0
10
1562.4463069986
20
1299.53073376518
30
0.0
40
46.062290335322
210
0.0
220
0.0
230
1.0
100
AcDbArc
50
118.079676002508
51
119.345700095902
0
ARC
5
1AD
330
70
100
AcDbEntity
67
0
8
IV_INTERIOR_PROFILES
62
256
6
ByLayer
370
-1
48
1.0
60
0
100
AcDbCircle
39
0.0
10
1562.49319663484
20
1299.44426797484
30
0.0
40
46.1606494807604
210
0.0
220
0.0
230
1.0
100
AcDbArc
50
116.81546017035
51
118.080508968342
0
ARC
5
1AE
330
70
100
AcDbEntity
67
0
8
IV_INTERIOR_PROFILES
62
256
6
ByLayer
370
-1
48
1.0
60
0
100
AcDbCircle
39
0.0
10
1562.49795208169
20
1299.43491346671
30
0.0
40
46.1711433131276
210
0.0
220
0.0
230
1.0
100
AcDbArc
50
115.549453738615
51
116.815490046356
0
ARC
5
1AF
330
70
100
AcDbEntity
67
0
8
IV_INTERIOR_PROFILES
62
256
6
ByLayer
370
-1
48
1.0
60
0
100
AcDbCircle
39
0.0
10
1562.46440537275
20
1299.50366083602
30
0.0
40
46.0946501625178
210
0.0
220
0.0
230
1.0
100
AcDbArc
50
114.279716518281
51
115.548687754152
0
ARC
5
1B0
330
70
100
AcDbEntity
67
0
8
IV_INTERIOR_PROFILES
62
256
6
ByLayer
370
-1
48
1.0
60
0
100
AcDbCircle
39
0.0
10
1562.39672382197
20
1299.65066749278
30
0.0
40
45.9328163321929
210
0.0
220
0.0
230
1.0
100
AcDbArc
50
113.004319812771
51
114.278160872288
0
ARC
5
1B1
330
70
100
AcDbEntity
67
0
8
IV_INTERIOR_PROFILES
62
256
6
ByLayer
370
-1
48
1.0
60
0
100
AcDbCircle
39
0.0
10
1562.29934224191
20
1299.87526143002
30
0.0
40
45.6880264049626
210
0.0
220
0.0
230
1.0
100
AcDbArc
50
111.721344018288
51
113.001979828545
0
ARC
5
1B2
330
70
100
AcDbEntity
67
0
8
IV_INTERIOR_PROFILES
62
256
6
ByLayer
370
-1
48
1.0
60
0
100
AcDbCircle
39
0.0
10
1562.17689233539
20
1300.17595718693
30
0.0
40
45.3633638518274
210
0.0
220
0.0
230
1.0
100
AcDbArc
50
110.428876672794
51
111.718224343837
0
ARC
5
1B3
330
70
100
AcDbEntity
67
0
8
IV_INTERIOR_PROFILES
62
256
6
ByLayer
370
-1
48
1.0
60
0
100
AcDbCircle
39
0.0
10
1562.03413053788
20
1300.5504833956
30
0.0
40
44.9625629222583
210
0.0
220
0.0
230
1.0
100
AcDbArc
50
109.125011051984
51
110.424981528934
0
ARC
5
1B4
330
70
100
AcDbEntity
67
0
8
IV_INTERIOR_PROFILES
62
256
6
ByLayer
370
-1
48
1.0
60
0
100
AcDbCircle
39
0.0
10
1561.87586562447
20
1300.99582094288
30
0.0
40
44.4899530997317
210
0.0
220
0.0
230
1.0
100
AcDbArc
50
107.807845419994
51
109.120344531331
0
ARC
5
1B5
330
70
100
AcDbEntity
67
0
8
IV_INTERIOR_PROFILES
62
256
6
ByLayer
370
-1
48
1.0
60
0
100
AcDbCircle
39
0.0
10
1561.70688729252
20
1301.50825070056
30
0.0
40
43.9503974048745
210
0.0
220
0.0
230
1.0
100
AcDbArc
50
106.475483050284
51
107.802411841085
0
ARC
5
1B6
330
70
100
AcDbEntity
67
0
8
IV_INTERIOR_PROFILES
62
256
6
ByLayer
370
-1
48
1.0
60
0
100
AcDbCircle
39
0.0
10
1561.63631784097
20
1301.74237984221
30
0.0
40
43.7058674965397
210
0.0
220
0.0
230
1.0
100
AcDbArc
50
105.141602074373
51
106.47381586365
0
ARC
5
1B7
330
70
100
AcDbEntity
67
0
8
IV_INTERIOR_PROFILES
62
256
6
ByLayer
370
-1
48
1.0
60
0
100
AcDbCircle
39
0.0
10
1561.85721657765
20
1300.95417274435
30
0.0
40
44.52441114936
210
0.0
220
0.0
230
1.0
100
AcDbArc
50
103.846005426787
51
105.151054999583
0
ARC
5
1B8
330
70
100
AcDbEntity
67
0
8
IV_INTERIOR_PROFILES
62
256
6
ByLayer
370
-1
48
1.0
60
0
100
AcDbCircle
39
0.0
10
1561.94963086169
20
1300.59089157081
30
0.0
40
44.8992522975265
210
0.0
220
0.0
230
1.0
100
AcDbArc
50
102.558526138294
51
103.849566997526
0
ARC
5
1B9
330
70
100
AcDbEntity
67
0
8
IV_INTERIOR_PROFILES
62
256
6
ByLayer
370
-1
48
1.0
60
0
100
AcDbCircle
39
0.0
10
1562.01610226055
20
1300.30246416292
30
0.0
40
45.1952322872642
210
0.0
220
0.0
230
1.0
100
AcDbArc
50
101.282259650942
51
102.561272454846
0
ARC
5
1BA
330
70
100
AcDbEntity
67
0
8
IV_INTERIOR_PROFILES
62
256
6
ByLayer
370
-1
48
1.0
60
0
100
AcDbCircle
39
0.0
10
1562.05888886446
20
1300.09572307214
30
0.0
40
45.4063490684852
210
0.0
220
0.0
230
1.0
100
AcDbArc
50
100.015158426018
51
101.28416808949
0
ARC
5
1BB
330
70
100
AcDbEntity
67
0
8
IV_INTERIOR_PROFILES
62
256
6
ByLayer
370
-1
48
1.0
60
0
100
AcDbCircle
39
0.0
10
1562.08072338739
20
1299.97686880371
30
0.0
40
45.527189430591
210
0.0
220
0.0
230
1.0
100
AcDbArc
50
98.7551277116014
51
100.016205507551
0
ARC
5
1BC
330
70
100
AcDbEntity
67
0
8
IV_INTERIOR_PROFILES
62
256
6
ByLayer
370
-1
48
1.0
60
0
100
AcDbCircle
39
0.0
10
1562.08478228854
20
1299.95135342239
30
0.0
40
45.5530253169201
210
0.0
220
0.0
230
1.0
100
AcDbArc
50
97.5000216455155
51
98.7552885357253
0
ARC
5
1BD
330
70
100
AcDbEntity
67
0
8
IV_INTERIOR_PROFILES
62
256
6
ByLayer
370
-1
48
1.0
60
0
100
AcDbCircle
39
0.0
10
1562.07464627945
20
1300.0237688918
30
0.0
40
45.4799063609181
210
0.0
220
0.0
230
1.0
100
AcDbArc
50
96.2476382157519
51
97.4992693521237
0
ARC
5
1BE
330
70
100
AcDbEntity
67
0
8
IV_INTERIOR_PROFILES
62
256
6
ByLayer
370
-1
48
1.0
60
0
100
AcDbCircle
39
0.0
10
1562.05425221148
20
1300.19774292054
30
0.0
40
45.3047462114207
210
0.0
220
0.0
230
1.0
100
AcDbArc
50
94.995713122604
51
96.2459434703471
0
ARC
5
1BF
330
70
100
AcDbEntity
67
0
8
IV_INTERIOR_PROFILES
62
256
6
ByLayer
370
-1
48
1.0
60
0
100
AcDbCircle
39
0.0
10
1562.02783658228
20
1300.47584514247
30
0.0
40
45.025400183675
210
0.0
220
0.0
230
1.0
100
AcDbArc
50
93.7419125783303
51
94.9930436214308
0
ARC
5
1C0
330
70
100
AcDbEntity
67
0
8
IV_INTERIOR_PROFILES
62
256
6
ByLayer
370
-1
48
1.0
60
0
100
AcDbCircle
39
0.0
10
1561.99987115499
20
1300.85950647337
30
0.0
40
44.6407317676325
210
0.0
220
0.0
230
1.0
100
AcDbArc
50
92.4838250732575
51
93.73823257031
0
ARC
5
1C1
330
70
100
AcDbEntity
67
0
8
IV_INTERIOR_PROFILES
62
256
6
ByLayer
370
-1
48
1.0
60
0
100
AcDbCircle
39
0.0
10
1561.97247416409
20
1301.53014590617
30
0.0
40
43.9695351230461
210
0.0
220
0.0
230
1.0
100
AcDbArc
50
91.2203560058437
51
92.486030513114
0
ARC
5
1C2
330
70
100
AcDbEntity
67
0
8
IV_INTERIOR_PROFILES
62
256
6
ByLayer
370
-1
48
1.0
60
0
100
AcDbCircle
39
0.0
10
1562.01783364619
20
1299.95406425881
30
0.0
40
45.5462268565233
210
0.0
220
0.0
230
1.0
100
AcDbArc
50
90.0171285071855
51
91.2351779169832
0
ARC
5
1C3
330
70
100
AcDbEntity
67
0
8
IV_INTERIOR_PROFILES
62
256
6
ByLayer
370
-1
48
1.0
60
0
100
AcDbCircle
39
0.0
10
1562.01258707289
20
1300.69680246328
30
0.0
40
44.8034873985297
210
0.0
220
0.0
230
1.0
100
AcDbArc
50
88.7728662647809
51
90.0107030141102
0
ARC
5
1C4
330
70
100
AcDbEntity
67
0
8
IV_INTERIOR_PROFILES
62
256
6
ByLayer
370
-1
48
1.0
60
0
100
AcDbCircle
39
0.0
10
1562.01767486427
20
1301.03810149155
30
0.0
40
44.4621577419563
210
0.0
220
0.0
230
1.0
100
AcDbArc
50
87.5202247887916
51
88.7700021344151
0
ARC
5
1C5
330
70
100
AcDbEntity
67
0
8
IV_INTERIOR_PROFILES
62
256
6
ByLayer
370
-1
48
1.0
60
0
100
AcDbCircle
39
0.0
10
1562.0161416885
20
1300.98914364303
30
0.0
40
44.5111360835817
210
0.0
220
0.0
230
1.0
100
AcDbArc
50
86.2672841453785
51
87.5209797531554
0
ARC
5
1C6
330
70
100
AcDbEntity
67
0
8
IV_INTERIOR_PROFILES
62
256
6
ByLayer
370
-1
48
1.0
60
0
100
AcDbCircle
39
0.0
10
1561.99114374645
20
1300.55367476229
30
0.0
40
44.9473087116589
210
0.0
220
0.0
230
1.0
100
AcDbArc
50
85.0220144818388
51
86.2716246466175
0
ARC
5
1C7
330
70
100
AcDbEntity
67
0
8
IV_INTERIOR_PROFILES
62
256
6
ByLayer
370
-1
48
1.0
60
0
100
AcDbCircle
39
0.0
10
1561.92138614228
20
1299.78790847729
30
0.0
40
45.7162397882272
210
0.0
220
0.0
230
1.0
100
AcDbArc
50
83.7797532384304
51
85.0181961172248
0
ARC
5
1C8
330
70
100
AcDbEntity
67
0
8
IV_INTERIOR_PROFILES
62
256
6
ByLayer
370
-1
48
1.0
60
0
100
AcDbCircle
39
0.0
10
1562.14505661475
20
1302.01895865943
30
0.0
40
43.4740938617334
210
0.0
220
0.0
230
1.0
100
AcDbArc
50
82.4450319136497
51
83.7542090247347
0
ARC
5
1C9
330
70
100
AcDbEntity
67
0
8
IV_INTERIOR_PROFILES
62
256
6
ByLayer
370
-1
48
1.0
60
0
100
AcDbCircle
39
0.0
10
1562.06697728265
20
1301.39419302885
30
0.0
40
44.1037019298497
210
0.0
220
0.0
230
1.0
100
AcDbArc
50
81.1550491237475
51
82.4511909628082
0
ARC
5
1CA
330
70
100
AcDbEntity
67
0
8
IV_INTERIOR_PROFILES
62
256
6
ByLayer
370
-1
48
1.0
60
0
100
AcDbCircle
39
0.0
10
1561.98669639914
20
1300.85175200535
30
0.0
40
44.6520365367685
210
0.0
220
0.0
230
1.0
100
AcDbArc
50
79.8749439700055
51
81.1602846002059
0
ARC
5
1CB
330
70
100
AcDbEntity
67
0
8
IV_INTERIOR_PROFILES
62
256
6
ByLayer
370
-1
48
1.0
60
0
100
AcDbCircle
39
0.0
10
1561.90855489267
20
1300.39476794363
30
0.0
40
45.1156409001472
210
0.0
220
0.0
230
1.0
100
AcDbArc
50
78.6025527355834
51
79.8792770979817
0
ARC
5
1CC
330
70
100
AcDbEntity
67
0
8
IV_INTERIOR_PROFILES
62
256
6
ByLayer
370
-1
48
1.0
60
0
100
AcDbCircle
39
0.0
10
1561.83689726636
20
1300.025440781
30
0.0
40
45.4918455324367
210
0.0
220
0.0
230
1.0
100
AcDbArc
50
77.3357551227071
51
78.6060031364988
0
ARC
5
1CD
330
70
100
AcDbEntity
67
0
8
IV_INTERIOR_PROFILES
62
256
6
ByLayer
370
-1
48
1.0
60
0
100
AcDbCircle
39
0.0
10
1561.77600245948
20
1299.74501764555
30
0.0
40
45.7787968718529
210
0.0
220
0.0
230
1.0
100
AcDbArc
50
76.0724700013202
51
77.3383407650754
0
ARC
5
1CE
330
70
100
AcDbEntity
67
0
8
IV_INTERIOR_PROFILES
62
256
6
ByLayer
370
-1
48
1.0
60
0
100
AcDbCircle
39
0.0
10
1561.73001647905
20
1299.55378759024
30
0.0
40
45.9754735344255
210
0.0
220
0.0
230
1.0
100
AcDbArc
50
74.8106512282873
51
76.074207206248
0
ARC
5
1CF
330
70
100
AcDbEntity
67
0
8
IV_INTERIOR_PROFILES
62
256
6
ByLayer
370
-1
48
1.0
60
0
100
AcDbCircle
39
0.0
10
1561.70288800217
20
1299.45109138187
30
0.0
40
46.0816900051394
210
0.0
220
0.0
230
1.0
100
AcDbArc
50
73.5482836330889
51
74.8115547244071
0
ARC
5
1D0
330
70
100
AcDbEntity
67
0
8
IV_INTERIOR_PROFILES
62
256
6
ByLayer
370
-1
48
1.0
60
0
100
AcDbCircle
39
0.0
10
1561.69830805399
20
1299.43534589059
30
0.0
40
46.0980879306407
210
0.0
220
0.0
230
1.0
100
AcDbArc
50
72.2833792588315
51
73.5483666567382
0
ARC
5
1D1
330
70
100
AcDbEntity
67
0
8
IV_INTERIOR_PROFILES
62
256
6
ByLayer
370
-1
48
1.0
60
0
100
AcDbCircle
39
0.0
10
1561.71965474293
20
1299.50408229447
30
0.0
40
46.0261154768629
210
0.0
220
0.0
230
1.0
100
AcDbArc
50
71.0139739431692
51
72.2826536968112
0
ARC
5
1D2
330
70
100
AcDbEntity
67
0
8
IV_INTERIOR_PROFILES
62
256
6
ByLayer
370
-1
48
1.0
60
0
100
AcDbCircle
39
0.0
10
1561.76994389004
20
1299.65399702388
30
0.0
40
45.8679954847021
210
0.0
220
0.0
230
1.0
100
AcDbArc
50
69.7381243224641
51
71.0124505171159
0
ARC
5
1D3
330
70
100
AcDbEntity
67
0
8
IV_INTERIOR_PROFILES
62
256
6
ByLayer
370
-1
48
1.0
60
0
100
AcDbCircle
39
0.0
10
1561.8517862087
20
1299.88101407578
30
0.0
40
45.6266834444982
210
0.0
220
0.0
230
1.0
100
AcDbArc
50
68.4539053444082
51
69.7358128149074
0
ARC
5
1D4
330
70
100
AcDbEntity
67
0
8
IV_INTERIOR_PROFILES
62
256
6
ByLayer
370
-1
48
1.0
60
0
100
AcDbCircle
39
0.0
10
1561.96735152383
20
1300.18035716686
30
0.0
40
45.3058164720197
210
0.0
220
0.0
230
1.0
100
AcDbArc
50
67.1594083775511
51
68.4508148678164
0
ARC
5
1D5
330
70
100
AcDbEntity
67
0
8
IV_INTERIOR_PROFILES
62
256
6
ByLayer
370
-1
48
1.0
60
0
100
AcDbCircle
39
0.0
10
1562.11834032296
20
1300.54663001055
30
0.0
40
44.9096546673323
210
0.0
220
0.0
230
1.0
100
AcDbArc
50
65.852740012464
51
67.1555476888434
0
ARC
5
1D6
330
70
100
AcDbEntity
67
0
8
IV_INTERIOR_PROFILES
62
256
6
ByLayer
370
-1
48
1.0
60
0
100
AcDbCircle
39
0.0
10
1562.30596274773
20
1300.97390291606
30
0.0
40
44.4430163482624
210
0.0
220
0.0
230
1.0
100
AcDbArc
50
64.5320216565468
51
65.8481178759272
0
ARC
5
1D7
330
70
100
AcDbEntity
67
0
8
IV_INTERIOR_PROFILES
62
256
6
ByLayer
370
-1
48
1.0
60
0
100
AcDbCircle
39
0.0
10
1562.5309249638
20
1301.45580388806
30
0.0
40
43.9112087001708
210
0.0
220
0.0
230
1.0
100
AcDbArc
50
63.1953900331786
51
64.5266472589412
0
ARC
5
1D8
330
70
100
AcDbEntity
67
0
8
IV_INTERIOR_PROFILES
62
256
6
ByLayer
370
-1
48
1.0
60
0
100
AcDbCircle
39
0.0
10
1562.5693179498
20
1301.53570534838
30
0.0
40
43.8225794318412
210
0.0
220
0.0
230
1.0
100
AcDbArc
50
61.8603491553309
51
63.1930838632598
0
ARC
5
1D9
330
70
100
AcDbEntity
67
0
8
IV_INTERIOR_PROFILES
62
256
6
ByLayer
370
-1
48
1.0
60
0
100
AcDbCircle
39
0.0
10
1562.24674465252
20
1300.92008146214
30
0.0
40
44.5175701331308
210
0.0
220
0.0
230
1.0
100
AcDbArc
50
60.5577144779688
51
61.8679382410248
0
ARC
5
1DA
330
70
100
AcDbEntity
67
0
8
IV_INTERIOR_PROFILES
62
256
6
ByLayer
370
-1
48
1.0
60
0
100
AcDbCircle
39
0.0
10
1562.02185790071
20
1300.51457992047
30
0.0
40
44.9812441198546
210
0.0
220
0.0
230
1.0
100
AcDbArc
50
59.2675642131622
51
60.5621471825935
0
ARC
5
1DB
330
70
100
AcDbEntity
67
0
8
IV_INTERIOR_PROFILES
62
256
6
ByLayer
370
-1
48
1.0
60
0
100
AcDbCircle
39
0.0
10
1561.82588886122
20
1300.17934276764
30
0.0
40
45.3695476815714
210
0.0
220
0.0
230
1.0
100
AcDbArc
50
57.9902688854543
51
59.2711865673321
0
ARC
5
1DC
330
70
100
AcDbEntity
67
0
8
IV_INTERIOR_PROFILES
62
256
6
ByLayer
370
-1
48
1.0
60
0
100
AcDbCircle
39
0.0
10
1561.66528662913
20
1299.91822202426
30
0.0
40
45.6760965280531
210
0.0
220
0.0
230
1.0
100
AcDbArc
50
56.7237976635651
51
57.993061866062
0
ARC
5
1DD
330
70
100
AcDbEntity
67
0
8
IV_INTERIOR_PROFILES
62
256
6
ByLayer
370
-1
48
1.0
60
0
100
AcDbCircle
39
0.0
10
1561.54645926298
20
1299.73432253988
30
0.0
40
45.8950406983919
210
0.0
220
0.0
230
1.0
100
AcDbArc
50
55.4660817021444
51
56.7257417958409
0
ARC
5
1DE
330
70
100
AcDbEntity
67
0
8
IV_INTERIOR_PROFILES
62
256
6
ByLayer
370
-1
48
1.0
60
0
100
AcDbCircle
39
0.0
10
1561.47567344192
20
1299.62993618333
30
0.0
40
46.0211612782342
210
0.0
220
0.0
230
1.0
100
AcDbArc
50
54.2150110924991
51
55.4671564953311
0
ARC
5
1DF
330
70
100
AcDbEntity
67
0
8
IV_INTERIOR_PROFILES
62
256
6
ByLayer
370
-1
48
1.0
60
0
100
AcDbCircle
39
0.0
10
1561.45895057552
20
1299.60648444079
30
0.0
40
46.0499643469944
210
0.0
220
0.0
230
1.0
100
AcDbArc
50
52.9684307039469
51
54.2151945121867
0
ARC
5
1E0
330
70
100
AcDbEntity
67
0
8
IV_INTERIOR_PROFILES
62
256
6
ByLayer
370
-1
48
1.0
60
0
100
AcDbCircle
39
0.0
10
1561.5019611673
20
1299.66447141703
30
0.0
40
45.9777697848183
210
0.0
220
0.0
230
1.0
100
AcDbArc
50
51.724134975965
51
52.9676986756185
0
ARC
5
1E1
330
70
100
AcDbEntity
67
0
8
IV_INTERIOR_PROFILES
62
256
6
ByLayer
370
-1
48
1.0
60
0
100
AcDbCircle
39
0.0
10
1561.6099194427
20
1299.80344911289
30
0.0
40
45.8017925379035
210
0.0
220
0.0
230
1.0
100
AcDbArc
50
50.4798617119167
51
51.722460915586
0
ARC
5
1E2
330
70
100
AcDbEntity
67
0
8
IV_INTERIOR_PROFILES
62
256
6
ByLayer
370
-1
48
1.0
60
0
100
AcDbCircle
39
0.0
10
1561.78748041251
20
1300.02199666107
30
0.0
40
45.5202139813286
210
0.0
220
0.0
230
1.0
100
AcDbArc
50
49.2332849177326
51
50.4772160799541
0
ARC
5
1E3
330
70
100
AcDbEntity
67
0
8
IV_INTERIOR_PROFILES
62
256
6
ByLayer
370
-1
48
1.0
60
0
100
AcDbCircle
39
0.0
10
1562.03864169491
20
1300.31771500592
30
0.0
40
45.1322410553732
210
0.0
220
0.0
230
1.0
100
AcDbArc
50
47.9820067226716
51
49.2296347937143
0
ARC
5
1E4
330
70
100
AcDbEntity
67
0
8
IV_INTERIOR_PROFILES
62
256
6
ByLayer
370
-1
48
1.0
60
0
100
AcDbCircle
39
0.0
10
1562.36665251322
20
1300.68723824033
30
0.0
40
44.638150971158
210
0.0
220
0.0
230
1.0
100
AcDbArc
50
46.7235484157701
51
47.9773153994265
0
ARC
5
1E5
330
70
100
AcDbEntity
67
0
8
IV_INTERIOR_PROFILES
62
256
6
ByLayer
370
-1
48
1.0
60
0
100
AcDbCircle
39
0.0
10
1562.01156563049
20
1300.31065423045
30
0.0
40
45.155743549914
210
0.0
220
0.0
230
1.0
100
AcDbArc
50
45.4900563303983
51
46.7230826677127
0
ARC
5
1E6
330
70
100
AcDbEntity
67
0
8
IV_INTERIOR_PROFILES
62
256
6
ByLayer
370
-1
48
1.0
60
0
100
AcDbCircle
39
0.0
10
1561.66299775448
20
1299.94513960907
30
0.0
40
45.6607607920306
210
0.0
220
0.0
230
1.0
100
AcDbArc
50
44.2816831413845
51
45.499673272913
0
ARC
5
1E7
330
70
100
AcDbEntity
67
0
8
IV_INTERIOR_PROFILES
62
256
6
ByLayer
370
-1
48
1.0
60
0
100
AcDbCircle
39
0.0
10
1562.04573530907
20
1300.32341395649
30
0.0
40
45.1226469821581
210
0.0
220
0.0
230
1.0
100
AcDbArc
50
43.0432948816736
51
44.2771240350689
0
ARC
5
1E8
330
70
100
AcDbEntity
67
0
8
IV_INTERIOR_PROFILES
62
256
6
ByLayer
370
-1
48
1.0
60
0
100
AcDbCircle
39
0.0
10
1562.16469961132
20
1300.4358258585
30
0.0
40
44.9589765077694
210
0.0
220
0.0
230
1.0
100
AcDbArc
50
41.7997838913932
51
43.0420769029193
0
ARC
5
1E9
330
70
100
AcDbEntity
67
0
8
IV_INTERIOR_PROFILES
62
256
6
ByLayer
370
-1
48
1.0
60
0
100
AcDbCircle
39
0.0
10
1562.01407164798
20
1300.29888916709
30
0.0
40
45.1625388156079
210
0.0
220
0.0
230
1.0
100
AcDbArc
50
40.5586198687828
51
41.8019220306793
0
ARC
5
1EA
330
70
100
AcDbEntity
67
0
8
IV_INTERIOR_PROFILES
62
256
6
ByLayer
370
-1
48
1.0
60
0
100
AcDbCircle
39
0.0
10
1561.58347926072
20
1299.92466116547
30
0.0
40
45.7330104191788
210
0.0
220
0.0
230
1.0
100
AcDbArc
50
39.3271033065647
51
40.5640498518769
0
ARC
5
1EB
330
70
100
AcDbEntity
67
0
8
IV_INTERIOR_PROFILES
62
256
6
ByLayer
370
-1
48
1.0
60
0
100
AcDbCircle
39
0.0
10
1562.65049055154
20
1300.79468061092
30
0.0
40
44.3562619884626
210
0.0
220
0.0
230
1.0
100
AcDbArc
50
38.0466448685486
51
39.3312623444617
0
ARC
5
1EC
330
70
100
AcDbEntity
67
0
8
IV_INTERIOR_PROFILES
62
256
6
ByLayer
370
-1
48
1.0
60
0
100
AcDbCircle
39
0.0
10
1562.68277434464
20
1300.82355954842
30
0.0
40
44.3130401233097
210
0.0
220
0.0
230
1.0
100
AcDbArc
50
36.7510579138584
51
38.0429652613807
0
ARC
5
1ED
330
70
100
AcDbEntity
67
0
8
IV_INTERIOR_PROFILES
62
256
6
ByLayer
370
-1
48
1.0
60
0
100
AcDbCircle
39
0.0
10
1562.21069173138
20
1300.46553718012
30
0.0
40
44.90551200417
210
0.0
220
0.0
230
1.0
100
AcDbArc
50
35.4763524747056
51
36.7566683924296
0
ARC
5
1EE
330
70
100
AcDbEntity
67
0
8
IV_INTERIOR_PROFILES
62
256
6
ByLayer
370
-1
48
1.0
60
0
100
AcDbCircle
39
0.0
10
1561.80057330331
20
1300.1686960066
30
0.0
40
45.4117709894774
210
0.0
220
0.0
230
1.0
100
AcDbArc
50
34.2100861829851
51
35.4810396312073
0
ARC
5
1EF
330
70
100
AcDbEntity
67
0
8
IV_INTERIOR_PROFILES
62
256
6
ByLayer
370
-1
48
1.0
60
0
100
AcDbCircle
39
0.0
10
1561.45737668087
20
1299.93171020903
30
0.0
40
45.8288286661427
210
0.0
220
0.0
230
1.0
100
AcDbArc
50
32.9501011186449
51
34.2138715957024
0
ARC
5
1F0
330
70
100
AcDbEntity
67
0
8
IV_INTERIOR_PROFILES
62
256
6
ByLayer
370
-1
48
1.0
60
0
100
AcDbCircle
39
0.0
10
1561.18533572411
20
1299.75259424882
30
0.0
40
46.1545330994861
210
0.0
220
0.0
230
1.0
100
AcDbArc
50
31.6942822997694
51
32.953004502399
0
ARC
5
1F1
330
70
100
AcDbEntity
67
0
8
IV_INTERIOR_PROFILES
62
256
6
ByLayer
370
-1
48
1.0
60
0
100
AcDbCircle
39
0.0
10
1560.98790456653
20
1299.62874513901
30
0.0
40
46.3875887836975
210
0.0
220
0.0
230
1.0
100
AcDbArc
50
30.4405530477743
51
31.6963215123242
0
ARC
5
1F2
330
70
100
AcDbEntity
67
0
8
IV_INTERIOR_PROFILES
62
256
6
ByLayer
370
-1
48
1.0
60
0
100
AcDbCircle
39
0.0
10
1560.86771464879
20
1299.5569938469
30
0.0
40
46.5275635367906
210
0.0
220
0.0
230
1.0
100
AcDbArc
50
29.1868705237769
51
30.4417441457975
0
ARC
5
1F3
330
70
100
AcDbEntity
67
0
8
IV_INTERIOR_PROFILES
62
256
6
ByLayer
370
-1
48
1.0
60
0
100
AcDbCircle
39
0.0
10
1560.82654533118
20
1299.53366475193
30
0.0
40
46.5748824029379
210
0.0
220
0.0
230
1.0
100
AcDbArc
50
27.9312215221778
51
29.1872278634032
0
ARC
5
1F4
330
70
100
AcDbEntity
67
0
8
IV_INTERIOR_PROFILES
62
256
6
ByLayer
370
-1
48
1.0
60
0
100
AcDbCircle
39
0.0
10
1560.86530823653
20
1299.55464186242
30
0.0
40
46.5308090538646
210
0.0
220
0.0
230
1.0
100
AcDbArc
50
26.671618604719
51
27.9307579012957
0
ARC
5
1F5
330
70
100
AcDbEntity
67
0
8
IV_INTERIOR_PROFILES
62
256
6
ByLayer
370
-1
48
1.0
60
0
100
AcDbCircle
39
0.0
10
1560.9840452781
20
1299.61544045248
30
0.0
40
46.397415322376
210
0.0
220
0.0
230
1.0
100
AcDbArc
50
25.4060966537658
51
26.6703454453608
0
ARC
5
1F6
330
70
100
AcDbEntity
67
0
8
IV_INTERIOR_PROFILES
62
256
6
ByLayer
370
-1
48
1.0
60
0
100
AcDbCircle
39
0.0
10
1561.18193984857
20
1299.71128261126
30
0.0
40
46.1775399546736
210
0.0
220
0.0
230
1.0
100
AcDbArc
50
24.1327099275732
51
25.4040242247657
0
ARC
5
1F7
330
70
100
AcDbEntity
67
0
8
IV_INTERIOR_PROFILES
62
256
6
ByLayer
370
-1
48
1.0
60
0
100
AcDbCircle
39
0.0
10
1561.45734053411
20
1299.8371752642
30
0.0
40
45.8747376910952
210
0.0
220
0.0
230
1.0
100
AcDbArc
50
22.849529700456
51
24.1298476084943
0
ARC
5
1F8
330
70
100
AcDbEntity
67
0
8
IV_INTERIOR_PROFILES
62
256
6
ByLayer
370
-1
48
1.0
60
0
100
AcDbCircle
39
0.0
10
1561.80779622683
20
1299.98798912325
30
0.0
40
45.4932202293247
210
0.0
220
0.0
230
1.0
100
AcDbArc
50
21.5546425813179
51
22.8458862894273
0
ARC
5
1F9
330
70
100
AcDbEntity
67
0
8
IV_INTERIOR_PROFILES
62
256
6
ByLayer
370
-1
48
1.0
60
0
100
AcDbCircle
39
0.0
10
1562.23010161469
20
1300.15853723476
30
0.0
40
45.0377904015358
210
0.0
220
0.0
230
1.0
100
AcDbArc
50
20.2461496048408
51
21.5502266490037
0
ARC
5
1FA
330
70
100
AcDbEntity
67
0
8
IV_INTERIOR_PROFILES
62
256
6
ByLayer
370
-1
48
1.0
60
0
100
AcDbCircle
39
0.0
10
1562.72035150156
20
1300.34365172116
30
0.0
40
44.5137713751312
210
0.0
220
0.0
230
1.0
100
AcDbArc
50
18.9221662066024
51
20.2409698997189
0
ARC
5
1FB
330
70
100
AcDbEntity
67
0
8
IV_INTERIOR_PROFILES
62
256
6
ByLayer
370
-1
48
1.0
60
0
100
AcDbCircle
39
0.0
10
1563.27113545045
20
1300.53489347175
30
0.0
40
43.9307353388928
210
0.0
220
0.0
230
1.0
100
AcDbArc
50
17.5839177830643
51
18.9191704627158
0
ARC
5
1FC
330
70
100
AcDbEntity
67
0
8
IV_INTERIOR_PROFILES
62
256
6
ByLayer
370
-1
48
1.0
60
0
100
AcDbCircle
39
0.0
10
1562.73754134095
20
1300.36149451631
30
0.0
40
44.4917819484383
210
0.0
220
0.0
230
1.0
100
AcDbArc
50
16.2723444957932
51
17.5891937705898
0
ARC
5
1FD
330
70
100
AcDbEntity
67
0
8
IV_INTERIOR_PROFILES
62
256
6
ByLayer
370
-1
48
1.0
60
0
100
AcDbCircle
39
0.0
10
1562.226801936
20
1300.20821139202
30
0.0
40
45.0250120987339
210
0.0
220
0.0
230
1.0
100
AcDbArc
50
14.978210002047
51
16.2774750730364
0
ARC
5
1FE
330
70
100
AcDbEntity
67
0
8
IV_INTERIOR_PROFILES
62
256
6
ByLayer
370
-1
48
1.0
60
0
100
AcDbCircle
39
0.0
10
1561.78047231491
20
1300.0852344536
30
0.0
40
45.4879610346151
210
0.0
220
0.0
230
1.0
100
AcDbArc
50
13.6989302076329
51
14.9825480720966
0
ARC
5
1FF
330
70
100
AcDbEntity
67
0
8
IV_INTERIOR_PROFILES
62
256
6
ByLayer
370
-1
48
1.0
60
0
100
AcDbCircle
39
0.0
10
1561.40644955183
20
1299.9911593501
30
0.0
40
45.8736231282613
210
0.0
220
0.0
230
1.0
100
AcDbArc
50
12.4325108797751
51
13.7024560204311
0
ARC
5
200
330
70
100
AcDbEntity
67
0
8
IV_INTERIOR_PROFILES
62
256
6
ByLayer
370
-1
48
1.0
60
0
100
AcDbCircle
39
0.0
10
1561.11218760479
20
1299.92406349314
30
0.0
40
46.1754297967797
210
0.0
220
0.0
230
1.0
100
AcDbArc
50
11.176920058586
51
12.4352046890573
0
ARC
5
201
330
70
100
AcDbEntity
67
0
8
IV_INTERIOR_PROFILES
62
256
6
ByLayer
370
-1
48
1.0
60
0
100
AcDbCircle
39
0.0
10
1560.90457551774
20
1299.88152241571
30
0.0
40
46.387350323064
210
0.0
220
0.0
230
1.0
100
AcDbArc
50
9.93008585694365
51
11.1787615040423
0
ARC
5
202
330
70
100
AcDbEntity
67
0
8
IV_INTERIOR_PROFILES
62
256
6
ByLayer
370
-1
48
1.0
60
0
100
AcDbCircle
39
0.0
10
1560.78981615679
20
1299.86063436479
30
0.0
40
46.5039925386672
210
0.0
220
0.0
230
1.0
100
AcDbArc
50
8.68989304379841
51
9.93105338461571
0
ARC
5
203
330
70
100
AcDbEntity
67
0
8
IV_INTERIOR_PROFILES
62
256
6
ByLayer
370
-1
48
1.0
60
0
100
AcDbCircle
39
0.0
10
1560.77330800407
20
1299.85805348785
30
0.0
40
46.5207011224984
210
0.0
220
0.0
230
1.0
100
AcDbArc
50
7.45417847416056
51
8.6899633590872
0
ARC
5
204
330
70
100
AcDbEntity
67
0
8
IV_INTERIOR_PROFILES
62
256
6
ByLayer
370
-1
48
1.0
60
0
100
AcDbCircle
39
0.0
10
1560.8595326997
20
1299.87003177257
30
0.0
40
46.4336511409885
210
0.0
220
0.0
230
1.0
100
AcDbArc
50
6.22072541674521
51
7.45332602132874
0
ARC
5
205
330
70
100
AcDbEntity
67
0
8
IV_INTERIOR_PROFILES
62
256
6
ByLayer
370
-1
48
1.0
60
0
100
AcDbCircle
39
0.0
10
1561.05195122258
20
1299.89246968613
30
0.0
40
46.2399342845135
210
0.0
220
0.0
230
1.0
100
AcDbArc
50
4.98725681912294
51
6.2189218803088
0
ARC
5
206
330
70
100
AcDbEntity
67
0
8
IV_INTERIOR_PROFILES
62
256
6
ByLayer
370
-1
48
1.0
60
0
100
AcDbCircle
39
0.0
10
1561.35291162569
20
1299.92097520415
30
0.0
40
45.9376352506726
210
0.0
220
0.0
230
1.0
100
AcDbArc
50
3.75142754007124
51
4.98447064289171
0
ARC
5
207
330
70
100
AcDbEntity
67
0
8
IV_INTERIOR_PROFILES
62
256
6
ByLayer
370
-1
48
1.0
60
0
100
AcDbCircle
39
0.0
10
1561.76357109986
20
1299.95093064753
30
0.0
40
45.5258958751303
210
0.0
220
0.0
230
1.0
100
AcDbArc
50
2.51081557379288
51
3.74762346058694
0
ARC
5
208
330
70
100
AcDbEntity
67
0
8
IV_INTERIOR_PROFILES
62
256
6
ByLayer
370
-1
48
1.0
60
0
100
AcDbCircle
39
0.0
10
1562.28383517148
20
1299.97756649591
30
0.0
40
45.0049645721277
210
0.0
220
0.0
230
1.0
100
AcDbArc
50
1.26291228319653
51
2.50595416586049
0
ARC
5
209
330
70
100
AcDbEntity
67
0
8
IV_INTERIOR_PROFILES
62
256
6
ByLayer
370
-1
48
1.0
60
0
100
AcDbCircle
39
0.0
10
1562.91231640907
20
1299.99604106031
30
0.0
40
44.3762290591295
210
0.0
220
0.0
230
1.0
100
AcDbArc
50
0.0051116615868458
51
1.25694951797765
0
LINE
5
20A
330
70
100
AcDbEntity
67
0
8
IV_OUTER_PROFILE
62
256
6
ByLayer
370
-1
48
1.0
60
0
100
AcDbLine
10
0.0000001000003775
20
1700.0000001
30
0.0
11
3747.75834853072
21
1700.0000001
31
0.0
39
0.0
210
0.0
220
0.0
230
1.0
0
LINE
5
20B
330
70
100
AcDbEntity
67
0
8
IV_OUTER_PROFILE
62
256
6
ByLayer
370
-1
48
1.0
60
0
100
AcDbLine
10
0.0000001
20
0.000000100000932
30
0.0
11
3747.75834853072
21
0.0000001000000793
31
0.0
39
0.0
210
0.0
220
0.0
230
1.0
0
LINE
5
20C
330
70
100
AcDbEntity
67
0
8
IV_OUTER_PROFILE
62
256
6
ByLayer
370
-1
48
1.0
60
0
100
AcDbLine
10
0.0000001000003775
20
1700.0000001
30
0.0
11
0.0000001
21
0.000000100000932
31
0.0
39
0.0
210
0.0
220
0.0
230
1.0
0
LINE
5
20D
330
70
100
AcDbEntity
67
0
8
IV_OUTER_PROFILE
62
256
6
ByLayer
370
-1
48
1.0
60
0
100
AcDbLine
10
3747.75834853072
20
1700.0000001
30
0.0
11
3747.75834853072
21
0.0000001000000793
31
0.0
39
0.0
210
0.0
220
0.0
230
1.0
0
ARC
5
20E
330
70
100
AcDbEntity
67
0
8
0
62
256
6
ByLayer
370
-1
48
1.0
60
0
100
AcDbCircle
39
0.0
10
664.798081100534
20
417.499818979926
30
0.0
40
235.712207026853
210
0.0
220
0.0
230
1.0
100
AcDbArc
50
359.765206304712
51
0.0000440257886947
0
ARC
5
20F
330
70
100
AcDbEntity
67
0
8
0
62
256
6
ByLayer
370
-1
48
1.0
60
0
100
AcDbCircle
39
0.0
10
664.269331087945
20
417.50126500975
30
0.0
40
236.240958526608
210
0.0
220
0.0
230
1.0
100
AcDbArc
50
359.530819204106
51
359.765381109758
0
ARC
5
210
330
70
100
AcDbEntity
67
0
8
0
62
256
6
ByLayer
370
-1
48
1.0
60
0
100
AcDbCircle
39
0.0
10
663.754515515611
20
417.504779870344
30
0.0
40
236.755785621428
210
0.0
220
0.0
230
1.0
100
AcDbArc
50
359.296690275142
51
359.530988825959
0
ARC
5
211
330
70
100
AcDbEntity
67
0
8
0
62
256
6
ByLayer
370
-1
48
1.0
60
0
100
AcDbCircle
39
0.0
10
663.253694475183
20
417.51024667253
30
0.0
40
237.25663603581
210
0.0
220
0.0
230
1.0
100
AcDbArc
50
359.062807168295
51
359.296854748382
0
ARC
5
212
330
70
100
AcDbEntity
67
0
8
0
62
256
6
ByLayer
370
-1
48
1.0
60
0
100
AcDbCircle
39
0.0
10
662.766922707925
20
417.517548224375
30
0.0
40
237.743462113284
210
0.0
220
0.0
230
1.0
100
AcDbArc
50
358.829157609469
51
359.062966527159
0
ARC
5
213
330
70
100
AcDbEntity
67
0
8
0
62
256
6
ByLayer
370
-1
48
1.0
60
0
100
AcDbCircle
39
0.0
10
662.294250090882
20
417.526567089774
30
0.0
40
238.216220330782
210
0.0
220
0.0
230
1.0
100
AcDbArc
50
358.595729398695
51
358.82931188774
0
ARC
5
214
330
70
100
AcDbEntity
67
0
8
0
62
256
6
ByLayer
370
-1
48
1.0
60
0
100
AcDbCircle
39
0.0
10
661.835721142754
20
417.537185659762
30
0.0
40
238.674871793876
210
0.0
220
0.0
230
1.0
100
AcDbArc
50
358.362510409635
51
358.595878629893
0
ARC
5
215
330
70
100
AcDbEntity
67
0
8
0
62
256
6
ByLayer
370
-1
48
1.0
60
0
100
AcDbCircle
39
0.0
10
661.391375372897
20
417.549286211013
30
0.0
40
239.119381889313
210
0.0
220
0.0
230
1.0
100
AcDbArc
50
358.129488588418
51
358.362654626866
0
ARC
5
216
330
70
100
AcDbEntity
67
0
8
0
62
256
6
ByLayer
370
-1
48
1.0
60
0
100
AcDbCircle
39
0.0
10
660.961247028107
20
417.562750975971
30
0.0
40
239.549720540392
210
0.0
220
0.0
230
1.0
100
AcDbArc
50
357.896651952938
51
358.129627824423
0
ARC
5
217
330
70
100
AcDbEntity
67
0
8
0
62
256
6
ByLayer
370
-1
48
1.0
60
0
100
AcDbCircle
39
0.0
10
660.545365413692
20
417.577462197067
30
0.0
40
239.965861888334
210
0.0
220
0.0
230
1.0
100
AcDbArc
50
357.66398859183
51
357.896786240109
0
ARC
5
218
330
70
100
AcDbEntity
67
0
8
0
62
256
6
ByLayer
370
-1
48
1.0
60
0
100
AcDbCircle
39
0.0
10
660.143754649075
20
417.593302197378
30
0.0
40
240.367784539843
210
0.0
220
0.0
230
1.0
100
AcDbArc
50
357.431486663716
51
357.664117962235
0
ARC
5
219
330
70
100
AcDbEntity
67
0
8
0
62
256
6
ByLayer
370
-1
48
1.0
60
0
100
AcDbCircle
39
0.0
10
659.756433673017
20
417.610153445228
30
0.0
40
240.755471565512
210
0.0
220
0.0
230
1.0
100
AcDbArc
50
357.199134396421
51
357.43161114907
0
ARC
5
21A
330
70
100
AcDbEntity
67
0
8
0
62
256
6
ByLayer
370
-1
48
1.0
60
0
100
AcDbCircle
39
0.0
10
659.383416561345
20
417.627898603137
30
0.0
40
241.128910185824
210
0.0
220
0.0
230
1.0
100
AcDbArc
50
356.966920085967
51
357.199254028112
0
ARC
5
21B
330
70
100
AcDbEntity
67
0
8
0
62
256
6
ByLayer
370
-1
48
1.0
60
0
100
AcDbCircle
39
0.0
10
659.024712103039
20
417.646420609706
30
0.0
40
241.488092200034
210
0.0
220
0.0
230
1.0
100
AcDbArc
50
356.73483209599
51
356.967034895066
0
ARC
5
21C
330
70
100
AcDbEntity
67
0
8
0
62
256
6
ByLayer
370
-1
48
1.0
60
0
100
AcDbCircle
39
0.0
10
658.680324137195
20
417.665602727139
30
0.0
40
241.833013653884
210
0.0
220
0.0
230
1.0
100
AcDbArc
50
356.502858856776
51
356.734942113164
0
ARC
5
21D
330
70
100
AcDbEntity
67
0
8
0
62
256
6
ByLayer
370
-1
48
1.0
60
0
100
AcDbCircle
39
0.0
10
658.350251666243
20
417.685328594679
30
0.0
40
242.163674731564
210
0.0
220
0.0
230
1.0
100
AcDbArc
50
356.27098886445
51
356.502964112431
0
ARC
5
21E
330
70
100
AcDbEntity
67
0
8
0
62
256
6
ByLayer
370
-1
48
1.0
60
0
100
AcDbCircle
39
0.0
10
658.034488406723
20
417.705482317352
30
0.0
40
242.480080211682
210
0.0
220
0.0
230
1.0
100
AcDbArc
50
356.039210680447
51
356.271089388672
0
ARC
5
21F
330
70
100
AcDbEntity
67
0
8
0
62
256
6
ByLayer
370
-1
48
1.0
60
0
100
AcDbCircle
39
0.0
10
657.733023503534
20
417.725948483036
30
0.0
40
242.782238758036
210
0.0
220
0.0
230
1.0
100
AcDbArc
50
355.807512930405
51
356.03930650302
0
ARC
5
220
330
70
100
AcDbEntity
67
0
8
0
62
256
6
ByLayer
370
-1
48
1.0
60
0
100
AcDbCircle
39
0.0
10
657.44584082201
20
417.746612269232
30
0.0
40
243.070163635863
210
0.0
220
0.0
230
1.0
100
AcDbArc
50
355.575884303843
51
355.807604080878
0
ARC
5
221
330
70
100
AcDbEntity
67
0
8
0
62
256
6
ByLayer
370
-1
48
1.0
60
0
100
AcDbCircle
39
0.0
10
657.172919551717
20
417.76735946381
30
0.0
40
243.343872114034
210
0.0
220
0.0
230
1.0
100
AcDbArc
50
355.344313553083
51
355.575970811375
0
ARC
5
222
330
70
100
AcDbEntity
67
0
8
0
62
256
6
ByLayer
370
-1
48
1.0
60
0
100
AcDbCircle
39
0.0
10
656.914233969698
20
417.788076540769
30
0.0
40
243.603385710052
210
0.0
220
0.0
230
1.0
100
AcDbArc
50
355.112789492766
51
355.344395446605
0
ARC
5
223
330
70
100
AcDbEntity
67
0
8
0
62
256
6
ByLayer
370
-1
48
1.0
60
0
100
AcDbCircle
39
0.0
10
656.669753657713
20
417.808650703085
30
0.0
40
243.848729980329
210
0.0
220
0.0
230
1.0
100
AcDbArc
50
354.881300999014
51
355.112866800938
0
ARC
5
224
330
70
100
AcDbEntity
67
0
8
0
62
256
6
ByLayer
370
-1
48
1.0
60
0
100
AcDbCircle
39
0.0
10
656.439443053832
20
417.828969980925
30
0.0
40
244.079934978874
210
0.0
220
0.0
230
1.0
100
AcDbArc
50
354.649837009083
51
354.881373750195
0
ARC
5
225
330
70
100
AcDbEntity
67
0
8
0
62
256
6
ByLayer
370
-1
48
1.0
60
0
100
AcDbCircle
39
0.0
10
656.223262510368
20
417.848923198005
30
0.0
40
244.297034204357
210
0.0
220
0.0
230
1.0
100
AcDbArc
50
354.418386520115
51
354.649905231344
0
ARC
5
226
330
70
100
AcDbEntity
67
0
8
0
62
256
6
ByLayer
370
-1
48
1.0
60
0
100
AcDbCircle
39
0.0
10
656.02116713651
20
417.868400132514
30
0.0
40
244.500065771444
210
0.0
220
0.0
230
1.0
100
AcDbArc
50
354.186938589196
51
354.418450241399
0
ARC
5
227
330
70
100
AcDbEntity
67
0
8
0
62
256
6
ByLayer
370
-1
48
1.0
60
0
100
AcDbCircle
39
0.0
10
655.833107649278
20
417.887291499099
30
0.0
40
244.689071566321
210
0.0
220
0.0
230
1.0
100
AcDbArc
50
353.955482332295
51
354.186997837105
0
ARC
5
228
330
70
100
AcDbEntity
67
0
8
0
62
256
6
ByLayer
370
-1
48
1.0
60
0
100
AcDbCircle
39
0.0
10
655.659030128894
20
417.905489028403
30
0.0
40
244.864097502577
210
0.0
220
0.0
230
1.0
100
AcDbArc
50
353.724006923824
51
353.955537134196
0
ARC
5
229
330
70
100
AcDbEntity
67
0
8
0
62
256
6
ByLayer
370
-1
48
1.0
60
0
100
AcDbCircle
39
0.0
10
655.498876196491
20
417.922885505726
30
0.0
40
245.025193353217
210
0.0
220
0.0
230
1.0
100
AcDbArc
50
353.492501596047
51
353.724057306913
0
ARC
5
22A
330
70
100
AcDbEntity
67
0
8
0
62
256
6
ByLayer
370
-1
48
1.0
60
0
100
AcDbCircle
39
0.0
10
655.352582896951
20
417.939374840631
30
0.0
40
245.172412879603
210
0.0
220
0.0
230
1.0
100
AcDbArc
50
353.260955638531
51
353.49254758727
0
ARC
5
22B
330
70
100
AcDbEntity
67
0
8
0
62
256
6
ByLayer
370
-1
48
1.0
60
0
100
AcDbCircle
39
0.0
10
655.220082811622
20
417.95485211169
30
0.0
40
245.305813729628
210
0.0
220
0.0
230
1.0
100
AcDbArc
50
353.029358397674
51
353.260997264614
0
ARC
5
22C
330
70
100
AcDbEntity
67
0
8
0
62
256
6
ByLayer
370
-1
48
1.0
60
0
100
AcDbCircle
39
0.0
10
655.101304366796
20
417.969213585478
30
0.0
40
245.425457138918
210
0.0
220
0.0
230
1.0
100
AcDbArc
50
352.797699275993
51
353.02939568514
0
ARC
5
22D
330
70
100
AcDbEntity
67
0
8
0
62
256
6
ByLayer
370
-1
48
1.0
60
0
100
AcDbCircle
39
0.0
10
654.996171505574
20
417.982356809694
30
0.0
40
245.53140827337
210
0.0
220
0.0
230
1.0
100
AcDbArc
50
352.565967731889
51
352.797732251265
0
ARC
5
22E
330
70
100
AcDbEntity
67
0
8
0
62
256
6
ByLayer
370
-1
48
1.0
60
0
100
AcDbCircle
39
0.0
10
654.904603823201
20
417.99418065411
30
0.0
40
245.623736105745
210
0.0
220
0.0
230
1.0
100
AcDbArc
50
352.334153279112
51
352.565996421144
0
ARC
5
22F
330
70
100
AcDbEntity
67
0
8
0
62
256
6
ByLayer
370
-1
48
1.0
60
0
100
AcDbCircle
39
0.0
10
654.826516959647
20
418.004585313697
30
0.0
40
245.702513032759
210
0.0
220
0.0
230
1.0
100
AcDbArc
50
352.102245486121
51
352.334177708326
0
ARC
5
230
330
70
100
AcDbEntity
67
0
8
0
62
256
6
ByLayer
370
-1
48
1.0
60
0
100
AcDbCircle
39
0.0
10
654.761822082035
20
418.013472430453
30
0.0
40
245.767815410445
210
0.0
220
0.0
230
1.0
100
AcDbArc
50
351.870233976019
51
352.102265681114
0
ARC
5
231
330
70
100
AcDbEntity
67
0
8
0
62
256
6
ByLayer
370
-1
48
1.0
60
0
100
AcDbCircle
39
0.0
10
654.710426861937
20
418.020745013
30
0.0
40
245.819722581458
210
0.0
220
0.0
230
1.0
100
AcDbArc
50
351.638108425595
51
351.870249962455
0
ARC
5
232
330
70
100
AcDbEntity
67
0
8
0
62
256
6
ByLayer
370
-1
48
1.0
60
0
100
AcDbCircle
39
0.0
10
654.672234408403
20
418.026307636328
30
0.0
40
245.85831796616
210
0.0
220
0.0
230
1.0
100
AcDbArc
50
351.405858565626
51
351.638120229144
0
ARC
5
233
330
70
100
AcDbEntity
67
0
8
0
62
256
6
ByLayer
370
-1
48
1.0
60
0
100
AcDbCircle
39
0.0
10
654.647144121595
20
418.030066375805
30
0.0
40
245.883688215232
210
0.0
220
0.0
230
1.0
100
AcDbArc
50
351.173474180005
51
351.405866211677
0
ARC
5
234
330
70
100
AcDbEntity
67
0
8
0
62
256
6
ByLayer
370
-1
48
1.0
60
0
100
AcDbCircle
39
0.0
10
654.63505145356
20
418.03192889163
30
0.0
40
245.895923465862
210
0.0
220
0.0
230
1.0
100
AcDbArc
50
350.940945105672
51
351.173477693864
0
ARC
5
235
330
70
100
AcDbEntity
67
0
8
0
62
256
6
ByLayer
370
-1
48
1.0
60
0
100
AcDbCircle
39
0.0
10
654.635848217238
20
418.031804432507
30
0.0
40
245.895117044166
210
0.0
220
0.0
230
1.0
100
AcDbArc
50
350.708261232085
51
350.940944512511
0
ARC
5
236
330
70
100
AcDbEntity
67
0
8
0
62
256
6
ByLayer
370
-1
48
1.0
60
0
100
AcDbCircle
39
0.0
10
654.649422360229
20
418.029603920391
30
0.0
40
245.88136570936
210
0.0
220
0.0
230
1.0
100
AcDbArc
50
350.475412501149
51
350.708256557041
0
ARC
5
237
330
70
100
AcDbEntity
67
0
8
0
62
256
6
ByLayer
370
-1
48
1.0
60
0
100
AcDbCircle
39
0.0
10
654.675658204574
20
418.025239963117
30
0.0
40
245.85476942677
210
0.0
220
0.0
230
1.0
100
AcDbArc
50
350.242388906826
51
350.475403769238
0
ARC
5
238
330
70
100
AcDbEntity
67
0
8
0
62
256
6
ByLayer
370
-1
48
1.0
60
0
100
AcDbCircle
39
0.0
10
654.714436427598
20
418.018626906668
30
0.0
40
245.815431403214
210
0.0
220
0.0
230
1.0
100
AcDbArc
50
350.009180494974
51
350.242376142979
0
ARC
5
239
330
70
100
AcDbEntity
67
0
8
0
62
256
6
ByLayer
370
-1
48
1.0
60
0
100
AcDbCircle
39
0.0
10
654.765634346522
20
418.009680834984
30
0.0
40
245.763457814491
210
0.0
220
0.0
230
1.0
100
AcDbArc
50
349.775777363003
51
350.009163724061
0
ARC
5
23A
330
70
100
AcDbEntity
67
0
8
0
62
256
6
ByLayer
370
-1
48
1.0
60
0
100
AcDbCircle
39
0.0
10
654.829125714719
20
417.998319652528
30
0.0
40
245.698958028599
210
0.0
220
0.0
230
1.0
100
AcDbArc
50
349.542169659809
51
349.775756609852
0
ARC
5
23B
330
70
100
AcDbEntity
67
0
8
0
62
256
6
ByLayer
370
-1
48
1.0
60
0
100
AcDbCircle
39
0.0
10
654.904780874984
20
417.984463106004
30
0.0
40
245.622044467174
210
0.0
220
0.0
230
1.0
100
AcDbArc
50
349.308347585647
51
349.542144949207
0
ARC
5
23C
330
70
100
AcDbEntity
67
0
8
0
62
256
6
ByLayer
370
-1
48
1.0
60
0
100
AcDbCircle
39
0.0
10
654.992467070135
20
417.968032773986
30
0.0
40
245.532832306803
210
0.0
220
0.0
230
1.0
100
AcDbArc
50
349.074301391749
51
349.308318942288
0
ARC
5
23D
330
70
100
AcDbEntity
67
0
8
0
62
256
6
ByLayer
370
-1
48
1.0
60
0
100
AcDbCircle
39
0.0
10
655.092048283049
20
417.948952140402
30
0.0
40
245.431439658683
210
0.0
220
0.0
230
1.0
100
AcDbArc
50
348.840021380447
51
349.074268840438
0
ARC
5
23E
330
70
100
AcDbEntity
67
0
8
0
62
256
6
ByLayer
370
-1
48
1.0
60
0
100
AcDbCircle
39
0.0
10
655.203385113856
20
417.927146666555
30
0.0
40
245.317987711864
210
0.0
220
0.0
230
1.0
100
AcDbArc
50
348.605497905115
51
348.839984945895
0
ARC
5
23F
330
70
100
AcDbEntity
67
0
8
0
62
256
6
ByLayer
370
-1
48
1.0
60
0
100
AcDbCircle
39
0.0
10
655.326335482806
20
417.902543698652
30
0.0
40
245.192600035009
210
0.0
220
0.0
230
1.0
100
AcDbArc
50
348.370721369838
51
348.605457612042
0
ARC
5
240
330
70
100
AcDbEntity
67
0
8
0
62
256
6
ByLayer
370
-1
48
1.0
60
0
100
AcDbCircle
39
0.0
10
655.460754083404
20
417.875072618631
30
0.0
40
245.055403151719
210
0.0
220
0.0
230
1.0
100
AcDbArc
50
348.135682229639
51
348.370677243007
0
ARC
5
241
330
70
100
AcDbEntity
67
0
8
0
62
256
6
ByLayer
370
-1
48
1.0
60
0
100
AcDbCircle
39
0.0
10
655.60649278686
20
417.844664807778
30
0.0
40
244.906526146654
210
0.0
220
0.0
230
1.0
100
AcDbArc
50
347.900370990366
51
348.135634293827
0
ARC
5
242
330
70
100
AcDbEntity
67
0
8
0
62
256
6
ByLayer
370
-1
48
1.0
60
0
100
AcDbCircle
39
0.0
10
655.76340068863
20
417.811253678878
30
0.0
40
244.746100636428
210
0.0
220
0.0
230
1.0
100
AcDbArc
50
347.664778208683
51
347.900319270389
0
ARC
5
243
330
70
100
AcDbEntity
67
0
8
0
62
256
6
ByLayer
370
-1
48
1.0
60
0
100
AcDbCircle
39
0.0
10
655.931324112389
20
417.774774717289
30
0.0
40
244.574260784349
210
0.0
220
0.0
230
1.0
100
AcDbArc
50
347.428894492204
51
347.664722729458
0
ARC
5
244
330
70
100
AcDbEntity
67
0
8
0
62
256
6
ByLayer
370
-1
48
1.0
60
0
100
AcDbCircle
39
0.0
10
656.11010662522
20
417.735165520911
30
0.0
40
244.391143304322
210
0.0
220
0.0
230
1.0
100
AcDbArc
50
347.192710499546
51
347.428835278636
0
ARC
5
245
330
70
100
AcDbEntity
67
0
8
0
62
256
6
ByLayer
370
-1
48
1.0
60
0
100
AcDbCircle
39
0.0
10
656.299589554641
20
417.692365725415
30
0.0
40
244.196886950349
210
0.0
220
0.0
230
1.0
100
AcDbArc
50
346.956216940231
51
347.192647576666
0
ARC
5
246
330
70
100
AcDbEntity
67
0
8
0
62
256
6
ByLayer
370
-1
48
1.0
60
0
100
AcDbCircle
39
0.0
10
656.499611272019
20
417.646317205369
30
0.0
40
243.991633270479
210
0.0
220
0.0
230
1.0
100
AcDbArc
50
346.719404575274
51
346.956150333205
0
ARC
5
247
330
70
100
AcDbEntity
67
0
8
0
62
256
6
ByLayer
370
-1
48
1.0
60
0
100
AcDbCircle
39
0.0
10
656.710008232625
20
417.59696387752
30
0.0
40
243.77552555996
210
0.0
220
0.0
230
1.0
100
AcDbArc
50
346.482264216761
51
346.71933430932
0
ARC
5
248
330
70
100
AcDbEntity
67
0
8
0
62
256
6
ByLayer
370
-1
48
1.0
60
0
100
AcDbCircle
39
0.0
10
656.472918548691
20
417.653667284542
30
0.0
40
244.019301507773
210
0.0
220
0.0
230
1.0
100
AcDbArc
50
346.245387813835
51
346.482331430778
0
ARC
5
249
330
70
100
AcDbEntity
67
0
8
0
62
256
6
ByLayer
370
-1
48
1.0
60
0
100
AcDbCircle
39
0.0
10
655.387678256461
20
417.917480240375
30
0.0
40
245.13614554382
210
0.0
220
0.0
230
1.0
100
AcDbArc
50
346.009836928944
51
346.245804692696
0
ARC
5
24A
330
70
100
AcDbEntity
67
0
8
0
62
256
6
ByLayer
370
-1
48
1.0
60
0
100
AcDbCircle
39
0.0
10
654.770938546237
20
418.070240667219
30
0.0
40
245.77152170135
210
0.0
220
0.0
230
1.0
100
AcDbArc
50
345.774580579955
51
346.010039973652
0
ARC
5
24B
330
70
100
AcDbEntity
67
0
8
0
62
256
6
ByLayer
370
-1
48
1.0
60
0
100
AcDbCircle
39
0.0
10
654.163396332382
20
418.223375219705
30
0.0
40
246.398065395144
210
0.0
220
0.0
230
1.0
100
AcDbArc
50
345.539819396243
51
345.77477985649
0
ARC
5
24C
330
70
100
AcDbEntity
67
0
8
0
62
256
6
ByLayer
370
-1
48
1.0
60
0
100
AcDbCircle
39
0.0
10
653.565191357586
20
418.376767631811
30
0.0
40
247.015623259076
210
0.0
220
0.0
230
1.0
100
AcDbArc
50
345.305543938444
51
345.540014902204
0
ARC
5
24D
330
70
100
AcDbEntity
67
0
8
0
62
256
6
ByLayer
370
-1
48
1.0
60
0
100
AcDbCircle
39
0.0
10
652.976460669289
20
418.530300688841
30
0.0
40
247.624043786328
210
0.0
220
0.0
230
1.0
100
AcDbArc
50
345.071744767688
51
345.305735671761
0
ARC
5
24E
330
70
100
AcDbEntity
67
0
8
0
62
256
6
ByLayer
370
-1
48
1.0
60
0
100
AcDbCircle
39
0.0
10
652.397338628592
20
418.683856262131
30
0.0
40
248.223177319551
210
0.0
220
0.0
230
1.0
100
AcDbArc
50
344.83841244585
51
345.071932726444
0
ARC
5
24F
330
70
100
AcDbEntity
67
0
8
0
62
256
6
ByLayer
370
-1
48
1.0
60
0
100
AcDbCircle
39
0.0
10
651.827957016281
20
418.837315315463
30
0.0
40
248.812875940265
210
0.0
220
0.0
230
1.0
100
AcDbArc
50
344.605537535919
51
344.838596628404
0
ARC
5
250
330
70
100
AcDbEntity
67
0
8
0
62
256
6
ByLayer
370
-1
48
1.0
60
0
100
AcDbCircle
39
0.0
10
651.268444738322
20
418.990558019848
30
0.0
40
249.392993773507
210
0.0
220
0.0
230
1.0
100
AcDbArc
50
344.373110602419
51
344.605717940868
0
ARC
5
251
330
70
100
AcDbEntity
67
0
8
0
62
256
6
ByLayer
370
-1
48
1.0
60
0
100
AcDbCircle
39
0.0
10
650.718927754902
20
419.143463812029
30
0.0
40
249.963387062331
210
0.0
220
0.0
230
1.0
100
AcDbArc
50
344.141122211774
51
344.373287228509
0
ARC
5
252
330
70
100
AcDbEntity
67
0
8
0
62
256
6
ByLayer
370
-1
48
1.0
60
0
100
AcDbCircle
39
0.0
10
650.179529417746
20
419.295911337651
30
0.0
40
250.523913818421
210
0.0
220
0.0
230
1.0
100
AcDbArc
50
343.909562932393
51
344.141295057938
0
ARC
5
253
330
70
100
AcDbEntity
67
0
8
0
62
256
6
ByLayer
370
-1
48
1.0
60
0
100
AcDbCircle
39
0.0
10
649.650370063713
20
419.447778601093
30
0.0
40
251.074434244927
210
0.0
220
0.0
230
1.0
100
AcDbArc
50
343.678423335122
51
343.909731997822
0
ARC
5
254
330
70
100
AcDbEntity
67
0
8
0
62
256
6
ByLayer
370
-1
48
1.0
60
0
100
AcDbCircle
39
0.0
10
649.131566758842
20
419.598943080858
30
0.0
40
251.6148110055
210
0.0
220
0.0
230
1.0
100
AcDbArc
50
343.447693993622
51
343.678588619098
0
ARC
5
255
330
70
100
AcDbEntity
67
0
8
0
62
256
6
ByLayer
370
-1
48
1.0
60
0
100
AcDbCircle
39
0.0
10
648.623234087567
20
419.749281538751
30
0.0
40
252.144908404598
210
0.0
220
0.0
230
1.0
100
AcDbArc
50
343.21736548413
51
343.447855495551
0
ARC
5
256
330
70
100
AcDbEntity
67
0
8
0
62
256
6
ByLayer
370
-1
48
1.0
60
0
100
AcDbCircle
39
0.0
10
648.125483093292
20
419.898670368681
30
0.0
40
252.664593493918
210
0.0
220
0.0
230
1.0
100
AcDbArc
50
342.987428386221
51
343.217523203632
0
ARC
5
257
330
70
100
AcDbEntity
67
0
8
0
62
256
6
ByLayer
370
-1
48
1.0
60
0
100
AcDbCircle
39
0.0
10
647.638422122175
20
420.046985387004
30
0.0
40
253.173735195706
210
0.0
220
0.0
230
1.0
100
AcDbArc
50
342.757873282509
51
342.987582323025
0
ARC
5
258
330
70
100
AcDbEntity
67
0
8
0
62
256
6
ByLayer
370
-1
48
1.0
60
0
100
AcDbCircle
39
0.0
10
647.162156028809
20
420.194102111596
30
0.0
40
253.672205135886
210
0.0
220
0.0
230
1.0
100
AcDbArc
50
342.528690759221
51
342.75802343653
0
ARC
5
259
330
70
100
AcDbEntity
67
0
8
0
62
256
6
ByLayer
370
-1
48
1.0
60
0
100
AcDbCircle
39
0.0
10
646.696786592375
20
420.33989567826
30
0.0
40
254.159877213901
210
0.0
220
0.0
230
1.0
100
AcDbArc
50
342.299871406071
51
342.528837130391
0
ARC
5
25A
330
70
100
AcDbEntity
67
0
8
0
62
256
6
ByLayer
370
-1
48
1.0
60
0
100
AcDbCircle
39
0.0
10
646.24241243514
20
420.48424090528
30
0.0
40
254.636627692145
210
0.0
220
0.0
230
1.0
100
AcDbArc
50
342.07140581643
51
342.300013994451
0
ARC
5
25B
330
70
100
AcDbEntity
67
0
8
0
62
256
6
ByLayer
370
-1
48
1.0
60
0
100
AcDbCircle
39
0.0
10
645.799128888591
20
420.62701237693
30
0.0
40
255.102335341333
210
0.0
220
0.0
230
1.0
100
AcDbArc
50
341.843284587466
51
342.071544622215
0
ARC
5
25C
330
70
100
AcDbEntity
67
0
8
0
62
256
6
ByLayer
370
-1
48
1.0
60
0
100
AcDbCircle
39
0.0
10
645.367027799438
20
420.768084549904
30
0.0
40
255.556881650503
210
0.0
220
0.0
230
1.0
100
AcDbArc
50
341.615498320305
51
341.843419610891
0
ARC
5
25D
330
70
100
AcDbEntity
67
0
8
0
62
256
6
ByLayer
370
-1
48
1.0
60
0
100
AcDbCircle
39
0.0
10
644.946197974502
20
420.90733165073
30
0.0
40
256.000150365148
210
0.0
220
0.0
230
1.0
100
AcDbArc
50
341.388037619887
51
341.615629561713
0
ARC
5
25E
330
70
100
AcDbEntity
67
0
8
0
62
256
6
ByLayer
370
-1
48
1.0
60
0
100
AcDbCircle
39
0.0
10
644.536724668867
20
421.044627885714
30
0.0
40
256.432028032196
210
0.0
220
0.0
230
1.0
100
AcDbArc
50
341.160893095176
51
341.388165079723
0
ARC
5
25F
330
70
100
AcDbEntity
67
0
8
0
62
256
6
ByLayer
370
-1
48
1.0
60
0
100
AcDbCircle
39
0.0
10
644.138689470028
20
421.179847527242
30
0.0
40
256.852404130549
210
0.0
220
0.0
230
1.0
100
AcDbArc
50
340.934055359354
51
341.161016773906
0
ARC
5
260
330
70
100
AcDbEntity
67
0
8
0
62
256
6
ByLayer
370
-1
48
1.0
60
0
100
AcDbCircle
39
0.0
10
643.752170997731
20
421.312864720473
30
0.0
40
257.261170339725
210
0.0
220
0.0
230
1.0
100
AcDbArc
50
340.707515029335
51
340.934175257407
0
ARC
5
261
330
70
100
AcDbEntity
67
0
8
0
62
256
6
ByLayer
370
-1
48
1.0
60
0
100
AcDbCircle
39
0.0
10
643.377244097057
20
421.443553800412
30
0.0
40
257.658221399679
210
0.0
220
0.0
230
1.0
100
AcDbArc
50
340.481262726291
51
340.707631147346
0
ARC
5
262
330
70
100
AcDbEntity
67
0
8
0
62
256
6
ByLayer
370
-1
48
1.0
60
0
100
AcDbCircle
39
0.0
10
643.013980191051
20
421.571789217957
30
0.0
40
258.04345474731
210
0.0
220
0.0
230
1.0
100
AcDbArc
50
340.255289075319
51
340.481375064861
0
ARC
5
263
330
70
100
AcDbEntity
67
0
8
0
62
256
6
ByLayer
370
-1
48
1.0
60
0
100
AcDbCircle
39
0.0
10
642.662447056077
20
421.697445663596
30
0.0
40
258.416770763475
210
0.0
220
0.0
230
1.0
100
AcDbArc
50
340.029584705623
51
340.255397635123
0
ARC
5
264
330
70
100
AcDbEntity
67
0
8
0
62
256
6
ByLayer
370
-1
48
1.0
60
0
100
AcDbCircle
39
0.0
10
642.322708992782
20
421.820398053265
30
0.0
40
258.77807260145
210
0.0
220
0.0
230
1.0
100
AcDbArc
50
339.804140250278
51
340.029689487295
0
ARC
5
265
330
70
100
AcDbEntity
67
0
8
0
62
256
6
ByLayer
370
-1
48
1.0
60
0
100
AcDbCircle
39
0.0
10
641.994826607601
20
421.940521652602
30
0.0
40
259.12726642906
210
0.0
220
0.0
230
1.0
100
AcDbArc
50
339.578946346366
51
339.804241254507
0
ARC
5
266
330
70
100
AcDbEntity
67
0
8
0
62
256
6
ByLayer
370
-1
48
1.0
60
0
100
AcDbCircle
39
0.0
10
641.678857042838
20
422.057692039875
30
0.0
40
259.464261194453
210
0.0
220
0.0
230
1.0
100
AcDbArc
50
339.353993634678
51
339.579043573808
0
ARC
5
267
330
70
100
AcDbEntity
67
0
8
0
62
256
6
ByLayer
370
-1
48
1.0
60
0
100
AcDbCircle
39
0.0
10
641.374853681188
20
422.171785260782
30
0.0
40
259.788968951726
210
0.0
220
0.0
230
1.0
100
AcDbArc
50
339.129272759863
51
339.35408708607
0
ARC
5
268
330
70
100
AcDbEntity
67
0
8
0
62
256
6
ByLayer
370
-1
48
1.0
60
0
100
AcDbCircle
39
0.0
10
641.082866298684
20
422.282677819776
30
0.0
40
260.101304709611
210
0.0
220
0.0
230
1.0
100
AcDbArc
50
338.904774370203
51
339.129362435946
0
ARC
5
269
330
70
100
AcDbEntity
67
0
8
0
62
256
6
ByLayer
370
-1
48
1.0
60
0
100
AcDbCircle
39
0.0
10
640.802940808025
20
422.390246825983
30
0.0
40
260.401186718363
210
0.0
220
0.0
230
1.0
100
AcDbArc
50
338.680489117603
51
338.904860271644
0
ARC
5
26A
330
70
100
AcDbEntity
67
0
8
0
62
256
6
ByLayer
370
-1
48
1.0
60
0
100
AcDbCircle
39
0.0
10
640.535119646097
20
422.494369892692
30
0.0
40
260.688536067278
210
0.0
220
0.0
230
1.0
100
AcDbArc
50
338.456407657352
51
338.680571245081
0
ARC
5
26B
330
70
100
AcDbEntity
67
0
8
0
62
256
6
ByLayer
370
-1
48
1.0
60
0
100
AcDbCircle
39
0.0
10
640.279441478456
20
422.594925298275
30
0.0
40
260.96327701394
210
0.0
220
0.0
230
1.0
100
AcDbArc
50
338.23252064804
51
338.45648601155
0
ARC
5
26C
330
70
100
AcDbEntity
67
0
8
0
62
256
6
ByLayer
370
-1
48
1.0
60
0
100
AcDbCircle
39
0.0
10
640.035941028737
20
422.691792103873
30
0.0
40
261.22533718171
210
0.0
220
0.0
230
1.0
100
AcDbArc
50
338.008818751609
51
338.23259522964
0
ARC
5
26D
330
70
100
AcDbEntity
67
0
8
0
62
256
6
ByLayer
370
-1
48
1.0
60
0
100
AcDbCircle
39
0.0
10
639.804649466885
20
422.784850049931
30
0.0
40
261.474647156611
210
0.0
220
0.0
230
1.0
100
AcDbArc
50
337.785292632915
51
338.008889561179
0
ARC
5
26E
330
70
100
AcDbEntity
67
0
8
0
62
256
6
ByLayer
370
-1
48
1.0
60
0
100
AcDbCircle
39
0.0
10
639.585594289176
20
422.873979650164
30
0.0
40
261.711140629751
210
0.0
220
0.0
230
1.0
100
AcDbArc
50
337.561932959653
51
337.78535967107
0
ARC
5
26F
330
70
100
AcDbEntity
67
0
8
0
62
256
6
ByLayer
370
-1
48
1.0
60
0
100
AcDbCircle
39
0.0
10
639.378798914981
20
422.959062406314
30
0.0
40
261.934754847987
210
0.0
220
0.0
230
1.0
100
AcDbArc
50
337.338730402444
51
337.56199622702
0
ARC
5
270
330
70
100
AcDbEntity
67
0
8
0
62
256
6
ByLayer
370
-1
48
1.0
60
0
100
AcDbCircle
39
0.0
10
639.184283108047
20
423.039980688571
30
0.0
40
262.145430175228
210
0.0
220
0.0
230
1.0
100
AcDbArc
50
337.115675634384
51
337.338789899501
0
ARC
5
271
330
70
100
AcDbEntity
67
0
8
0
62
256
6
ByLayer
370
-1
48
1.0
60
0
100
AcDbCircle
39
0.0
10
639.002063008568
20
423.116617769177
30
0.0
40
262.343110072333
210
0.0
220
0.0
230
1.0
100
AcDbArc
50
336.892759330887
51
337.115731361635
0
ARC
5
272
330
70
100
AcDbEntity
67
0
8
0
62
256
6
ByLayer
370
-1
48
1.0
60
0
100
AcDbCircle
39
0.0
10
638.832150586858
20
423.188858103483
30
0.0
40
262.527741706446
210
0.0
220
0.0
230
1.0
100
AcDbArc
50
336.669972169768
51
336.892811288781
0
ARC
5
273
330
70
100
AcDbEntity
67
0
8
0
62
256
6
ByLayer
370
-1
48
1.0
60
0
100
AcDbCircle
39
0.0
10
638.67455453665
20
423.256587002434
30
0.0
40
262.699274997702
210
0.0
220
0.0
230
1.0
100
AcDbArc
50
336.447304830566
51
336.670020358704
0
ARC
5
274
330
70
100
AcDbEntity
67
0
8
0
62
256
6
ByLayer
370
-1
48
1.0
60
0
100
AcDbCircle
39
0.0
10
638.529279066339
20
423.31969120082
30
0.0
40
262.857663951305
210
0.0
220
0.0
230
1.0
100
AcDbArc
50
336.224747995017
51
336.44734925093
0
ARC
5
275
330
70
100
AcDbEntity
67
0
8
0
62
256
6
ByLayer
370
-1
48
1.0
60
0
100
AcDbCircle
39
0.0
10
638.396325169434
20
423.378058362419
30
0.0
40
263.002865292393
210
0.0
220
0.0
230
1.0
100
AcDbArc
50
336.002292346151
51
336.224788647032
0
ARC
5
276
330
70
100
AcDbEntity
67
0
8
0
62
256
6
ByLayer
370
-1
48
1.0
60
0
100
AcDbCircle
39
0.0
10
638.27568967078
20
423.431577544474
30
0.0
40
263.134839523605
210
0.0
220
0.0
230
1.0
100
AcDbArc
50
335.779928568611
51
336.002329230067
0
ARC
5
277
330
70
100
AcDbEntity
67
0
8
0
62
256
6
ByLayer
370
-1
48
1.0
60
0
100
AcDbCircle
39
0.0
10
638.167365783714
20
423.480139006416
30
0.0
40
263.253550335893
210
0.0
220
0.0
230
1.0
100
AcDbArc
50
335.557647348141
51
335.779961684584
0
ARC
5
278
330
70
100
AcDbEntity
67
0
8
0
62
256
6
ByLayer
370
-1
48
1.0
60
0
100
AcDbCircle
39
0.0
10
638.071343028013
20
423.523634295267
30
0.0
40
263.358964716194
210
0.0
220
0.0
230
1.0
100
AcDbArc
50
335.335439371385
51
335.557676696351
0
ARC
5
279
330
70
100
AcDbEntity
67
0
8
0
62
256
6
ByLayer
370
-1
48
1.0
60
0
100
AcDbCircle
39
0.0
10
637.987606562062
20
423.561956603322
30
0.0
40
263.451053701391
210
0.0
220
0.0
230
1.0
100
AcDbArc
50
335.11329532609
51
335.335464951936
0
ARC
5
27A
330
70
100
AcDbEntity
67
0
8
0
62
256
6
ByLayer
370
-1
48
1.0
60
0
100
AcDbCircle
39
0.0
10
637.916138399335
20
423.595000267876
30
0.0
40
263.529791062207
210
0.0
220
0.0
230
1.0
100
AcDbArc
50
334.891205900153
51
335.113317138877
0
ARC
5
27B
330
70
100
AcDbEntity
67
0
8
0
62
256
6
ByLayer
370
-1
48
1.0
60
0
100
AcDbCircle
39
0.0
10
637.85691639693
20
423.622661284687
30
0.0
40
263.595154435205
210
0.0
220
0.0
230
1.0
100
AcDbArc
50
334.669161782018
51
334.891223945139
0
ARC
5
27C
330
70
100
AcDbEntity
67
0
8
0
62
256
6
ByLayer
370
-1
48
1.0
60
0
100
AcDbCircle
39
0.0
10
637.809914810931
20
423.644837106274
30
0.0
40
263.647124732821
210
0.0
220
0.0
230
1.0
100
AcDbArc
50
334.447153660111
51
334.669176059058
0
ARC
5
27D
330
70
100
AcDbEntity
67
0
8
0
62
256
6
ByLayer
370
-1
48
1.0
60
0
100
AcDbCircle
39
0.0
10
637.775104120665
20
423.661426775746
30
0.0
40
263.685686358192
210
0.0
220
0.0
230
1.0
100
AcDbArc
50
334.2251722227
51
334.447164169027
0
ARC
5
27E
330
70
100
AcDbEntity
67
0
8
0
62
256
6
ByLayer
370
-1
48
1.0
60
0
100
AcDbCircle
39
0.0
10
637.752450922991
20
423.672331031968
30
0.0
40
263.710827344772
210
0.0
220
0.0
230
1.0
100
AcDbArc
50
334.003208157751
51
334.225178963243
0
ARC
5
27F
330
70
100
AcDbEntity
67
0
8
0
62
256
6
ByLayer
370
-1
48
1.0
60
0
100
AcDbCircle
39
0.0
10
637.741918108559
20
423.67745228037
30
0.0
40
263.722539183994
210
0.0
220
0.0
230
1.0
100
AcDbArc
50
333.7812521526
51
334.003211129531
0
ARC
5
280
330
70
100
AcDbEntity
67
0
8
0
62
256
6
ByLayer
370
-1
48
1.0
60
0
100
AcDbCircle
39
0.0
10
637.743465059589
20
423.67669454858
30
0.0
40
263.720816627324
210
0.0
220
0.0
230
1.0
100
AcDbArc
50
333.559294893612
51
333.781251355175
0
ARC
5
281
330
70
100
AcDbEntity
67
0
8
0
62
256
6
ByLayer
370
-1
48
1.0
60
0
100
AcDbCircle
39
0.0
10
637.75704724073
20
423.669963739923
30
0.0
40
263.705658164741
210
0.0
220
0.0
230
1.0
100
AcDbArc
50
333.337327066174
51
333.55929032651
0
ARC
5
282
330
70
100
AcDbEntity
67
0
8
0
62
256
6
ByLayer
370
-1
48
1.0
60
0
100
AcDbCircle
39
0.0
10
637.782616584745
20
423.657167498645
30
0.0
40
263.677065619001
210
0.0
220
0.0
230
1.0
100
AcDbArc
50
333.11533935426
51
333.337318728827
0
ARC
5
283
330
70
100
AcDbEntity
67
0
8
0
62
256
6
ByLayer
370
-1
48
1.0
60
0
100
AcDbCircle
39
0.0
10
637.849701191803
20
423.623137962631
30
0.0
40
263.601843590558
210
0.0
220
0.0
230
1.0
100
AcDbArc
50
332.893310091919
51
333.115342873289
0
ARC
5
284
330
70
100
AcDbEntity
67
0
8
0
62
256
6
ByLayer
370
-1
48
1.0
60
0
100
AcDbCircle
39
0.0
10
637.349084841937
20
423.878950031113
30
0.0
40
264.1640325188
210
0.0
220
0.0
230
1.0
100
AcDbArc
50
332.671845015217
51
332.893395047715
0
ARC
5
285
330
70
100
AcDbEntity
67
0
8
0
62
256
6
ByLayer
370
-1
48
1.0
60
0
100
AcDbCircle
39
0.0
10
636.722655066001
20
424.201643789056
30
0.0
40
264.868691802105
210
0.0
220
0.0
230
1.0
100
AcDbArc
50
332.451091627409
51
332.672041165844
0
ARC
5
286
330
70
100
AcDbEntity
67
0
8
0
62
256
6
ByLayer
370
-1
48
1.0
60
0
100
AcDbCircle
39
0.0
10
636.106370157208
20
424.522124923872
30
0.0
40
265.563324405749
210
0.0
220
0.0
230
1.0
100
AcDbArc
50
332.230925482417
51
332.451283950909
0
ARC
5
287
330
70
100
AcDbEntity
67
0
8
0
62
256
6
ByLayer
370
-1
48
1.0
60
0
100
AcDbCircle
39
0.0
10
635.500404023082
20
424.840206887886
30
0.0
40
266.247700272049
210
0.0
220
0.0
230
1.0
100
AcDbArc
50
332.011337120254
51
332.2311139657
0
ARC
5
288
330
70
100
AcDbEntity
67
0
8
0
62
256
6
ByLayer
370
-1
48
1.0
60
0
100
AcDbCircle
39
0.0
10
634.904928295351
20
425.155701771623
30
0.0
40
266.921590193347
210
0.0
220
0.0
230
1.0
100
AcDbArc
50
331.79231705882
51
332.011521750513
0
ARC
5
289
330
70
100
AcDbEntity
67
0
8
0
62
256
6
ByLayer
370
-1
48
1.0
60
0
100
AcDbCircle
39
0.0
10
634.320111963377
20
425.468420526752
30
0.0
40
267.584766226556
210
0.0
220
0.0
230
1.0
100
AcDbArc
50
331.573855794484
51
331.792497823502
0
ARC
5
28A
330
70
100
AcDbEntity
67
0
8
0
62
256
6
ByLayer
370
-1
48
1.0
60
0
100
AcDbCircle
39
0.0
10
633.746121844007
20
425.77817274557
30
0.0
40
268.23700116129
210
0.0
220
0.0
230
1.0
100
AcDbArc
50
331.355943801997
51
331.574032681118
0
ARC
5
28B
330
70
100
AcDbEntity
67
0
8
0
62
256
6
ByLayer
370
-1
48
1.0
60
0
100
AcDbCircle
39
0.0
10
633.183122152512
20
426.084766917454
30
0.0
40
268.878069005863
210
0.0
220
0.0
230
1.0
100
AcDbArc
50
331.138571535057
51
331.356116798393
0
ARC
5
28C
330
70
100
AcDbEntity
67
0
8
0
62
256
6
ByLayer
370
-1
48
1.0
60
0
100
AcDbCircle
39
0.0
10
632.631274450809
20
426.388010489393
30
0.0
40
269.507745048476
210
0.0
220
0.0
230
1.0
100
AcDbArc
50
330.921729426466
51
331.138740629139
0
ARC
5
28D
330
70
100
AcDbEntity
67
0
8
0
62
256
6
ByLayer
370
-1
48
1.0
60
0
100
AcDbCircle
39
0.0
10
632.090737695452
20
426.687709870877
30
0.0
40
270.125805804456
210
0.0
220
0.0
230
1.0
100
AcDbArc
50
330.705407888318
51
330.921894606284
0
ARC
5
28E
330
70
100
AcDbEntity
67
0
8
0
62
256
6
ByLayer
370
-1
48
1.0
60
0
100
AcDbCircle
39
0.0
10
631.5616680649
20
426.983670561345
30
0.0
40
270.732029216249
210
0.0
220
0.0
230
1.0
100
AcDbArc
50
330.489597312178
51
330.705569141994
0
ARC
5
28F
330
70
100
AcDbEntity
67
0
8
0
62
256
6
ByLayer
370
-1
48
1.0
60
0
100
AcDbCircle
39
0.0
10
631.044219270602
20
427.275697006839
30
0.0
40
271.326194299216
210
0.0
220
0.0
230
1.0
100
AcDbArc
50
330.274288069011
51
330.489754627982
0
ARC
5
290
330
70
100
AcDbEntity
67
0
8
0
62
256
6
ByLayer
370
-1
48
1.0
60
0
100
AcDbCircle
39
0.0
10
630.53854160188
20
427.563593172086
30
0.0
40
271.908082242042
210
0.0
220
0.0
230
1.0
100
AcDbArc
50
330.059470509785
51
330.274441435335
0
ARC
5
291
330
70
100
AcDbEntity
67
0
8
0
62
256
6
ByLayer
370
-1
48
1.0
60
0
100
AcDbCircle
39
0.0
10
630.044782999282
20
427.847161967936
30
0.0
40
272.477475178283
210
0.0
220
0.0
230
1.0
100
AcDbArc
50
329.845134964907
51
330.059619915031
0
ARC
5
292
330
70
100
AcDbEntity
67
0
8
0
62
256
6
ByLayer
370
-1
48
1.0
60
0
100
AcDbCircle
39
0.0
10
629.563088044201
20
428.126205861172
30
0.0
40
273.034157354019
210
0.0
220
0.0
230
1.0
100
AcDbArc
50
329.63127174469
51
329.845280397572
0
ARC
5
293
330
70
100
AcDbEntity
67
0
8
0
62
256
6
ByLayer
370
-1
48
1.0
60
0
100
AcDbCircle
39
0.0
10
629.093598237063
20
428.400526755009
30
0.0
40
273.577914815165
210
0.0
220
0.0
230
1.0
100
AcDbArc
50
329.417871139282
51
329.631413193273
0
ARC
5
294
330
70
100
AcDbEntity
67
0
8
0
62
256
6
ByLayer
370
-1
48
1.0
60
0
100
AcDbCircle
39
0.0
10
628.636452389911
20
428.669925794023
30
0.0
40
274.108534958209
210
0.0
220
0.0
230
1.0
100
AcDbArc
50
329.204923418269
51
329.418008592304
0
ARC
5
295
330
70
100
AcDbEntity
67
0
8
0
62
256
6
ByLayer
370
-1
48
1.0
60
0
100
AcDbCircle
39
0.0
10
628.191785499223
20
428.93420406447
30
0.0
40
274.625807845143
210
0.0
220
0.0
230
1.0
100
AcDbArc
50
328.992418831215
51
329.205056864309
0
ARC
5
296
330
70
100
AcDbEntity
67
0
8
0
62
256
6
ByLayer
370
-1
48
1.0
60
0
100
AcDbCircle
39
0.0
10
627.75972982382
20
429.193161998213
30
0.0
40
275.129524960736
210
0.0
220
0.0
230
1.0
100
AcDbArc
50
328.780347606966
51
328.992548258773
0
ARC
5
297
330
70
100
AcDbEntity
67
0
8
0
62
256
6
ByLayer
370
-1
48
1.0
60
0
100
AcDbCircle
39
0.0
10
627.340413946172
20
429.446599969933
30
0.0
40
275.619480313323
210
0.0
220
0.0
230
1.0
100
AcDbArc
50
328.568699953962
51
328.780473004576
0
ARC
5
298
330
70
100
AcDbEntity
67
0
8
0
62
256
6
ByLayer
370
-1
48
1.0
60
0
100
AcDbCircle
39
0.0
10
626.933963283503
20
429.69431803308
30
0.0
40
276.095469849559
210
0.0
220
0.0
230
1.0
100
AcDbArc
50
328.357466059732
51
328.568821310048
0
ARC
5
299
330
70
100
AcDbEntity
67
0
8
0
62
256
6
ByLayer
370
-1
48
1.0
60
0
100
AcDbCircle
39
0.0
10
626.540499791932
20
429.936116138216
30
0.0
40
276.557291809622
210
0.0
220
0.0
230
1.0
100
AcDbArc
50
328.14663609087
51
328.357583362752
0
ARC
5
29A
330
70
100
AcDbEntity
67
0
8
0
62
256
6
ByLayer
370
-1
48
1.0
60
0
100
AcDbCircle
39
0.0
10
626.16014165253
20
430.171794371141
30
0.0
40
277.004747108449
210
0.0
220
0.0
230
1.0
100
AcDbArc
50
327.936200192936
51
328.146749329204
0
ARC
5
29B
330
70
100
AcDbEntity
67
0
8
0
62
256
6
ByLayer
370
-1
48
1.0
60
0
100
AcDbCircle
39
0.0
10
625.793003827858
20
430.401152653231
30
0.0
40
277.437638694072
210
0.0
220
0.0
230
1.0
100
AcDbArc
50
327.726148489823
51
327.936309354818
0
ARC
5
29C
330
70
100
AcDbEntity
67
0
8
0
62
256
6
ByLayer
370
-1
48
1.0
60
0
100
AcDbCircle
39
0.0
10
625.439197192197
20
430.623991327116
30
0.0
40
277.855772585023
210
0.0
220
0.0
230
1.0
100
AcDbArc
50
327.516471083968
51
327.726253563431
0
ARC
5
29D
330
70
100
AcDbEntity
67
0
8
0
62
256
6
ByLayer
370
-1
48
1.0
60
0
100
AcDbCircle
39
0.0
10
625.098829659277
20
430.840110493401
30
0.0
40
278.258956552185
210
0.0
220
0.0
230
1.0
100
AcDbArc
50
327.30715805534
51
327.516572057372
0
ARC
5
29E
330
70
100
AcDbEntity
67
0
8
0
62
256
6
ByLayer
370
-1
48
1.0
60
0
100
AcDbCircle
39
0.0
10
624.772004430475
20
431.049311165471
30
0.0
40
278.647002206434
210
0.0
220
0.0
230
1.0
100
AcDbArc
50
327.098199462034
51
327.307254916586
0
ARC
5
29F
330
70
100
AcDbEntity
67
0
8
0
62
256
6
ByLayer
370
-1
48
1.0
60
0
100
AcDbCircle
39
0.0
10
624.458821485058
20
431.251394373875
30
0.0
40
279.019723250567
210
0.0
220
0.0
230
1.0
100
AcDbArc
50
326.889585339081
51
327.098292198847
0
ARC
5
2A0
330
70
100
AcDbEntity
67
0
8
0
62
256
6
ByLayer
370
-1
48
1.0
60
0
100
AcDbCircle
39
0.0
10
624.159376844111
20
431.446161680789
30
0.0
40
279.376936366834
210
0.0
220
0.0
230
1.0
100
AcDbArc
50
326.681305698367
51
326.889673939107
0
ARC
5
2A1
330
70
100
AcDbEntity
67
0
8
0
62
256
6
ByLayer
370
-1
48
1.0
60
0
100
AcDbCircle
39
0.0
10
623.873762543418
20
431.633415248649
30
0.0
40
279.718461267334
210
0.0
220
0.0
230
1.0
100
AcDbArc
50
326.473350528263
51
326.681390149179
0
ARC
5
2A2
330
70
100
AcDbEntity
67
0
8
0
62
256
6
ByLayer
370
-1
48
1.0
60
0
100
AcDbCircle
39
0.0
10
623.602066498748
20
431.812957981741
30
0.0
40
280.044120874709
210
0.0
220
0.0
230
1.0
100
AcDbArc
50
326.265709793094
51
326.473430817161
0
ARC
5
2A3
330
70
100
AcDbEntity
67
0
8
0
62
256
6
ByLayer
370
-1
48
1.0
60
0
100
AcDbCircle
39
0.0
10
623.3443728006
20
431.984593382469
30
0.0
40
280.35374098758
210
0.0
220
0.0
230
1.0
100
AcDbArc
50
326.058373432604
51
326.265785907247
0
ARC
5
2A4
330
70
100
AcDbEntity
67
0
8
0
62
256
6
ByLayer
370
-1
48
1.0
60
0
100
AcDbCircle
39
0.0
10
623.100761131151
20
432.148125991791
30
0.0
40
280.647151000719
210
0.0
220
0.0
230
1.0
100
AcDbArc
50
325.851331361639
51
326.058445358959
0
ARC
5
2A5
330
70
100
AcDbEntity
67
0
8
0
62
256
6
ByLayer
370
-1
48
1.0
60
0
100
AcDbCircle
39
0.0
10
622.871307318252
20
432.303361073421
30
0.0
40
280.924183259973
210
0.0
220
0.0
230
1.0
100
AcDbArc
50
325.644573469306
51
325.851399086878
0
ARC
5
2A6
330
70
100
AcDbEntity
67
0
8
0
62
256
6
ByLayer
370
-1
48
1.0
60
0
100
AcDbCircle
39
0.0
10
622.656082784649
20
432.450105037425
30
0.0
40
281.184673746898
210
0.0
220
0.0
230
1.0
100
AcDbArc
50
325.438089618727
51
325.644636979979
0
ARC
5
2A7
330
70
100
AcDbEntity
67
0
8
0
62
256
6
ByLayer
370
-1
48
1.0
60
0
100
AcDbCircle
39
0.0
10
622.455154788196
20
432.588165335167
30
0.0
40
281.428461812348
210
0.0
220
0.0
230
1.0
100
AcDbArc
50
325.231869646213
51
325.438148901088
0
ARC
5
2A8
330
70
100
AcDbEntity
67
0
8
0
62
256
6
ByLayer
370
-1
48
1.0
60
0
100
AcDbCircle
39
0.0
10
622.268586170787
20
432.717350687563
30
0.0
40
281.655390504073
210
0.0
220
0.0
230
1.0
100
AcDbArc
50
325.025903360817
51
325.231924686285
0
ARC
5
2A9
330
70
100
AcDbEntity
67
0
8
0
62
256
6
ByLayer
370
-1
48
1.0
60
0
100
AcDbCircle
39
0.0
10
622.096435582715
20
432.837470987814
30
0.0
40
281.865306318479
210
0.0
220
0.0
230
1.0
100
AcDbArc
50
324.820180543549
51
325.025954144384
0
ARC
5
2AA
330
70
100
AcDbEntity
67
0
8
0
62
256
6
ByLayer
370
-1
48
1.0
60
0
100
AcDbCircle
39
0.0
10
621.938756958412
20
432.948337725999
30
0.0
40
282.058059865281
210
0.0
220
0.0
230
1.0
100
AcDbArc
50
324.61469094697
51
324.820227056128
0
ARC
5
2AB
330
70
100
AcDbEntity
67
0
8
0
62
256
6
ByLayer
370
-1
48
1.0
60
0
100
AcDbCircle
39
0.0
10
621.79560025016
20
433.049763534484
30
0.0
40
282.233504997745
210
0.0
220
0.0
230
1.0
100
AcDbArc
50
324.409424294021
51
324.61473317374
0
ARC
5
2AC
330
70
100
AcDbEntity
67
0
8
0
62
256
6
ByLayer
370
-1
48
1.0
60
0
100
AcDbCircle
39
0.0
10
621.667010316623
20
433.141563033186
30
0.0
40
282.391500200355
210
0.0
220
0.0
230
1.0
100
AcDbArc
50
324.204370277964
51
324.409462219928
0
ARC
5
2AD
330
70
100
AcDbEntity
67
0
8
0
62
256
6
ByLayer
370
-1
48
1.0
60
0
100
AcDbCircle
39
0.0
10
621.553027903612
20
433.223552197922
30
0.0
40
282.531907415826
210
0.0
220
0.0
230
1.0
100
AcDbArc
50
323.99951856109
51
324.204403887539
0
ARC
5
2AE
330
70
100
AcDbEntity
67
0
8
0
62
256
6
ByLayer
370
-1
48
1.0
60
0
100
AcDbCircle
39
0.0
10
621.453689235925
20
433.295548709239
30
0.0
40
282.654592572579
210
0.0
220
0.0
230
1.0
100
AcDbArc
50
323.794858774099
51
323.999547838634
0
ARC
5
2AF
330
70
100
AcDbEntity
67
0
8
0
62
256
6
ByLayer
370
-1
48
1.0
60
0
100
AcDbCircle
39
0.0
10
621.369025644056
20
433.357372288253
30
0.0
40
282.759426076669
210
0.0
220
0.0
230
1.0
100
AcDbArc
50
323.590380515546
51
323.794883703656
0
ARC
5
2B0
330
70
100
AcDbEntity
67
0
8
0
62
256
6
ByLayer
370
-1
48
1.0
60
0
100
AcDbCircle
39
0.0
10
621.299063837635
20
433.408844566983
30
0.0
40
282.846282507242
210
0.0
220
0.0
230
1.0
100
AcDbArc
50
323.3860733508
51
323.590401080689
0
ARC
5
2B1
330
70
100
AcDbEntity
67
0
8
0
62
256
6
ByLayer
370
-1
48
1.0
60
0
100
AcDbCircle
39
0.0
10
621.243826003357
20
433.44978907951
30
0.0
40
282.915040525372
210
0.0
220
0.0
230
1.0
100
AcDbArc
50
323.181926811249
51
323.386089534812
0
ARC
5
2B2
330
70
100
AcDbEntity
67
0
8
0
62
256
6
ByLayer
370
-1
48
1.0
60
0
100
AcDbCircle
39
0.0
10
621.203329368214
20
433.480031652828
30
0.0
40
282.965583450806
210
0.0
220
0.0
230
1.0
100
AcDbArc
50
322.97793039353
51
323.181938596989
0
ARC
5
2B3
330
70
100
AcDbEntity
67
0
8
0
62
256
6
ByLayer
370
-1
48
1.0
60
0
100
AcDbCircle
39
0.0
10
621.177586785838
20
433.499400036918
30
0.0
40
282.997798564102
210
0.0
220
0.0
230
1.0
100
AcDbArc
50
322.774073558441
51
322.977937763557
0
ARC
5
2B4
330
70
100
AcDbEntity
67
0
8
0
62
256
6
ByLayer
370
-1
48
1.0
60
0
100
AcDbCircle
39
0.0
10
621.166605803787
20
433.50772467444
30
0.0
40
283.01157830816
210
0.0
220
0.0
230
1.0
100
AcDbArc
50
322.570345730393
51
322.774076494891
0
ARC
5
2B5
330
70
100
AcDbEntity
67
0
8
0
62
256
6
ByLayer
370
-1
48
1.0
60
0
100
AcDbCircle
39
0.0
10
621.170389673299
20
433.50483800928
30
0.0
40
283.006819059459
210
0.0
220
0.0
230
1.0
100
AcDbArc
50
322.366736296046
51
322.570344215
0
ARC
5
2B6
330
70
100
AcDbEntity
67
0
8
0
62
256
6
ByLayer
370
-1
48
1.0
60
0
100
AcDbCircle
39
0.0
10
621.188936431073
20
433.490575253533
30
0.0
40
282.983422317136
210
0.0
220
0.0
230
1.0
100
AcDbArc
50
322.163234603751
51
322.366730310181
0
ARC
5
2B7
330
70
100
AcDbEntity
67
0
8
0
62
256
6
ByLayer
370
-1
48
1.0
60
0
100
AcDbCircle
39
0.0
10
621.222239474309
20
433.464774021826
30
0.0
40
282.941294018215
210
0.0
220
0.0
230
1.0
100
AcDbArc
50
321.959829962288
51
322.163224128329
0
ARC
5
2B8
330
70
100
AcDbEntity
67
0
8
0
62
256
6
ByLayer
370
-1
48
1.0
60
0
100
AcDbCircle
39
0.0
10
621.270287134978
20
433.427274731769
30
0.0
40
282.880345113581
210
0.0
220
0.0
230
1.0
100
AcDbArc
50
321.75651164012
51
321.959814977845
0
ARC
5
2B9
330
70
100
AcDbEntity
67
0
8
0
62
256
6
ByLayer
370
-1
48
1.0
60
0
100
AcDbCircle
39
0.0
10
621.333062841043
20
433.377920556197
30
0.0
40
282.800491405845
210
0.0
220
0.0
230
1.0
100
AcDbArc
50
321.553268864191
51
321.756492126613
0
ARC
5
2BA
330
70
100
AcDbEntity
67
0
8
0
62
256
6
ByLayer
370
-1
48
1.0
60
0
100
AcDbCircle
39
0.0
10
621.410545574154
20
433.316557133078
30
0.0
40
282.701653004776
210
0.0
220
0.0
230
1.0
100
AcDbArc
50
321.350090818716
51
321.55324480126
0
ARC
5
2BB
330
70
100
AcDbEntity
67
0
8
0
62
256
6
ByLayer
370
-1
48
1.0
60
0
100
AcDbCircle
39
0.0
10
621.502708614035
20
433.243033635192
30
0.0
40
282.583755970417
210
0.0
220
0.0
230
1.0
100
AcDbArc
50
321.146966644729
51
321.350062185585
0
ARC
5
2BC
330
70
100
AcDbEntity
67
0
8
0
62
256
6
ByLayer
370
-1
48
1.0
60
0
100
AcDbCircle
39
0.0
10
621.609520772784
20
433.15720187186
30
0.0
40
282.446730782899
210
0.0
220
0.0
230
1.0
100
AcDbArc
50
320.943885438354
51
321.146933419995
0
ARC
5
2BD
330
70
100
AcDbEntity
67
0
8
0
62
256
6
ByLayer
370
-1
48
1.0
60
0
100
AcDbCircle
39
0.0
10
621.730945891872
20
433.058916762486
30
0.0
40
282.290513026236
210
0.0
220
0.0
230
1.0
100
AcDbArc
50
320.740836249916
51
320.943847600188
0
ARC
5
2BE
330
70
100
AcDbEntity
67
0
8
0
62
256
6
ByLayer
370
-1
48
1.0
60
0
100
AcDbCircle
39
0.0
10
621.866942772437
20
432.948036472305
30
0.0
40
282.11504352316
210
0.0
220
0.0
230
1.0
100
AcDbArc
50
320.537808082926
51
320.740793776107
0
ARC
5
2BF
330
70
100
AcDbEntity
67
0
8
0
62
256
6
ByLayer
370
-1
48
1.0
60
0
100
AcDbCircle
39
0.0
10
622.017465154401
20
432.824422512205
30
0.0
40
281.920268409801
210
0.0
220
0.0
230
1.0
100
AcDbArc
50
320.334789892848
51
320.53776095071
0
ARC
5
2C0
330
70
100
AcDbEntity
67
0
8
0
62
256
6
ByLayer
370
-1
48
1.0
60
0
100
AcDbCircle
39
0.0
10
622.182461793321
20
432.687939757941
30
0.0
40
281.706139084118
210
0.0
220
0.0
230
1.0
100
AcDbArc
50
320.131770585921
51
320.334738078893
0
ARC
5
2C1
330
70
100
AcDbEntity
67
0
8
0
62
256
6
ByLayer
370
-1
48
1.0
60
0
100
AcDbCircle
39
0.0
10
622.028605762255
20
432.814523485524
30
0.0
40
281.905370004434
210
0.0
220
0.0
230
1.0
100
AcDbArc
50
319.929405955126
51
320.132069314261
0
ARC
5
2C2
330
70
100
AcDbEntity
67
0
8
0
62
256
6
ByLayer
370
-1
48
1.0
60
0
100
AcDbCircle
39
0.0
10
619.219935623947
20
435.170401767019
30
0.0
40
285.571261963683
210
0.0
220
0.0
230
1.0
100
AcDbArc
50
319.730546920717
51
319.930446780953
0
ARC
5
2C3
330
70
100
AcDbEntity
67
0
8
0
62
256
6
ByLayer
370
-1
48
1.0
60
0
100
AcDbCircle
39
0.0
10
618.958374395709
20
435.391462639596
30
0.0
40
285.913726602064
210
0.0
220
0.0
230
1.0
100
AcDbArc
50
319.531130602341
51
319.730626361374
0
ARC
5
2C4
330
70
100
AcDbEntity
67
0
8
0
62
256
6
ByLayer
370
-1
48
1.0
60
0
100
AcDbCircle
39
0.0
10
618.71092132266
20
435.602081819191
30
0.0
40
286.238677862256
210
0.0
220
0.0
230
1.0
100
AcDbArc
50
319.332103848548
51
319.531205721033
0
ARC
5
2C5
330
70
100
AcDbEntity
67
0
8
0
62
256
6
ByLayer
370
-1
48
1.0
60
0
100
AcDbCircle
39
0.0
10
618.477686454973
20
435.802001545043
30
0.0
40
286.545868804737
210
0.0
220
0.0
230
1.0
100
AcDbArc
50
319.133456377663
51
319.332174622359
0
ARC
5
2C6
330
70
100
AcDbEntity
67
0
8
0
62
256
6
ByLayer
370
-1
48
1.0
60
0
100
AcDbCircle
39
0.0
10
618.258775988439
20
435.990964510534
30
0.0
40
286.835055049707
210
0.0
220
0.0
230
1.0
100
AcDbArc
50
318.935177862761
51
319.13352278336
0
ARC
5
2C7
330
70
100
AcDbEntity
67
0
8
0
62
256
6
ByLayer
370
-1
48
1.0
60
0
100
AcDbCircle
39
0.0
10
618.054291970246
20
436.168714166591
30
0.0
40
287.105995185993
210
0.0
220
0.0
230
1.0
100
AcDbArc
50
318.737257931001
51
318.935239876814
0
ARC
5
2C8
330
70
100
AcDbEntity
67
0
8
0
62
256
6
ByLayer
370
-1
48
1.0
60
0
100
AcDbCircle
39
0.0
10
617.864332451054
20
436.334994643062
30
0.0
40
287.35845059277
210
0.0
220
0.0
230
1.0
100
AcDbArc
50
318.539686162563
51
318.737315529448
0
ARC
5
2C9
330
70
100
AcDbEntity
67
0
8
0
62
256
6
ByLayer
370
-1
48
1.0
60
0
100
AcDbCircle
39
0.0
10
617.688991308756
20
436.489550953948
30
0.0
40
287.592185695566
210
0.0
220
0.0
230
1.0
100
AcDbArc
50
318.342452089819
51
318.539739321067
0
ARC
5
2CA
330
70
100
AcDbEntity
67
0
8
0
62
256
6
ByLayer
370
-1
48
1.0
60
0
100
AcDbCircle
39
0.0
10
617.528358164297
20
436.632129126818
30
0.0
40
287.806968103352
210
0.0
220
0.0
230
1.0
100
AcDbArc
50
318.14554519632
51
318.342500783574
0
ARC
5
2CB
330
70
100
AcDbEntity
67
0
8
0
62
256
6
ByLayer
370
-1
48
1.0
60
0
100
AcDbCircle
39
0.0
10
617.382518366952
20
436.762476271682
30
0.0
40
288.002568653778
210
0.0
220
0.0
230
1.0
100
AcDbArc
50
317.948954915773
51
318.145589400048
0
ARC
5
2CC
330
70
100
AcDbEntity
67
0
8
0
62
256
6
ByLayer
370
-1
48
1.0
60
0
100
AcDbCircle
39
0.0
10
617.251552906788
20
436.880340715323
30
0.0
40
288.17876155661
210
0.0
220
0.0
230
1.0
100
AcDbArc
50
317.752670631053
51
317.948994603785
0
ARC
5
2CD
330
70
100
AcDbEntity
67
0
8
0
62
256
6
ByLayer
370
-1
48
1.0
60
0
100
AcDbCircle
39
0.0
10
617.135538476003
20
436.985472003808
30
0.0
40
288.335324338595
210
0.0
220
0.0
230
1.0
100
AcDbArc
50
317.556681672904
51
317.75270577717
0
ARC
5
2CE
330
70
100
AcDbEntity
67
0
8
0
62
256
6
ByLayer
370
-1
48
1.0
60
0
100
AcDbCircle
39
0.0
10
617.034546806516
20
437.07762156416
30
0.0
40
288.472038767567
210
0.0
220
0.0
230
1.0
100
AcDbArc
50
317.360977319226
51
317.556712250466
0
ARC
5
2CF
330
70
100
AcDbEntity
67
0
8
0
62
256
6
ByLayer
370
-1
48
1.0
60
0
100
AcDbCircle
39
0.0
10
616.948645454209
20
437.15654205559
30
0.0
40
288.5886898249
210
0.0
220
0.0
230
1.0
100
AcDbArc
50
317.165546793383
51
317.36100330095
0
ARC
5
2D0
330
70
100
AcDbEntity
67
0
8
0
62
256
6
ByLayer
370
-1
48
1.0
60
0
100
AcDbCircle
39
0.0
10
616.877897113911
20
437.221988056384
30
0.0
40
288.685066663912
210
0.0
220
0.0
230
1.0
100
AcDbArc
50
316.970379263274
51
317.165568151471
0
ARC
5
2D1
330
70
100
AcDbEntity
67
0
8
0
62
256
6
ByLayer
370
-1
48
1.0
60
0
100
AcDbCircle
39
0.0
10
616.822359928023
20
437.273715845377
30
0.0
40
288.760962224279
210
0.0
220
0.0
230
1.0
100
AcDbArc
50
316.775463839928
51
316.970395969432
0
ARC
5
2D2
330
70
100
AcDbEntity
67
0
8
0
62
256
6
ByLayer
370
-1
48
1.0
60
0
100
AcDbCircle
39
0.0
10
616.782086820472
20
437.311484090793
30
0.0
40
288.816174178419
210
0.0
220
0.0
230
1.0
100
AcDbArc
50
316.580789576432
51
316.775475865217
0
ARC
5
2D3
330
70
100
AcDbEntity
67
0
8
0
62
256
6
ByLayer
370
-1
48
1.0
60
0
100
AcDbCircle
39
0.0
10
616.757126349121
20
437.335053122518
30
0.0
40
288.850503801585
210
0.0
220
0.0
230
1.0
100
AcDbArc
50
316.386345466095
51
316.580796891251
0
ARC
5
2D4
330
70
100
AcDbEntity
67
0
8
0
62
256
6
ByLayer
370
-1
48
1.0
60
0
100
AcDbCircle
39
0.0
10
616.747521690747
20
437.344185955323
30
0.0
40
288.863757402194
210
0.0
220
0.0
230
1.0
100
AcDbArc
50
316.192120441579
51
316.386348040295
0
ARC
5
2D5
330
70
100
AcDbEntity
67
0
8
0
62
256
6
ByLayer
370
-1
48
1.0
60
0
100
AcDbCircle
39
0.0
10
616.753311336315
20
437.338647706241
30
0.0
40
288.85574540644
210
0.0
220
0.0
230
1.0
100
AcDbArc
50
315.998103372987
51
316.192118244293
0
ARC
5
2D6
330
70
100
AcDbEntity
67
0
8
0
62
256
6
ByLayer
370
-1
48
1.0
60
0
100
AcDbCircle
39
0.0
10
616.774528432805
20
437.318206295041
30
0.0
40
288.826283308247
210
0.0
220
0.0
230
1.0
100
AcDbArc
50
315.804283066692
51
315.998096372689
0
ARC
5
2D7
330
70
100
AcDbEntity
67
0
8
0
62
256
6
ByLayer
370
-1
48
1.0
60
0
100
AcDbCircle
39
0.0
10
616.973000047253
20
437.124763244128
30
0.0
40
288.549135182478
210
0.0
220
0.0
230
1.0
100
AcDbArc
50
315.610574906637
51
315.804349508451
0
ARC
5
2D8
330
70
100
AcDbEntity
67
0
8
0
62
256
6
ByLayer
370
-1
48
1.0
60
0
100
AcDbCircle
39
0.0
10
611.245590780861
20
442.730521212554
30
0.0
40
296.563356225939
210
0.0
220
0.0
230
1.0
100
AcDbArc
50
315.422433802026
51
315.610694346682
0
ARC
5
2D9
330
70
100
AcDbEntity
67
0
8
0
62
256
6
ByLayer
370
-1
48
1.0
60
0
100
AcDbCircle
39
0.0
10
612.613239820824
20
441.385815298157
30
0.0
40
294.645364169549
210
0.0
220
0.0
230
1.0
100
AcDbArc
50
315.232850537501
51
315.422028877731
0
ARC
5
2DA
330
70
100
AcDbEntity
67
0
8
0
62
256
6
ByLayer
370
-1
48
1.0
60
0
100
AcDbCircle
39
0.0
10
613.826778428363
20
440.184721396714
30
0.0
40
292.937939492036
210
0.0
220
0.0
230
1.0
100
AcDbArc
50
315.042482171738
51
315.232486586838
0
ARC
5
2DB
330
70
100
AcDbEntity
67
0
8
0
62
256
6
ByLayer
370
-1
48
1.0
60
0
100
AcDbCircle
39
0.0
10
614.889246442131
20
439.126144572929
30
0.0
40
291.438132680974
210
0.0
220
0.0
230
1.0
100
AcDbArc
50
314.85142254737
51
315.042159861261
0
ARC
5
2DC
330
70
100
AcDbEntity
67
0
8
0
62
256
6
ByLayer
370
-1
48
1.0
60
0
100
AcDbCircle
39
0.0
10
615.803414650114
20
438.209233841119
30
0.0
40
290.143363673754
210
0.0
220
0.0
230
1.0
100
AcDbArc
50
314.659766736005
51
314.851142471048
0
ARC
5
2DD
330
70
100
AcDbEntity
67
0
8
0
62
256
6
ByLayer
370
-1
48
1.0
60
0
100
AcDbCircle
39
0.0
10
616.57179259261
20
437.43337906887
30
0.0
40
289.051414109322
210
0.0
220
0.0
230
1.0
100
AcDbArc
50
314.467610876817
51
314.659529412968
0
ARC
5
2DE
330
70
100
AcDbEntity
67
0
8
0
62
256
6
ByLayer
370
-1
48
1.0
60
0
100
AcDbCircle
39
0.0
10
617.196634934851
20
436.798209232943
30
0.0
40
288.160421563364
210
0.0
220
0.0
230
1.0
100
AcDbArc
50
314.275052011282
51
314.467416749422
0
ARC
5
2DF
330
70
100
AcDbEntity
67
0
8
0
62
256
6
ByLayer
370
-1
48
1.0
60
0
100
AcDbCircle
39
0.0
10
617.679947137081
20
436.30359132634
30
0.0
40
287.468874756349
210
0.0
220
0.0
230
1.0
100
AcDbArc
50
314.08218791449
51
314.274901443327
0
ARC
5
2E0
330
70
100
AcDbEntity
67
0
8
0
62
256
6
ByLayer
370
-1
48
1.0
60
0
100
AcDbCircle
39
0.0
10
618.02349105182
20
435.949629281023
30
0.0
40
286.975608839581
210
0.0
220
0.0
230
1.0
100
AcDbArc
50
313.889116923167
51
314.082081189721
0
ARC
5
2E1
330
70
100
AcDbEntity
67
0
8
0
62
256
6
ByLayer
370
-1
48
1.0
60
0
100
AcDbCircle
39
0.0
10
618.228788960193
20
435.736664441762
30
0.0
40
286.6798028973
210
0.0
220
0.0
230
1.0
100
AcDbArc
50
313.695937762092
51
313.889054244279
0
ARC
5
2E2
330
70
100
AcDbEntity
67
0
8
0
62
256
6
ByLayer
370
-1
48
1.0
60
0
100
AcDbCircle
39
0.0
10
618.297127460741
20
435.665276168197
30
0.0
40
286.580977659213
210
0.0
220
0.0
230
1.0
100
AcDbArc
50
313.502749368577
51
313.695919249731
0
ARC
5
2E3
330
70
100
AcDbEntity
67
0
8
0
62
256
6
ByLayer
370
-1
48
1.0
60
0
100
AcDbCircle
39
0.0
10
618.229560962072
20
435.736282816629
30
0.0
40
286.678993776989
210
0.0
220
0.0
230
1.0
100
AcDbArc
50
313.309650716057
51
313.502775060984
0
ARC
5
2E4
330
70
100
AcDbEntity
67
0
8
0
62
256
6
ByLayer
370
-1
48
1.0
60
0
100
AcDbCircle
39
0.0
10
618.026913656051
20
435.950744301322
30
0.0
40
286.974052308085
210
0.0
220
0.0
230
1.0
100
AcDbArc
50
313.116740637869
51
313.30972056889
0
ARC
5
2E5
330
70
100
AcDbEntity
67
0
8
0
62
256
6
ByLayer
370
-1
48
1.0
60
0
100
AcDbCircle
39
0.0
10
617.689781569308
20
436.309964581719
30
0.0
40
287.466695107512
210
0.0
220
0.0
230
1.0
100
AcDbArc
50
312.924117651261
51
313.116854524268
0
ARC
5
2E6
330
70
100
AcDbEntity
67
0
8
0
62
256
6
ByLayer
370
-1
48
1.0
60
0
100
AcDbCircle
39
0.0
10
617.218534367813
20
436.815494407783
30
0.0
40
288.15780559241
210
0.0
220
0.0
230
1.0
100
AcDbArc
50
312.731879782333
51
312.924275362557
0
ARC
5
2E7
330
70
100
AcDbEntity
67
0
8
0
62
256
6
ByLayer
370
-1
48
1.0
60
0
100
AcDbCircle
39
0.0
10
616.613314257993
20
437.469137203056
30
0.0
40
289.048613797115
210
0.0
220
0.0
230
1.0
100
AcDbArc
50
312.540124394157
51
312.732081028722
0
ARC
5
2E8
330
70
100
AcDbEntity
67
0
8
0
62
256
6
ByLayer
370
-1
48
1.0
60
0
100
AcDbCircle
39
0.0
10
615.874038252056
20
438.272951368203
30
0.0
40
290.140696531602
210
0.0
220
0.0
230
1.0
100
AcDbArc
50
312.348948015104
51
312.540368805646
0
ARC
5
2E9
330
70
100
AcDbEntity
67
0
8
0
62
256
6
ByLayer
370
-1
48
1.0
60
0
100
AcDbCircle
39
0.0
10
615.000395411961
20
439.229258041696
30
0.0
40
291.435984971405
210
0.0
220
0.0
230
1.0
100
AcDbArc
50
312.158446173002
51
312.349235143374
0
ARC
5
2EA
330
70
100
AcDbEntity
67
0
8
0
62
256
6
ByLayer
370
-1
48
1.0
60
0
100
AcDbCircle
39
0.0
10
613.991846851296
20
440.340645945179
30
0.0
40
292.936768250513
210
0.0
220
0.0
230
1.0
100
AcDbArc
50
311.968713230998
51
312.158775492781
0
ARC
5
2EB
330
70
100
AcDbEntity
67
0
8
0
62
256
6
ByLayer
370
-1
48
1.0
60
0
100
AcDbCircle
39
0.0
10
612.847623153454
20
441.609979109931
30
0.0
40
294.645700939846
210
0.0
220
0.0
230
1.0
100
AcDbArc
50
311.779842228972
51
311.969084142267
0
ARC
5
2EC
330
70
100
AcDbEntity
67
0
8
0
62
256
6
ByLayer
370
-1
48
1.0
60
0
100
AcDbCircle
39
0.0
10
611.566721936402
20
443.040404536506
30
0.0
40
296.565810393577
210
0.0
220
0.0
230
1.0
100
AcDbArc
50
311.591924729549
51
311.780254059281
0
ARC
5
2ED
330
70
100
AcDbEntity
67
0
8
0
62
256
6
ByLayer
370
-1
48
1.0
60
0
100
AcDbCircle
39
0.0
10
618.483638778067
20
435.245435637637
30
0.0
40
286.144424841885
210
0.0
220
0.0
230
1.0
100
AcDbArc
50
311.396723954221
51
311.592196683419
0
ARC
5
2EE
330
70
100
AcDbEntity
67
0
8
0
62
256
6
ByLayer
370
-1
48
1.0
60
0
100
AcDbCircle
39
0.0
10
618.659057587519
20
435.047567628253
30
0.0
40
285.87999536084
210
0.0
220
0.0
230
1.0
100
AcDbArc
50
311.20070617736
51
311.39657439197
0
ARC
5
2EF
330
70
100
AcDbEntity
67
0
8
0
62
256
6
ByLayer
370
-1
48
1.0
60
0
100
AcDbCircle
39
0.0
10
618.322156985755
20
435.431515839564
30
0.0
40
286.39079660254
210
0.0
220
0.0
230
1.0
100
AcDbArc
50
311.005092083969
51
311.200822233026
0
ARC
5
2F0
330
70
100
AcDbEntity
67
0
8
0
62
256
6
ByLayer
370
-1
48
1.0
60
0
100
AcDbCircle
39
0.0
10
618.000195823485
20
435.800975801874
30
0.0
40
286.88085715499
210
0.0
220
0.0
230
1.0
100
AcDbArc
50
310.809599402171
51
311.005203143349
0
ARC
5
2F1
330
70
100
AcDbEntity
67
0
8
0
62
256
6
ByLayer
370
-1
48
1.0
60
0
100
AcDbCircle
39
0.0
10
617.693082154629
20
436.155835754556
30
0.0
40
287.350158879844
210
0.0
220
0.0
230
1.0
100
AcDbArc
50
310.614216579563
51
310.809705498878
0
ARC
5
2F2
330
70
100
AcDbEntity
67
0
8
0
62
256
6
ByLayer
370
-1
48
1.0
60
0
100
AcDbCircle
39
0.0
10
617.400719229513
20
436.495989553287
30
0.0
40
287.798690293397
210
0.0
220
0.0
230
1.0
100
AcDbArc
50
310.41893213363
51
310.614317746673
0
ARC
5
2F3
330
70
100
AcDbEntity
67
0
8
0
62
256
6
ByLayer
370
-1
48
1.0
60
0
100
AcDbCircle
39
0.0
10
617.123005880842
20
436.821336338171
30
0.0
40
288.226446065164
210
0.0
220
0.0
230
1.0
100
AcDbArc
50
310.223734649912
51
310.419028403378
0
ARC
5
2F4
330
70
100
AcDbEntity
67
0
8
0
62
256
6
ByLayer
370
-1
48
1.0
60
0
100
AcDbCircle
39
0.0
10
616.859836992632
20
437.131780087049
30
0.0
40
288.633426375767
210
0.0
220
0.0
230
1.0
100
AcDbArc
50
310.028612780231
51
310.22382605383
0
ARC
5
2F5
330
70
100
AcDbEntity
67
0
8
0
62
256
6
ByLayer
370
-1
48
1.0
60
0
100
AcDbCircle
39
0.0
10
616.611102950129
20
437.427230366121
30
0.0
40
289.019637847458
210
0.0
220
0.0
230
1.0
100
AcDbArc
50
309.833555241455
51
310.028699349143
0
ARC
5
2F6
330
70
100
AcDbEntity
67
0
8
0
62
256
6
ByLayer
370
-1
48
1.0
60
0
100
AcDbCircle
39
0.0
10
616.376690306012
20
437.707601647478
30
0.0
40
289.385092595416
210
0.0
220
0.0
230
1.0
100
AcDbArc
50
309.638550813647
51
309.833637005449
0
ARC
5
2F7
330
70
100
AcDbEntity
67
0
8
0
62
256
6
ByLayer
370
-1
48
1.0
60
0
100
AcDbCircle
39
0.0
10
616.156481610169
20
437.972813609647
30
0.0
40
289.729808570125
210
0.0
220
0.0
230
1.0
100
AcDbArc
50
309.443588338688
51
309.638627802225
0
ARC
5
2F8
330
70
100
AcDbEntity
67
0
8
0
62
256
6
ByLayer
370
-1
48
1.0
60
0
100
AcDbCircle
39
0.0
10
615.950355208355
20
438.222791487023
30
0.0
40
290.053809957626
210
0.0
220
0.0
230
1.0
100
AcDbArc
50
309.248656718995
51
309.443660580694
0
ARC
5
2F9
330
70
100
AcDbEntity
67
0
8
0
62
256
6
ByLayer
370
-1
48
1.0
60
0
100
AcDbCircle
39
0.0
10
615.758185799521
20
438.457465501978
30
0.0
40
290.357126389783
210
0.0
220
0.0
230
1.0
100
AcDbArc
50
309.053744915721
51
309.248724242498
0
ARC
5
2FA
330
70
100
AcDbEntity
67
0
8
0
62
256
6
ByLayer
370
-1
48
1.0
60
0
100
AcDbCircle
39
0.0
10
615.579844390087
20
438.676771015954
30
0.0
40
290.639793093325
210
0.0
220
0.0
230
1.0
100
AcDbArc
50
308.858841947509
51
309.053807748289
0
ARC
5
2FB
330
70
100
AcDbEntity
67
0
8
0
62
256
6
ByLayer
370
-1
48
1.0
60
0
100
AcDbCircle
39
0.0
10
615.415198023493
20
438.880648967726
30
0.0
40
290.901851403837
210
0.0
220
0.0
230
1.0
100
AcDbArc
50
308.663936889152
51
308.858900115985
0
ARC
5
2FC
330
70
100
AcDbEntity
67
0
8
0
62
256
6
ByLayer
370
-1
48
1.0
60
0
100
AcDbCircle
39
0.0
10
615.264110474987
20
439.069045116468
30
0.0
40
291.143347743863
210
0.0
220
0.0
230
1.0
100
AcDbArc
50
308.469018870006
51
308.663990419809
0
ARC
5
2FD
330
70
100
AcDbEntity
67
0
8
0
62
256
6
ByLayer
370
-1
48
1.0
60
0
100
AcDbCircle
39
0.0
10
615.126441842361
20
439.241910647712
30
0.0
40
291.364334355368
210
0.0
220
0.0
230
1.0
100
AcDbArc
50
308.274077072833
51
308.469067788575
0
ARC
5
2FE
330
70
100
AcDbEntity
67
0
8
0
62
256
6
ByLayer
370
-1
48
1.0
60
0
100
AcDbCircle
39
0.0
10
615.002048638515
20
439.399202164922
30
0.0
40
291.564869239347
210
0.0
220
0.0
230
1.0
100
AcDbArc
50
308.079100732511
51
308.274121404377
0
ARC
5
2FF
330
70
100
AcDbEntity
67
0
8
0
62
256
6
ByLayer
370
-1
48
1.0
60
0
100
AcDbCircle
39
0.0
10
614.890784245006
20
439.540881217895
30
0.0
40
291.745015508621
210
0.0
220
0.0
230
1.0
100
AcDbArc
50
307.884079134522
51
308.079140501442
0
ARC
5
300
330
70
100
AcDbEntity
67
0
8
0
62
256
6
ByLayer
370
-1
48
1.0
60
0
100
AcDbCircle
39
0.0
10
614.792498930519
20
439.666914371443
30
0.0
40
291.904841434674
210
0.0
220
0.0
230
1.0
100
AcDbArc
50
307.689001613687
51
307.88411436477
0
ARC
5
301
330
70
100
AcDbEntity
67
0
8
0
62
256
6
ByLayer
370
-1
48
1.0
60
0
100
AcDbCircle
39
0.0
10
614.707039573059
20
439.777273660592
30
0.0
40
292.044420981815
210
0.0
220
0.0
230
1.0
100
AcDbArc
50
307.493857553175
51
307.689032328716
0
ARC
5
302
330
70
100
AcDbEntity
67
0
8
0
62
256
6
ByLayer
370
-1
48
1.0
60
0
100
AcDbCircle
39
0.0
10
614.634249965345
20
439.871936302479
30
0.0
40
292.163833396948
210
0.0
220
0.0
230
1.0
100
AcDbArc
50
307.298636383115
51
307.493883775807
0
ARC
5
303
330
70
100
AcDbEntity
67
0
8
0
62
256
6
ByLayer
370
-1
48
1.0
60
0
100
AcDbCircle
39
0.0
10
614.573970890518
20
439.950884696965
30
0.0
40
292.26316316865
210
0.0
220
0.0
230
1.0
100
AcDbArc
50
307.103327579452
51
307.298658135555
0
ARC
5
304
330
70
100
AcDbEntity
67
0
8
0
62
256
6
ByLayer
370
-1
48
1.0
60
0
100
AcDbCircle
39
0.0
10
614.526040703079
20
440.014105757534
30
0.0
40
292.342499147716
210
0.0
220
0.0
230
1.0
100
AcDbArc
50
306.907920662418
51
307.103344883449
0
ARC
5
305
330
70
100
AcDbEntity
67
0
8
0
62
256
6
ByLayer
370
-1
48
1.0
60
0
100
AcDbCircle
39
0.0
10
614.490294405023
20
440.061592222186
30
0.0
40
292.401936154977
210
0.0
220
0.0
230
1.0
100
AcDbArc
50
306.712405196051
51
306.90793353932
0
ARC
5
306
330
70
100
AcDbEntity
67
0
8
0
62
256
6
ByLayer
370
-1
48
1.0
60
0
100
AcDbCircle
39
0.0
10
614.466564550412
20
440.093341561053
30
0.0
40
292.441573569744
210
0.0
220
0.0
230
1.0
100
AcDbArc
50
306.516770786566
51
306.712413666589
0
ARC
5
307
330
70
100
AcDbEntity
67
0
8
0
62
256
6
ByLayer
370
-1
48
1.0
60
0
100
AcDbCircle
39
0.0
10
614.454681113107
20
440.109356241374
30
0.0
40
292.461515626642
210
0.0
220
0.0
230
1.0
100
AcDbArc
50
306.321007081373
51
306.516774871006
0
ARC
5
308
330
70
100
AcDbEntity
67
0
8
0
62
256
6
ByLayer
370
-1
48
1.0
60
0
100
AcDbCircle
39
0.0
10
614.454471484663
20
440.109643825971
30
0.0
40
292.4618715015
210
0.0
220
0.0
230
1.0
100
AcDbArc
50
306.125103768041
51
306.321006799488
0
ARC
5
309
330
70
100
AcDbEntity
67
0
8
0
62
256
6
ByLayer
370
-1
48
1.0
60
0
100
AcDbCircle
39
0.0
10
614.465760707471
20
440.094216751527
30
0.0
40
292.44275500027
210
0.0
220
0.0
230
1.0
100
AcDbArc
50
305.929050573256
51
306.125099139205
0
ARC
5
30A
330
70
100
AcDbEntity
67
0
8
0
62
256
6
ByLayer
370
-1
48
1.0
60
0
100
AcDbCircle
39
0.0
10
614.488371355191
20
440.063092586558
30
0.0
40
292.404284843712
210
0.0
220
0.0
230
1.0
100
AcDbArc
50
305.732837261875
51
305.929041616364
0
ARC
5
30B
330
70
100
AcDbEntity
67
0
8
0
62
256
6
ByLayer
370
-1
48
1.0
60
0
100
AcDbCircle
39
0.0
10
614.522124004898
20
440.016293475701
30
0.0
40
292.346583946351
210
0.0
220
0.0
230
1.0
100
AcDbArc
50
305.536453635598
51
305.732823995293
0
ARC
5
30C
330
70
100
AcDbEntity
67
0
8
0
62
256
6
ByLayer
370
-1
48
1.0
60
0
100
AcDbCircle
39
0.0
10
614.566836895275
20
439.953846700433
30
0.0
40
292.269780077418
210
0.0
220
0.0
230
1.0
100
AcDbArc
50
305.339889532454
51
305.536436077401
0
ARC
5
30D
330
70
100
AcDbEntity
67
0
8
0
62
256
6
ByLayer
370
-1
48
1.0
60
0
100
AcDbCircle
39
0.0
10
614.622326405982
20
439.875784105489
30
0.0
40
292.174005121771
210
0.0
220
0.0
230
1.0
100
AcDbArc
50
305.143134825474
51
305.339867700265
0
ARC
5
30E
330
70
100
AcDbEntity
67
0
8
0
62
256
6
ByLayer
370
-1
48
1.0
60
0
100
AcDbCircle
39
0.0
10
614.68840673804
20
439.782142637397
30
0.0
40
292.059395710556
210
0.0
220
0.0
230
1.0
100
AcDbArc
50
304.94617942204
51
305.143108736479
0
ARC
5
30F
330
70
100
AcDbEntity
67
0
8
0
62
256
6
ByLayer
370
-1
48
1.0
60
0
100
AcDbCircle
39
0.0
10
614.764890410988
20
439.672963733796
30
0.0
40
291.926092442294
210
0.0
220
0.0
230
1.0
100
AcDbArc
50
304.749013262798
51
304.94614909301
0
ARC
5
310
330
70
100
AcDbEntity
67
0
8
0
62
256
6
ByLayer
370
-1
48
1.0
60
0
100
AcDbCircle
39
0.0
10
614.851588185823
20
439.548293517382
30
0.0
40
291.774240092806
210
0.0
220
0.0
230
1.0
100
AcDbArc
50
304.551626320837
51
304.748978710148
0
ARC
5
311
330
70
100
AcDbEntity
67
0
8
0
62
256
6
ByLayer
370
-1
48
1.0
60
0
100
AcDbCircle
39
0.0
10
614.948309096673
20
439.40818283979
30
0.0
40
291.603987640155
210
0.0
220
0.0
230
1.0
100
AcDbArc
50
304.354008600884
51
304.551587560611
0
ARC
5
312
330
70
100
AcDbEntity
67
0
8
0
62
256
6
ByLayer
370
-1
48
1.0
60
0
100
AcDbCircle
39
0.0
10
615.054860651338
20
439.252687079484
30
0.0
40
291.415487991566
210
0.0
220
0.0
230
1.0
100
AcDbArc
50
304.156150138453
51
304.353965648783
0
ARC
5
313
330
70
100
AcDbEntity
67
0
8
0
62
256
6
ByLayer
370
-1
48
1.0
60
0
100
AcDbCircle
39
0.0
10
615.171048925988
20
439.081866088341
30
0.0
40
291.208897893148
210
0.0
220
0.0
230
1.0
100
AcDbArc
50
303.958040998982
51
304.15610300984
0
ARC
5
314
330
70
100
AcDbEntity
67
0
8
0
62
256
6
ByLayer
370
-1
48
1.0
60
0
100
AcDbCircle
39
0.0
10
615.296678473298
20
438.895784413207
30
0.0
40
290.984378172246
210
0.0
220
0.0
230
1.0
100
AcDbArc
50
303.759671277226
51
303.957989708888
0
ARC
5
315
330
70
100
AcDbEntity
67
0
8
0
62
256
6
ByLayer
370
-1
48
1.0
60
0
100
AcDbCircle
39
0.0
10
615.431552662235
20
438.694510880366
30
0.0
40
290.742093210553
210
0.0
220
0.0
230
1.0
100
AcDbArc
50
303.561031096348
51
303.759615840322
0
ARC
5
316
330
70
100
AcDbEntity
67
0
8
0
62
256
6
ByLayer
370
-1
48
1.0
60
0
100
AcDbCircle
39
0.0
10
615.575473663498
20
438.478118697286
30
0.0
40
290.482211044539
210
0.0
220
0.0
230
1.0
100
AcDbArc
50
303.362110607279
51
303.560971527044
0
ARC
5
317
330
70
100
AcDbEntity
67
0
8
0
62
256
6
ByLayer
370
-1
48
1.0
60
0
100
AcDbCircle
39
0.0
10
615.728242429952
20
438.246685568143
30
0.0
40
290.204903480431
210
0.0
220
0.0
230
1.0
100
AcDbArc
50
303.162899988029
51
303.362046919594
0
ARC
5
318
330
70
100
AcDbEntity
67
0
8
0
62
256
6
ByLayer
370
-1
48
1.0
60
0
100
AcDbCircle
39
0.0
10
615.889659227853
20
438.000292967904
30
0.0
40
289.910345203831
210
0.0
220
0.0
230
1.0
100
AcDbArc
50
302.963389442786
51
303.162832195785
0
ARC
5
319
330
70
100
AcDbEntity
67
0
8
0
62
256
6
ByLayer
370
-1
48
1.0
60
0
100
AcDbCircle
39
0.0
10
616.05952287093
20
437.739027391487
30
0.0
40
289.598715252592
210
0.0
220
0.0
230
1.0
100
AcDbArc
50
302.763569201866
51
302.963317559545
0
ARC
5
31A
330
70
100
AcDbEntity
67
0
8
0
62
256
6
ByLayer
370
-1
48
1.0
60
0
100
AcDbCircle
39
0.0
10
616.237631886851
20
437.462978648842
30
0.0
40
289.270194960031
210
0.0
220
0.0
230
1.0
100
AcDbArc
50
302.563429520297
51
302.763493240833
0
ARC
5
31B
330
70
100
AcDbEntity
67
0
8
0
62
256
6
ByLayer
370
-1
48
1.0
60
0
100
AcDbCircle
39
0.0
10
616.42378365848
20
437.172241262479
30
0.0
40
288.924969603391
210
0.0
220
0.0
230
1.0
100
AcDbArc
50
302.362960677957
51
302.563349494547
0
ARC
5
31C
330
70
100
AcDbEntity
67
0
8
0
62
256
6
ByLayer
370
-1
48
1.0
60
0
100
AcDbCircle
39
0.0
10
616.617775200067
20
436.866913343782
30
0.0
40
288.563227047683
210
0.0
220
0.0
230
1.0
100
AcDbArc
50
302.162152978427
51
302.362876600227
0
ARC
5
31D
330
70
100
AcDbEntity
67
0
8
0
62
256
6
ByLayer
370
-1
48
1.0
60
0
100
AcDbCircle
39
0.0
10
616.819402675307
20
436.547097422788
30
0.0
40
288.185158713383
210
0.0
220
0.0
230
1.0
100
AcDbArc
50
301.960996749002
51
302.162064861309
0
ARC
5
31E
330
70
100
AcDbEntity
67
0
8
0
62
256
6
ByLayer
370
-1
48
1.0
60
0
100
AcDbCircle
39
0.0
10
617.028462114362
20
436.212899392347
30
0.0
40
287.790958309904
210
0.0
220
0.0
230
1.0
100
AcDbArc
50
301.759482339594
51
301.960904604812
0
ARC
5
31F
330
70
100
AcDbEntity
67
0
8
0
62
256
6
ByLayer
370
-1
48
1.0
60
0
100
AcDbCircle
39
0.0
10
617.244748762866
20
435.864429618378
30
0.0
40
287.380823131291
210
0.0
220
0.0
230
1.0
100
AcDbArc
50
301.557600122878
51
301.759386180494
0
ARC
5
320
330
70
100
AcDbEntity
67
0
8
0
62
256
6
ByLayer
370
-1
48
1.0
60
0
100
AcDbCircle
39
0.0
10
617.468057928097
20
435.501801659434
30
0.0
40
286.954952531383
210
0.0
220
0.0
230
1.0
100
AcDbArc
50
301.355340493215
51
301.55749996075
0
ARC
5
321
330
70
100
AcDbEntity
67
0
8
0
62
256
6
ByLayer
370
-1
48
1.0
60
0
100
AcDbCircle
39
0.0
10
617.698184493525
20
435.125133117612
30
0.0
40
286.513548912422
210
0.0
220
0.0
230
1.0
100
AcDbArc
50
301.152693866707
51
301.355236339879
0
ARC
5
322
330
70
100
AcDbEntity
67
0
8
0
62
256
6
ByLayer
370
-1
48
1.0
60
0
100
AcDbCircle
39
0.0
10
617.934923387642
20
434.734544948511
30
0.0
40
286.056816901384
210
0.0
220
0.0
230
1.0
100
AcDbArc
50
300.949650680451
51
301.152585733831
0
ARC
5
323
330
70
100
AcDbEntity
67
0
8
0
62
256
6
ByLayer
370
-1
48
1.0
60
0
100
AcDbCircle
39
0.0
10
618.178069163288
20
434.330162226153
30
0.0
40
285.584964231971
210
0.0
220
0.0
230
1.0
100
AcDbArc
50
300.746201392615
51
300.949538579566
0
ARC
5
324
330
70
100
AcDbEntity
67
0
8
0
62
256
6
ByLayer
370
-1
48
1.0
60
0
100
AcDbCircle
39
0.0
10
618.427416745758
20
433.912112975792
30
0.0
40
285.098200368741
210
0.0
220
0.0
230
1.0
100
AcDbArc
50
300.54233648152
51
300.746085335013
0
ARC
5
325
330
70
100
AcDbEntity
67
0
8
0
62
256
6
ByLayer
370
-1
48
1.0
60
0
100
AcDbCircle
39
0.0
10
618.682761065111
20
433.480528847182
30
0.0
40
284.596737283794
210
0.0
220
0.0
230
1.0
100
AcDbArc
50
300.338046445709
51
300.542216478502
0
ARC
5
326
330
70
100
AcDbEntity
67
0
8
0
62
256
6
ByLayer
370
-1
48
1.0
60
0
100
AcDbCircle
39
0.0
10
618.943897038453
20
433.035545222497
30
0.0
40
284.080789568889
210
0.0
220
0.0
230
1.0
100
AcDbArc
50
300.133321803769
51
300.337922508408
0
ARC
5
327
330
70
100
AcDbEntity
67
0
8
0
62
256
6
ByLayer
370
-1
48
1.0
60
0
100
AcDbCircle
39
0.0
10
619.210620178919
20
432.577300247854
30
0.0
40
283.550573302351
210
0.0
220
0.0
230
1.0
100
AcDbArc
50
299.928153093601
51
300.133193943138
0
ARC
5
328
330
70
100
AcDbEntity
67
0
8
0
62
256
6
ByLayer
370
-1
48
1.0
60
0
100
AcDbCircle
39
0.0
10
619.482726229228
20
432.105935517216
30
0.0
40
283.006306835032
210
0.0
220
0.0
230
1.0
100
AcDbArc
50
299.72253087259
51
299.928021320648
0
ARC
5
329
330
70
100
AcDbEntity
67
0
8
0
62
256
6
ByLayer
370
-1
48
1.0
60
0
100
AcDbCircle
39
0.0
10
619.760011286953
20
431.621595928248
30
0.0
40
282.448210613521
210
0.0
220
0.0
230
1.0
100
AcDbArc
50
299.516445717364
51
299.722395198231
0
ARC
5
32A
330
70
100
AcDbEntity
67
0
8
0
62
256
6
ByLayer
370
-1
48
1.0
60
0
100
AcDbCircle
39
0.0
10
620.042272037439
20
431.124429341232
30
0.0
40
281.876506779255
210
0.0
220
0.0
230
1.0
100
AcDbArc
50
299.30988822349
51
299.516306152408
0
ARC
5
32B
330
70
100
AcDbEntity
67
0
8
0
62
256
6
ByLayer
370
-1
48
1.0
60
0
100
AcDbCircle
39
0.0
10
620.329305846532
20
430.614586472175
30
0.0
40
281.291419040782
210
0.0
220
0.0
230
1.0
100
AcDbArc
50
299.102849005345
51
299.309744778802
0
ARC
5
32C
330
70
100
AcDbEntity
67
0
8
0
62
256
6
ByLayer
370
-1
48
1.0
60
0
100
AcDbCircle
39
0.0
10
620.62091052485
20
430.092221374416
30
0.0
40
280.693173220217
210
0.0
220
0.0
230
1.0
100
AcDbArc
50
298.895318696277
51
299.102701691804
0
ARC
5
32D
330
70
100
AcDbEntity
67
0
8
0
62
256
6
ByLayer
370
-1
48
1.0
60
0
100
AcDbCircle
39
0.0
10
620.805965627068
20
429.757640109315
30
0.0
40
280.310825347363
210
0.0
220
0.0
230
1.0
100
AcDbArc
50
298.687540071864
51
298.895248548806
0
ARC
5
32E
330
70
100
AcDbEntity
67
0
8
0
62
256
6
ByLayer
370
-1
48
1.0
60
0
100
AcDbCircle
39
0.0
10
620.578792118385
20
430.171373193363
30
0.0
40
280.782823655233
210
0.0
220
0.0
230
1.0
100
AcDbArc
50
298.480282782762
51
298.687679375029
0
ARC
5
32F
330
70
100
AcDbEntity
67
0
8
0
62
256
6
ByLayer
370
-1
48
1.0
60
0
100
AcDbCircle
39
0.0
10
620.488357755844
20
430.337593304325
30
0.0
40
280.972052214707
210
0.0
220
0.0
230
1.0
100
AcDbArc
50
298.273036780132
51
298.480329073099
0
ARC
5
330
330
70
100
AcDbEntity
67
0
8
0
62
256
6
ByLayer
370
-1
48
1.0
60
0
100
AcDbCircle
39
0.0
10
620.404688505744
20
430.492713362029
30
0.0
40
281.148298437714
210
0.0
220
0.0
230
1.0
100
AcDbArc
50
298.065883861721
51
298.273079827224
0
ARC
5
331
330
70
100
AcDbEntity
67
0
8
0
62
256
6
ByLayer
370
-1
48
1.0
60
0
100
AcDbCircle
39
0.0
10
620.327718413248
20
430.636656946335
30
0.0
40
281.311528681316
210
0.0
220
0.0
230
1.0
100
AcDbArc
50
297.858816064075
51
298.06592366807
0
ARC
5
332
330
70
100
AcDbEntity
67
0
8
0
62
256
6
ByLayer
370
-1
48
1.0
60
0
100
AcDbCircle
39
0.0
10
620.25737930736
20
430.76935120114
30
0.0
40
281.461712977508
210
0.0
220
0.0
230
1.0
100
AcDbArc
50
297.651825429828
51
297.858852632108
0
ARC
5
333
330
70
100
AcDbEntity
67
0
8
0
62
256
6
ByLayer
370
-1
48
1.0
60
0
100
AcDbCircle
39
0.0
10
620.193601448279
20
430.890725703418
30
0.0
40
281.598823729413
210
0.0
220
0.0
230
1.0
100
AcDbArc
50
297.44490400702
51
297.651858761907
0
ARC
5
334
330
70
100
AcDbEntity
67
0
8
0
62
256
6
ByLayer
370
-1
48
1.0
60
0
100
AcDbCircle
39
0.0
10
620.136313070033
20
431.00071340847
30
0.0
40
281.722836759584
210
0.0
220
0.0
230
1.0
100
AcDbArc
50
297.238043849157
51
297.444934105432
0
ARC
5
335
330
70
100
AcDbEntity
67
0
8
0
62
256
6
ByLayer
370
-1
48
1.0
60
0
100
AcDbCircle
39
0.0
10
620.085440538477
20
431.099250441083
30
0.0
40
281.833731050711
210
0.0
220
0.0
230
1.0
100
AcDbArc
50
297.031237015062
51
297.238070716088
0
ARC
5
336
330
70
100
AcDbEntity
67
0
8
0
62
256
6
ByLayer
370
-1
48
1.0
60
0
100
AcDbCircle
39
0.0
10
620.040908707763
20
431.186275487007
30
0.0
40
281.931488040441
210
0.0
220
0.0
230
1.0
100
AcDbArc
50
296.82447556822
51
297.031260652595
0
ARC
5
337
330
70
100
AcDbEntity
67
0
8
0
62
256
6
ByLayer
370
-1
48
1.0
60
0
100
AcDbCircle
39
0.0
10
620.002640456115
20
431.26173077849
30
0.0
40
282.016092709388
210
0.0
220
0.0
230
1.0
100
AcDbArc
50
296.617751576983
51
296.824495978395
0
ARC
5
338
330
70
100
AcDbEntity
67
0
8
0
62
256
6
ByLayer
370
-1
48
1.0
60
0
100
AcDbCircle
39
0.0
10
619.970557093227
20
431.325561384885
30
0.0
40
282.087532763492
210
0.0
220
0.0
230
1.0
100
AcDbArc
50
296.411057114108
51
296.617768761797
0
ARC
5
339
330
70
100
AcDbEntity
67
0
8
0
62
256
6
ByLayer
370
-1
48
1.0
60
0
100
AcDbCircle
39
0.0
10
619.944578105459
20
431.377715804304
30
0.0
40
282.145799276557
210
0.0
220
0.0
230
1.0
100
AcDbArc
50
296.204384256689
51
296.411071075437
0
ARC
5
33A
330
70
100
AcDbEntity
67
0
8
0
62
256
6
ByLayer
370
-1
48
1.0
60
0
100
AcDbCircle
39
0.0
10
619.924621572685
20
431.418145215184
30
0.0
40
282.190885834056
210
0.0
220
0.0
230
1.0
100
AcDbArc
50
295.997725085589
51
296.204394996344
0
ARC
5
33B
330
70
100
AcDbEntity
67
0
8
0
62
256
6
ByLayer
370
-1
48
1.0
60
0
100
AcDbCircle
39
0.0
10
619.910603593086
20
431.446804727485
30
0.0
40
282.222789909431
210
0.0
220
0.0
230
1.0
100
AcDbArc
50
295.791071685831
51
295.997732605322
0
ARC
5
33C
330
70
100
AcDbEntity
67
0
8
0
62
256
6
ByLayer
370
-1
48
1.0
60
0
100
AcDbCircle
39
0.0
10
619.902439116374
20
431.463651777545
30
0.0
40
282.241511055944
210
0.0
220
0.0
230
1.0
100
AcDbArc
50
295.584416145543
51
295.791075987216
0
ARC
5
33D
330
70
100
AcDbEntity
67
0
8
0
62
256
6
ByLayer
370
-1
48
1.0
60
0
100
AcDbCircle
39
0.0
10
619.900041274968
20
431.468647580719
30
0.0
40
282.247052505593
210
0.0
220
0.0
230
1.0
100
AcDbArc
50
295.377750556427
51
295.584417230213
0
ARC
5
33E
330
70
100
AcDbEntity
67
0
8
0
62
256
6
ByLayer
370
-1
48
1.0
60
0
100
AcDbCircle
39
0.0
10
619.903321705668
20
431.461756568528
30
0.0
40
282.239420522598
210
0.0
220
0.0
230
1.0
100
AcDbArc
50
295.17106701329
51
295.37774842584
0
ARC
5
33F
330
70
100
AcDbEntity
67
0
8
0
62
256
6
ByLayer
370
-1
48
1.0
60
0
100
AcDbCircle
39
0.0
10
619.912190815807
20
431.442945912958
30
0.0
40
282.218623859774
210
0.0
220
0.0
230
1.0
100
AcDbArc
50
294.964357613495
51
295.171061668812
0
ARC
5
340
330
70
100
AcDbEntity
67
0
8
0
62
256
6
ByLayer
370
-1
48
1.0
60
0
100
AcDbCircle
39
0.0
10
619.926557304637
20
431.412186626432
30
0.0
40
282.184674957986
210
0.0
220
0.0
230
1.0
100
AcDbArc
50
294.757614457372
51
294.964349056563
0
ARC
5
341
330
70
100
AcDbEntity
67
0
8
0
62
256
6
ByLayer
370
-1
48
1.0
60
0
100
AcDbCircle
39
0.0
10
619.946328621853
20
431.369452686803
30
0.0
40
282.137588959834
210
0.0
220
0.0
230
1.0
100
AcDbArc
50
294.550829647458
51
294.757602689194
0
ARC
5
342
330
70
100
AcDbEntity
67
0
8
0
62
256
6
ByLayer
370
-1
48
1.0
60
0
100
AcDbCircle
39
0.0
10
619.971410875333
20
431.314721319221
30
0.0
40
282.077384004903
210
0.0
220
0.0
230
1.0
100
AcDbArc
50
294.343995288471
51
294.550814669233
0
ARC
5
343
330
70
100
AcDbEntity
67
0
8
0
62
256
6
ByLayer
370
-1
48
1.0
60
0
100
AcDbCircle
39
0.0
10
620.001708788514
20
431.247973184975
30
0.0
40
282.004081420001
210
0.0
220
0.0
230
1.0
100
AcDbArc
50
294.137103487134
51
294.343977101304
0
ARC
5
344
330
70
100
AcDbEntity
67
0
8
0
62
256
6
ByLayer
370
-1
48
1.0
60
0
100
AcDbCircle
39
0.0
10
620.037125899863
20
431.169192037128
30
0.0
40
281.917705324079
210
0.0
220
0.0
230
1.0
100
AcDbArc
50
293.930146351831
51
294.137082092072
0
ARC
5
345
330
70
100
AcDbEntity
67
0
8
0
62
256
6
ByLayer
370
-1
48
1.0
60
0
100
AcDbCircle
39
0.0
10
620.077564462729
20
431.078365034541
30
0.0
40
281.81828295679
210
0.0
220
0.0
230
1.0
100
AcDbArc
50
293.72311599247
51
293.930121749846
0
ARC
5
346
330
70
100
AcDbEntity
67
0
8
0
62
256
6
ByLayer
370
-1
48
1.0
60
0
100
AcDbCircle
39
0.0
10
620.12292552382
20
430.975482663481
30
0.0
40
281.705844576165
210
0.0
220
0.0
230
1.0
100
AcDbArc
50
293.516004520339
51
293.723088184507
0
ARC
5
347
330
70
100
AcDbEntity
67
0
8
0
62
256
6
ByLayer
370
-1
48
1.0
60
0
100
AcDbCircle
39
0.0
10
620.173108973367
20
430.860538722418
30
0.0
40
281.580423425816
210
0.0
220
0.0
230
1.0
100
AcDbArc
50
293.308804047758
51
293.515973507165
0
ARC
5
348
330
70
100
AcDbEntity
67
0
8
0
62
256
6
ByLayer
370
-1
48
1.0
60
0
100
AcDbCircle
39
0.0
10
620.22801369038
20
430.73353008081
30
0.0
40
281.442055457237
210
0.0
220
0.0
230
1.0
100
AcDbArc
50
293.101506687847
51
293.308769830123
0
ARC
5
349
330
70
100
AcDbEntity
67
0
8
0
62
256
6
ByLayer
370
-1
48
1.0
60
0
100
AcDbCircle
39
0.0
10
620.287537312734
20
430.59445730752
30
0.0
40
281.290779999485
210
0.0
220
0.0
230
1.0
100
AcDbArc
50
292.894104554597
51
293.101469266441
0
ARC
5
34A
330
70
100
AcDbEntity
67
0
8
0
62
256
6
ByLayer
370
-1
48
1.0
60
0
100
AcDbCircle
39
0.0
10
620.351576673956
20
430.443323751464
30
0.0
40
281.126638743863
210
0.0
220
0.0
230
1.0
100
AcDbArc
50
292.686589762236
51
292.894063930029
0
ARC
5
34B
330
70
100
AcDbEntity
67
0
8
0
62
256
6
ByLayer
370
-1
48
1.0
60
0
100
AcDbCircle
39
0.0
10
620.420027452891
20
430.280136456166
30
0.0
40
280.949676724578
210
0.0
220
0.0
230
1.0
100
AcDbArc
50
292.478954425461
51
292.686545935146
0
ARC
5
34C
330
70
100
AcDbEntity
67
0
8
0
62
256
6
ByLayer
370
-1
48
1.0
60
0
100
AcDbCircle
39
0.0
10
620.492784423672
20
430.104905673763
30
0.0
40
280.759941775886
210
0.0
220
0.0
230
1.0
100
AcDbArc
50
292.271190659018
51
292.47890739636
0
ARC
5
34D
330
70
100
AcDbEntity
67
0
8
0
62
256
6
ByLayer
370
-1
48
1.0
60
0
100
AcDbCircle
39
0.0
10
620.569741451298
20
429.917644971735
30
0.0
40
280.557484634534
210
0.0
220
0.0
230
1.0
100
AcDbArc
50
292.063290577592
51
292.271140428343
0
ARC
5
34E
330
70
100
AcDbEntity
67
0
8
0
62
256
6
ByLayer
370
-1
48
1.0
60
0
100
AcDbCircle
39
0.0
10
620.650791639504
20
429.718370969267
30
0.0
40
280.342358641995
210
0.0
220
0.0
230
1.0
100
AcDbArc
50
291.855246295485
51
292.063237145753
0
ARC
5
34F
330
70
100
AcDbEntity
67
0
8
0
62
256
6
ByLayer
370
-1
48
1.0
60
0
100
AcDbCircle
39
0.0
10
620.735827100407
20
429.507104003588
30
0.0
40
280.114620450913
210
0.0
220
0.0
230
1.0
100
AcDbArc
50
291.647049926755
51
291.855189662824
0
ARC
5
350
330
70
100
AcDbEntity
67
0
8
0
62
256
6
ByLayer
370
-1
48
1.0
60
0
100
AcDbCircle
39
0.0
10
620.824739308764
20
429.283867358373
30
0.0
40
279.874329179603
210
0.0
220
0.0
230
1.0
100
AcDbArc
50
291.438693584752
51
291.646990093514
0
ARC
5
351
330
70
100
AcDbEntity
67
0
8
0
62
256
6
ByLayer
370
-1
48
1.0
60
0
100
AcDbCircle
39
0.0
10
620.917419119123
20
429.048687306745
30
0.0
40
279.621546448361
210
0.0
220
0.0
230
1.0
100
AcDbArc
50
291.23016938187
51
291.438630551204
0
ARC
5
352
330
70
100
AcDbEntity
67
0
8
0
62
256
6
ByLayer
370
-1
48
1.0
60
0
100
AcDbCircle
39
0.0
10
621.013756417292
20
428.801594099804
30
0.0
40
279.356337429757
210
0.0
220
0.0
230
1.0
100
AcDbArc
50
291.02146942996
51
291.230103148303
0
ARC
5
353
330
70
100
AcDbEntity
67
0
8
0
62
256
6
ByLayer
370
-1
48
1.0
60
0
100
AcDbCircle
39
0.0
10
621.113640716515
20
428.54262055252
30
0.0
40
279.078769317518
210
0.0
220
0.0
230
1.0
100
AcDbArc
50
290.812585839482
51
291.021399996523
0
ARC
5
354
330
70
100
AcDbEntity
67
0
8
0
62
256
6
ByLayer
370
-1
48
1.0
60
0
100
AcDbCircle
39
0.0
10
621.216960730841
20
428.271803238368
30
0.0
40
278.788912597791
210
0.0
220
0.0
230
1.0
100
AcDbArc
50
290.603510719927
51
290.812513206321
0
ARC
5
355
330
70
100
AcDbEntity
67
0
8
0
62
256
6
ByLayer
370
-1
48
1.0
60
0
100
AcDbCircle
39
0.0
10
621.323604844179
20
427.989181370204
30
0.0
40
278.486839839551
210
0.0
220
0.0
230
1.0
100
AcDbArc
50
290.394236179185
51
290.603434887146
0
ARC
5
356
330
70
100
AcDbEntity
67
0
8
0
62
256
6
ByLayer
370
-1
48
1.0
60
0
100
AcDbCircle
39
0.0
10
621.433460689936
20
427.694798009673
30
0.0
40
278.172626977927
210
0.0
220
0.0
230
1.0
100
AcDbArc
50
290.184754323973
51
290.394157146881
0
ARC
5
357
330
70
100
AcDbEntity
67
0
8
0
62
256
6
ByLayer
370
-1
48
1.0
60
0
100
AcDbCircle
39
0.0
10
621.546415641151
20
427.388698870428
30
0.0
40
277.846352025094
210
0.0
220
0.0
230
1.0
100
AcDbArc
50
289.975057259174
51
290.184672092114
0
ARC
5
358
330
70
100
AcDbEntity
67
0
8
0
62
256
6
ByLayer
370
-1
48
1.0
60
0
100
AcDbCircle
39
0.0
10
621.662356628141
20
427.07093289793
30
0.0
40
277.508095681002
210
0.0
220
0.0
230
1.0
100
AcDbArc
50
289.765137088033
51
289.974971827851
0
ARC
5
359
330
70
100
AcDbEntity
67
0
8
0
62
256
6
ByLayer
370
-1
48
1.0
60
0
100
AcDbCircle
39
0.0
10
621.781170117697
20
426.741552439421
30
0.0
40
277.157941503956
210
0.0
220
0.0
230
1.0
100
AcDbArc
50
289.554985912074
51
289.765048457275
0
ARC
5
35A
330
70
100
AcDbEntity
67
0
8
0
62
256
6
ByLayer
370
-1
48
1.0
60
0
100
AcDbCircle
39
0.0
10
621.90274231331
20
426.400612798964
30
0.0
40
276.79597542804
210
0.0
220
0.0
230
1.0
100
AcDbArc
50
289.344595830871
51
289.554894081843
0
ARC
5
35B
330
70
100
AcDbEntity
67
0
8
0
62
256
6
ByLayer
370
-1
48
1.0
60
0
100
AcDbCircle
39
0.0
10
622.026959159176
20
426.04817232364
30
0.0
40
276.422285847016
210
0.0
220
0.0
230
1.0
100
AcDbArc
50
289.133958942031
51
289.344500801179
0
ARC
5
35C
330
70
100
AcDbEntity
67
0
8
0
62
256
6
ByLayer
370
-1
48
1.0
60
0
100
AcDbCircle
39
0.0
10
622.153706301647
20
425.684292620726
30
0.0
40
276.036963836167
210
0.0
220
0.0
230
1.0
100
AcDbArc
50
288.923067341168
51
289.133860712841
0
ARC
5
35D
330
70
100
AcDbEntity
67
0
8
0
62
256
6
ByLayer
370
-1
48
1.0
60
0
100
AcDbCircle
39
0.0
10
622.282869308205
20
425.30903803481
30
0.0
40
275.640102590805
210
0.0
220
0.0
230
1.0
100
AcDbArc
50
288.711913121633
51
288.922965912448
0
ARC
5
35E
330
70
100
AcDbEntity
67
0
8
0
62
256
6
ByLayer
370
-1
48
1.0
60
0
100
AcDbCircle
39
0.0
10
622.414333477851
20
424.922476299647
30
0.0
40
275.23179810882
210
0.0
220
0.0
230
1.0
100
AcDbArc
50
288.500488374796
51
288.711808493406
0
ARC
5
35F
330
70
100
AcDbEntity
67
0
8
0
62
256
6
ByLayer
370
-1
48
1.0
60
0
100
AcDbCircle
39
0.0
10
622.547984108538
20
424.52467786631
30
0.0
40
274.812148473098
210
0.0
220
0.0
230
1.0
100
AcDbArc
50
288.288785189699
51
288.500380547067
0
ARC
5
360
330
70
100
AcDbEntity
67
0
8
0
62
256
6
ByLayer
370
-1
48
1.0
60
0
100
AcDbCircle
39
0.0
10
622.683706364665
20
424.115716398221
30
0.0
40
274.381254367721
210
0.0
220
0.0
230
1.0
100
AcDbArc
50
288.07679565325
51
288.288674162498
0
ARC
5
361
330
70
100
AcDbEntity
67
0
8
0
62
256
6
ByLayer
370
-1
48
1.0
60
0
100
AcDbCircle
39
0.0
10
622.821385472371
20
423.695668294895
30
0.0
40
273.939218569327
210
0.0
220
0.0
230
1.0
100
AcDbArc
50
287.86451184997
51
288.076681426572
0
ARC
5
362
330
70
100
AcDbEntity
67
0
8
0
62
256
6
ByLayer
370
-1
48
1.0
60
0
100
AcDbCircle
39
0.0
10
622.960906658028
20
423.264612979127
30
0.0
40
273.486146244177
210
0.0
220
0.0
230
1.0
100
AcDbArc
50
287.651925862225
51
287.864394423942
0
ARC
5
363
330
70
100
AcDbEntity
67
0
8
0
62
256
6
ByLayer
370
-1
48
1.0
60
0
100
AcDbCircle
39
0.0
10
623.102155194144
20
422.822632871034
30
0.0
40
273.022144914489
210
0.0
220
0.0
230
1.0
100
AcDbArc
50
287.439029770132
51
287.651805236921
0
ARC
5
364
330
70
100
AcDbEntity
67
0
8
0
62
256
6
ByLayer
370
-1
48
1.0
60
0
100
AcDbCircle
39
0.0
10
623.245016602402
20
422.369812855347
30
0.0
40
272.547323894487
210
0.0
220
0.0
230
1.0
100
AcDbArc
50
287.225815651386
51
287.438905945716
0
ARC
5
365
330
70
100
AcDbEntity
67
0
8
0
62
256
6
ByLayer
370
-1
48
1.0
60
0
100
AcDbCircle
39
0.0
10
623.389376389084
20
421.906241225384
30
0.0
40
272.061795275688
210
0.0
220
0.0
230
1.0
100
AcDbArc
50
287.012275581726
51
287.22568862808
0
ARC
5
366
330
70
100
AcDbEntity
67
0
8
0
62
256
6
ByLayer
370
-1
48
1.0
60
0
100
AcDbCircle
39
0.0
10
623.535120422148
20
421.432008593381
30
0.0
40
271.565672779947
210
0.0
220
0.0
230
1.0
100
AcDbArc
50
286.798401634535
51
287.012145359759
0
ARC
5
367
330
70
100
AcDbEntity
67
0
8
0
62
256
6
ByLayer
370
-1
48
1.0
60
0
100
AcDbCircle
39
0.0
10
623.682134714547
20
420.947208693606
30
0.0
40
271.059072596529
210
0.0
220
0.0
230
1.0
100
AcDbArc
50
286.584185881207
51
286.798268214172
0
ARC
5
368
330
70
100
AcDbEntity
67
0
8
0
62
256
6
ByLayer
370
-1
48
1.0
60
0
100
AcDbCircle
39
0.0
10
623.83030568102
20
420.451937651368
30
0.0
40
270.542112613894
210
0.0
220
0.0
230
1.0
100
AcDbArc
50
286.369620390949
51
286.584049262758
0
ARC
5
369
330
70
100
AcDbEntity
67
0
8
0
62
256
6
ByLayer
370
-1
48
1.0
60
0
100
AcDbCircle
39
0.0
10
623.979520016303
20
419.946294489688
30
0.0
40
270.014912946021
210
0.0
220
0.0
230
1.0
100
AcDbArc
50
286.154697231105
51
286.369480574851
0
ARC
5
36A
330
70
100
AcDbEntity
67
0
8
0
62
256
6
ByLayer
370
-1
48
1.0
60
0
100
AcDbCircle
39
0.0
10
624.129664885832
20
419.430380595046
30
0.0
40
269.477595372144
210
0.0
220
0.0
230
1.0
100
AcDbArc
50
285.939408467002
51
286.154554217918
0
ARC
5
36B
330
70
100
AcDbEntity
67
0
8
0
62
256
6
ByLayer
370
-1
48
1.0
60
0
100
AcDbCircle
39
0.0
10
624.280627686786
20
418.904300651321
30
0.0
40
268.930284306532
210
0.0
220
0.0
230
1.0
100
AcDbArc
50
285.723746162549
51
285.939262257338
0
ARC
5
36C
330
70
100
AcDbEntity
67
0
8
0
62
256
6
ByLayer
370
-1
48
1.0
60
0
100
AcDbCircle
39
0.0
10
624.432296514155
20
418.368161136792
30
0.0
40
268.373105231658
210
0.0
220
0.0
230
1.0
100
AcDbArc
50
285.507702379691
51
285.723596757058
0
ARC
5
36D
330
70
100
AcDbEntity
67
0
8
0
62
256
6
ByLayer
370
-1
48
1.0
60
0
100
AcDbCircle
39
0.0
10
624.559053564586
20
417.910327130696
30
0.0
40
267.898048124387
210
0.0
220
0.0
230
1.0
100
AcDbArc
50
285.291554118571
51
285.507759638498
0
ARC
5
36E
330
70
100
AcDbEntity
67
0
8
0
62
256
6
ByLayer
370
-1
48
1.0
60
0
100
AcDbCircle
39
0.0
10
624.113005224837
20
419.532447902
30
0.0
40
269.580376551633
210
0.0
220
0.0
230
1.0
100
AcDbArc
50
285.07729646478
51
285.292075528818
0
ARC
5
36F
330
70
100
AcDbEntity
67
0
8
0
62
256
6
ByLayer
370
-1
48
1.0
60
0
100
AcDbCircle
39
0.0
10
624.081728029052
20
419.647979326593
30
0.0
40
269.700066781297
210
0.0
220
0.0
230
1.0
100
AcDbArc
50
284.862723728617
51
285.077327958743
0
ARC
5
370
330
70
100
AcDbEntity
67
0
8
0
62
256
6
ByLayer
370
-1
48
1.0
60
0
100
AcDbCircle
39
0.0
10
624.054062530569
20
419.751709387812
30
0.0
40
269.807422674472
210
0.0
220
0.0
230
1.0
100
AcDbArc
50
284.648314345925
51
284.86275191292
0
ARC
5
371
330
70
100
AcDbEntity
67
0
8
0
62
256
6
ByLayer
370
-1
48
1.0
60
0
100
AcDbCircle
39
0.0
10
624.029941869585
20
419.843527840045
30
0.0
40
269.902356444784
210
0.0
220
0.0
230
1.0
100
AcDbArc
50
284.434060105855
51
284.648339207317
0
ARC
5
372
330
70
100
AcDbEntity
67
0
8
0
62
256
6
ByLayer
370
-1
48
1.0
60
0
100
AcDbCircle
39
0.0
10
624.009297688097
20
419.923326735975
30
0.0
40
269.984782385702
210
0.0
220
0.0
230
1.0
100
AcDbArc
50
284.21995277002
51
284.434081631003
0
ARC
5
373
330
70
100
AcDbEntity
67
0
8
0
62
256
6
ByLayer
370
-1
48
1.0
60
0
100
AcDbCircle
39
0.0
10
623.992059885187
20
419.991001502772
30
0.0
40
270.05461796813
210
0.0
220
0.0
230
1.0
100
AcDbArc
50
284.005984072842
51
284.219970945678
0
ARC
5
374
330
70
100
AcDbEntity
67
0
8
0
62
256
6
ByLayer
370
-1
48
1.0
60
0
100
AcDbCircle
39
0.0
10
623.978156774362
20
420.046450498531
30
0.0
40
270.111783366282
210
0.0
220
0.0
230
1.0
100
AcDbArc
50
283.792145721066
51
284.005998885604
0
ARC
5
375
330
70
100
AcDbEntity
67
0
8
0
62
256
6
ByLayer
370
-1
48
1.0
60
0
100
AcDbCircle
39
0.0
10
623.967515061323
20
420.089575255933
30
0.0
40
270.156201694144
210
0.0
220
0.0
230
1.0
100
AcDbArc
50
283.578429393745
51
283.792157157444
0
ARC
5
376
330
70
100
AcDbEntity
67
0
8
0
62
256
6
ByLayer
370
-1
48
1.0
60
0
100
AcDbCircle
39
0.0
10
623.960060053804
20
420.120279783555
30
0.0
40
270.187798271711
210
0.0
220
0.0
230
1.0
100
AcDbArc
50
283.364826741563
51
283.578437440217
0
ARC
5
377
330
70
100
AcDbEntity
67
0
8
0
62
256
6
ByLayer
370
-1
48
1.0
60
0
100
AcDbCircle
39
0.0
10
623.955715295197
20
420.13847223288
30
0.0
40
270.206502326362
210
0.0
220
0.0
230
1.0
100
AcDbArc
50
283.151329387463
51
283.364831384614
0
ARC
5
378
330
70
100
AcDbEntity
67
0
8
0
62
256
6
ByLayer
370
-1
48
1.0
60
0
100
AcDbCircle
39
0.0
10
623.954403014688
20
420.144063216048
30
0.0
40
270.212245247177
210
0.0
220
0.0
230
1.0
100
AcDbArc
50
282.937928925517
51
283.151330613296
0
ARC
5
379
330
70
100
AcDbEntity
67
0
8
0
62
256
6
ByLayer
370
-1
48
1.0
60
0
100
AcDbCircle
39
0.0
10
623.956043920404
20
420.136966824167
30
0.0
40
270.204961618882
210
0.0
220
0.0
230
1.0
100
AcDbArc
50
282.724616921214
51
282.9379267204
0
ARC
5
37A
330
70
100
AcDbEntity
67
0
8
0
62
256
6
ByLayer
370
-1
48
1.0
60
0
100
AcDbCircle
39
0.0
10
623.960557293192
20
420.117100413107
30
0.0
40
270.184588987427
210
0.0
220
0.0
230
1.0
100
AcDbArc
50
282.51138491095
51
282.724611271261
0
ARC
5
37B
330
70
100
AcDbEntity
67
0
8
0
62
256
6
ByLayer
370
-1
48
1.0
60
0
100
AcDbCircle
39
0.0
10
623.967861010483
20
420.084384675043
30
0.0
40
270.151067920041
210
0.0
220
0.0
230
1.0
100
AcDbArc
50
282.298224401931
51
282.511375802297
0
ARC
5
37C
330
70
100
AcDbEntity
67
0
8
0
62
256
6
ByLayer
370
-1
48
1.0
60
0
100
AcDbCircle
39
0.0
10
623.977871555995
20
420.038743787623
30
0.0
40
270.104342144419
210
0.0
220
0.0
230
1.0
100
AcDbArc
50
282.085126871766
51
282.298211820535
0
ARC
5
37D
330
70
100
AcDbEntity
67
0
8
0
62
256
6
ByLayer
370
-1
48
1.0
60
0
100
AcDbCircle
39
0.0
10
623.990504022011
20
419.980105605598
30
0.0
40
270.044358731278
210
0.0
220
0.0
230
1.0
100
AcDbArc
50
281.872083768353
51
282.085110803393
0
ARC
5
37E
330
70
100
AcDbEntity
67
0
8
0
62
256
6
ByLayer
370
-1
48
1.0
60
0
100
AcDbCircle
39
0.0
10
624.005672395844
20
419.908400512935
30
0.0
40
269.971066907904
210
0.0
220
0.0
230
1.0
100
AcDbArc
50
281.659086508951
51
281.872064198716
0
ARC
5
37F
330
70
100
AcDbEntity
67
0
8
0
62
256
6
ByLayer
370
-1
48
1.0
60
0
100
AcDbCircle
39
0.0
10
624.023289093395
20
419.823563816011
30
0.0
40
269.884420492227
210
0.0
220
0.0
230
1.0
100
AcDbArc
50
281.44612648104
51
281.659063423756
0
ARC
5
380
330
70
100
AcDbEntity
67
0
8
0
62
256
6
ByLayer
370
-1
48
1.0
60
0
100
AcDbCircle
39
0.0
10
624.043265576181
20
419.725533022682
30
0.0
40
269.784375099561
210
0.0
220
0.0
230
1.0
100
AcDbArc
50
281.233195040554
51
281.446099865637
0
ARC
5
381
330
70
100
AcDbEntity
67
0
8
0
62
256
6
ByLayer
370
-1
48
1.0
60
0
100
AcDbCircle
39
0.0
10
624.065511912311
20
419.614250150228
30
0.0
40
269.670890488209
210
0.0
220
0.0
230
1.0
100
AcDbArc
50
281.020283512799
51
281.23316488046
0
ARC
5
382
330
70
100
AcDbEntity
67
0
8
0
62
256
6
ByLayer
370
-1
48
1.0
60
0
100
AcDbCircle
39
0.0
10
624.089937060515
20
419.489660575204
30
0.0
40
269.543929372534
210
0.0
220
0.0
230
1.0
100
AcDbArc
50
280.807383191319
51
281.020249793133
0
ARC
5
383
330
70
100
AcDbEntity
67
0
8
0
62
256
6
ByLayer
370
-1
48
1.0
60
0
100
AcDbCircle
39
0.0
10
624.116448891414
20
419.351713116502
30
0.0
40
269.403457497149
210
0.0
220
0.0
230
1.0
100
AcDbArc
50
280.594485337777
51
280.807345897225
0
ARC
5
384
330
70
100
AcDbEntity
67
0
8
0
62
256
6
ByLayer
370
-1
48
1.0
60
0
100
AcDbCircle
39
0.0
10
624.144954111215
20
419.200360662327
30
0.0
40
269.249444263924
210
0.0
220
0.0
230
1.0
100
AcDbArc
50
280.381581181725
51
280.594444454269
0
ARC
5
385
330
70
100
AcDbEntity
67
0
8
0
62
256
6
ByLayer
370
-1
48
1.0
60
0
100
AcDbCircle
39
0.0
10
624.175358374354
20
419.035559829403
30
0.0
40
269.081862373287
210
0.0
220
0.0
230
1.0
100
AcDbArc
50
280.168661920071
51
280.381536693543
0
ARC
5
386
330
70
100
AcDbEntity
67
0
8
0
62
256
6
ByLayer
370
-1
48
1.0
60
0
100
AcDbCircle
39
0.0
10
624.207566384303
20
418.857270641969
30
0.0
40
268.900687487475
210
0.0
220
0.0
230
1.0
100
AcDbArc
50
279.955718716577
51
280.168613811855
0
ARC
5
387
330
70
100
AcDbEntity
67
0
8
0
62
256
6
ByLayer
370
-1
48
1.0
60
0
100
AcDbCircle
39
0.0
10
624.241481818297
20
418.665457181434
30
0.0
40
268.705898880583
210
0.0
220
0.0
230
1.0
100
AcDbArc
50
279.74274270168
51
279.955666972882
0
ARC
5
388
330
70
100
AcDbEntity
67
0
8
0
62
256
6
ByLayer
370
-1
48
1.0
60
0
100
AcDbCircle
39
0.0
10
624.277007417089
20
418.460087347829
30
0.0
40
268.49747918553
210
0.0
220
0.0
230
1.0
100
AcDbArc
50
279.529724972034
51
279.742687306931
0
ARC
5
389
330
70
100
AcDbEntity
67
0
8
0
62
256
6
ByLayer
370
-1
48
1.0
60
0
100
AcDbCircle
39
0.0
10
624.314044977303
20
418.241133176506
30
0.0
40
268.275414705105
210
0.0
220
0.0
230
1.0
100
AcDbArc
50
279.316656590146
51
279.529665910353
0
ARC
5
38A
330
70
100
AcDbEntity
67
0
8
0
62
256
6
ByLayer
370
-1
48
1.0
60
0
100
AcDbCircle
39
0.0
10
624.35249553821
20
418.008569993964
30
0.0
40
268.039694546289
210
0.0
220
0.0
230
1.0
100
AcDbArc
50
279.103528583688
51
279.316593845566
0
ARC
5
38B
330
70
100
AcDbEntity
67
0
8
0
62
256
6
ByLayer
370
-1
48
1.0
60
0
100
AcDbCircle
39
0.0
10
624.392259272418
20
417.762377326207
30
0.0
40
267.790311532257
210
0.0
220
0.0
230
1.0
100
AcDbArc
50
278.8903319453
51
279.103462140151
0
ARC
5
38C
330
70
100
AcDbEntity
67
0
8
0
62
256
6
ByLayer
370
-1
48
1.0
60
0
100
AcDbCircle
39
0.0
10
624.433235519818
20
417.502539004743
30
0.0
40
267.527262299731
210
0.0
220
0.0
230
1.0
100
AcDbArc
50
278.677057632323
51
278.890261786526
0
ARC
5
38D
330
70
100
AcDbEntity
67
0
8
0
62
256
6
ByLayer
370
-1
48
1.0
60
0
100
AcDbCircle
39
0.0
10
624.475322974793
20
417.229042277528
30
0.0
40
267.2505463899
210
0.0
220
0.0
230
1.0
100
AcDbArc
50
278.463696565879
51
278.676983741772
0
ARC
5
38E
330
70
100
AcDbEntity
67
0
8
0
62
256
6
ByLayer
370
-1
48
1.0
60
0
100
AcDbCircle
39
0.0
10
624.51841958852
20
416.94187871311
30
0.0
40
266.960167155378
210
0.0
220
0.0
230
1.0
100
AcDbArc
50
278.250239630872
51
278.463618926923
0
ARC
5
38F
330
70
100
AcDbEntity
67
0
8
0
62
256
6
ByLayer
370
-1
48
1.0
60
0
100
AcDbCircle
39
0.0
10
624.562422706937
20
416.641043605754
30
0.0
40
266.656131150024
210
0.0
220
0.0
230
1.0
100
AcDbArc
50
278.036677675221
51
278.250158226702
0
ARC
5
390
330
70
100
AcDbEntity
67
0
8
0
62
256
6
ByLayer
370
-1
48
1.0
60
0
100
AcDbCircle
39
0.0
10
624.607229033425
20
416.326536539307
30
0.0
40
266.338448691041
210
0.0
220
0.0
230
1.0
100
AcDbArc
50
277.823001509583
51
278.036592488811
0
ARC
5
391
330
70
100
AcDbEntity
67
0
8
0
62
256
6
ByLayer
370
-1
48
1.0
60
0
100
AcDbCircle
39
0.0
10
624.65273474749
20
415.998360887151
30
0.0
40
266.007133346108
210
0.0
220
0.0
230
1.0
100
AcDbArc
50
277.609201906816
51
277.822912523815
0
ARC
5
392
330
70
100
AcDbEntity
67
0
8
0
62
256
6
ByLayer
370
-1
48
1.0
60
0
100
AcDbCircle
39
0.0
10
624.698835473851
20
415.656524371653
30
0.0
40
265.662202490857
210
0.0
220
0.0
230
1.0
100
AcDbArc
50
277.395269601557
51
277.609109104282
0
ARC
5
393
330
70
100
AcDbEntity
67
0
8
0
62
256
6
ByLayer
370
-1
48
1.0
60
0
100
AcDbCircle
39
0.0
10
624.745426394289
20
415.30103859478
30
0.0
40
265.303676828001
210
0.0
220
0.0
230
1.0
100
AcDbArc
50
277.181195289681
51
277.395172964641
0
ARC
5
394
330
70
100
AcDbEntity
67
0
8
0
62
256
6
ByLayer
370
-1
48
1.0
60
0
100
AcDbCircle
39
0.0
10
624.792402313082
20
414.931918864498
30
0.0
40
264.931580206108
210
0.0
220
0.0
230
1.0
100
AcDbArc
50
276.966969627647
51
277.181094800681
0
ARC
5
395
330
70
100
AcDbEntity
67
0
8
0
62
256
6
ByLayer
370
-1
48
1.0
60
0
100
AcDbCircle
39
0.0
10
624.839657571881
20
414.549185232381
30
0.0
40
264.545940659221
210
0.0
220
0.0
230
1.0
100
AcDbArc
50
276.752583232506
51
276.96686526873
0
ARC
5
396
330
70
100
AcDbEntity
67
0
8
0
62
256
6
ByLayer
370
-1
48
1.0
60
0
100
AcDbCircle
39
0.0
10
624.887086198133
20
414.152861733881
30
0.0
40
264.146789634382
210
0.0
220
0.0
230
1.0
100
AcDbArc
50
276.538026681059
51
276.752474985433
0
ARC
5
397
330
70
100
AcDbEntity
67
0
8
0
62
256
6
ByLayer
370
-1
48
1.0
60
0
100
AcDbCircle
39
0.0
10
624.947706494115
20
413.626157203583
30
0.0
40
263.616608139207
210
0.0
220
0.0
230
1.0
100
AcDbArc
50
276.323251738529
51
276.537971454115
0
ARC
5
398
330
70
100
AcDbEntity
67
0
8
0
62
256
6
ByLayer
370
-1
48
1.0
60
0
100
AcDbCircle
39
0.0
10
624.837107949225
20
414.620245201549
30
0.0
40
264.616829511552
210
0.0
220
0.0
230
1.0
100
AcDbArc
50
276.10960064855
51
276.323346828002
0
ARC
5
399
330
70
100
AcDbEntity
67
0
8
0
62
256
6
ByLayer
370
-1
48
1.0
60
0
100
AcDbCircle
39
0.0
10
624.82033858181
20
414.77510531362
30
0.0
40
264.772594812742
210
0.0
220
0.0
230
1.0
100
AcDbArc
50
275.896186164284
51
276.109642251114
0
ARC
5
39A
330
70
100
AcDbEntity
67
0
8
0
62
256
6
ByLayer
370
-1
48
1.0
60
0
100
AcDbCircle
39
0.0
10
624.805538139535
20
414.916712509183
30
0.0
40
264.914973252801
210
0.0
220
0.0
230
1.0
100
AcDbArc
50
275.683049190736
51
275.896224090268
0
ARC
5
39B
330
70
100
AcDbEntity
67
0
8
0
62
256
6
ByLayer
370
-1
48
1.0
60
0
100
AcDbCircle
39
0.0
10
624.7926228702
20
415.044896585266
30
0.0
40
265.043806231855
210
0.0
220
0.0
230
1.0
100
AcDbArc
50
275.470180744941
51
275.683083414495
0
ARC
5
39C
330
70
100
AcDbEntity
67
0
8
0
62
256
6
ByLayer
370
-1
48
1.0
60
0
100
AcDbCircle
39
0.0
10
624.781507187135
20
415.159490046504
30
0.0
40
265.158937460716
210
0.0
220
0.0
230
1.0
100
AcDbArc
50
275.257571791431
51
275.470211240769
0
ARC
5
39D
330
70
100
AcDbEntity
67
0
8
0
62
256
6
ByLayer
370
-1
48
1.0
60
0
100
AcDbCircle
39
0.0
10
624.772103654752
20
415.260328632451
30
0.0
40
265.2602134772
210
0.0
220
0.0
230
1.0
100
AcDbArc
50
275.045213241913
51
275.25759853336
0
ARC
5
39E
330
70
100
AcDbEntity
67
0
8
0
62
256
6
ByLayer
370
-1
48
1.0
60
0
100
AcDbCircle
39
0.0
10
624.76432310922
20
415.347250399309
30
0.0
40
265.347482710827
210
0.0
220
0.0
230
1.0
100
AcDbArc
50
274.83309595448
51
275.045236203888
0
ARC
5
39F
330
70
100
AcDbEntity
67
0
8
0
62
256
6
ByLayer
370
-1
48
1.0
60
0
100
AcDbCircle
39
0.0
10
624.758074555286
20
415.420097251649
30
0.0
40
265.42059700799
210
0.0
220
0.0
230
1.0
100
AcDbArc
50
274.621210733721
51
274.833115110301
0
ARC
5
3A0
330
70
100
AcDbEntity
67
0
8
0
62
256
6
ByLayer
370
-1
48
1.0
60
0
100
AcDbCircle
39
0.0
10
624.753265291012
20
415.478714005406
30
0.0
40
265.479410678204
210
0.0
220
0.0
230
1.0
100
AcDbArc
50
274.409548329894
51
274.621226056902
0
ARC
5
3A1
330
70
100
AcDbEntity
67
0
8
0
62
256
6
ByLayer
370
-1
48
1.0
60
0
100
AcDbCircle
39
0.0
10
624.749800924156
20
415.522948608088
30
0.0
40
265.523780702885
210
0.0
220
0.0
230
1.0
100
AcDbArc
50
274.198099438401
51
274.409559793748
0
ARC
5
3A2
330
70
100
AcDbEntity
67
0
8
0
62
256
6
ByLayer
370
-1
48
1.0
60
0
100
AcDbCircle
39
0.0
10
624.747585386465
20
415.552652435139
30
0.0
40
265.553567020472
210
0.0
220
0.0
230
1.0
100
AcDbArc
50
273.986854699402
51
274.198107016126
0
ARC
5
3A3
330
70
100
AcDbEntity
67
0
8
0
62
256
6
ByLayer
370
-1
48
1.0
60
0
100
AcDbCircle
39
0.0
10
624.746520960298
20
415.56768049606
30
0.0
40
265.568632720908
210
0.0
220
0.0
230
1.0
100
AcDbArc
50
273.775804697251
51
273.986858363927
0
ARC
5
3A4
330
70
100
AcDbEntity
67
0
8
0
62
256
6
ByLayer
370
-1
48
1.0
60
0
100
AcDbCircle
39
0.0
10
624.746508328845
20
415.56789132703
30
0.0
40
265.568843926054
210
0.0
220
0.0
230
1.0
100
AcDbArc
50
273.564939959822
51
273.775804421155
0
ARC
5
3A5
330
70
100
AcDbEntity
67
0
8
0
62
256
6
ByLayer
370
-1
48
1.0
60
0
100
AcDbCircle
39
0.0
10
624.747446621453
20
415.553146905607
30
0.0
40
265.554069692771
210
0.0
220
0.0
230
1.0
100
AcDbArc
50
273.354250957867
51
273.564935715453
0
ARC
5
3A6
330
70
100
AcDbEntity
67
0
8
0
62
256
6
ByLayer
370
-1
48
1.0
60
0
100
AcDbCircle
39
0.0
10
624.749233435239
20
415.523312943195
30
0.0
40
265.524182294788
210
0.0
220
0.0
230
1.0
100
AcDbArc
50
273.143728104395
51
273.354242717346
0
ARC
5
3A7
330
70
100
AcDbEntity
67
0
8
0
62
256
6
ByLayer
370
-1
48
1.0
60
0
100
AcDbCircle
39
0.0
10
624.751764869999
20
415.478259028187
30
0.0
40
265.479057355016
210
0.0
220
0.0
230
1.0
100
AcDbArc
50
272.933361754011
51
273.143715839566
0
ARC
5
3A8
330
70
100
AcDbEntity
67
0
8
0
62
256
6
ByLayer
370
-1
48
1.0
60
0
100
AcDbCircle
39
0.0
10
624.754935568131
20
415.417858710925
30
0.0
40
265.418573919789
210
0.0
220
0.0
230
1.0
100
AcDbArc
50
272.723142202238
51
272.933345436403
0
ARC
5
3A9
330
70
100
AcDbEntity
67
0
8
0
62
256
6
ByLayer
370
-1
48
1.0
60
0
100
AcDbCircle
39
0.0
10
624.75863876632
20
415.341989356098
30
0.0
40
265.342614300574
210
0.0
220
0.0
230
1.0
100
AcDbArc
50
272.513059684696
51
272.7231218031
0
ARC
5
3AA
330
70
100
AcDbEntity
67
0
8
0
62
256
6
ByLayer
370
-1
48
1.0
60
0
100
AcDbCircle
39
0.0
10
624.762766322968
20
415.250532489241
30
0.0
40
265.251064410679
210
0.0
220
0.0
230
1.0
100
AcDbArc
50
272.303104376321
51
272.51303517489
0
ARC
5
3AB
330
70
100
AcDbEntity
67
0
8
0
62
256
6
ByLayer
370
-1
48
1.0
60
0
100
AcDbCircle
39
0.0
10
624.767208747498
20
415.143374233817
30
0.0
40
265.143814192702
210
0.0
220
0.0
230
1.0
100
AcDbArc
50
272.093266390903
51
272.303075726287
0
ARC
5
3AC
330
70
100
AcDbEntity
67
0
8
0
62
256
6
ByLayer
370
-1
48
1.0
60
0
100
AcDbCircle
39
0.0
10
624.771855316829
20
415.02040355416
30
0.0
40
265.02075585042
210
0.0
220
0.0
230
1.0
100
AcDbArc
50
271.883535779258
51
272.09323357074
0
ARC
5
3AD
330
70
100
AcDbEntity
67
0
8
0
62
256
6
ByLayer
370
-1
48
1.0
60
0
100
AcDbCircle
39
0.0
10
624.77659400338
20
414.88151521254
30
0.0
40
264.881786798896
210
0.0
220
0.0
230
1.0
100
AcDbArc
50
271.673902529807
51
271.883498758969
0
ARC
5
3AE
330
70
100
AcDbEntity
67
0
8
0
62
256
6
ByLayer
370
-1
48
1.0
60
0
100
AcDbCircle
39
0.0
10
624.781311603475
20
414.726607847368
30
0.0
40
264.726807731963
210
0.0
220
0.0
230
1.0
100
AcDbArc
50
271.464356566658
51
271.67386127866
0
ARC
5
3AF
330
70
100
AcDbEntity
67
0
8
0
62
256
6
ByLayer
370
-1
48
1.0
60
0
100
AcDbCircle
39
0.0
10
624.785893771919
20
414.55558413025
30
0.0
40
264.555722770926
210
0.0
220
0.0
230
1.0
100
AcDbArc
50
271.2548877488
51
271.464311053628
0
ARC
5
3B0
330
70
100
AcDbEntity
67
0
8
0
62
256
6
ByLayer
370
-1
48
1.0
60
0
100
AcDbCircle
39
0.0
10
624.790225041943
20
414.368351804319
30
0.0
40
264.368440494875
210
0.0
220
0.0
230
1.0
100
AcDbArc
50
271.045485869548
51
271.254837942531
0
ARC
5
3B1
330
70
100
AcDbEntity
67
0
8
0
62
256
6
ByLayer
370
-1
48
1.0
60
0
100
AcDbCircle
39
0.0
10
624.794188892721
20
414.164823169369
30
0.0
40
264.164873417425
210
0.0
220
0.0
230
1.0
100
AcDbArc
50
270.836140655347
51
271.045431738172
0
ARC
5
3B2
330
70
100
AcDbEntity
67
0
8
0
62
256
6
ByLayer
370
-1
48
1.0
60
0
100
AcDbCircle
39
0.0
10
624.797667802065
20
413.944914831879
30
0.0
40
263.944937728986
210
0.0
220
0.0
230
1.0
100
AcDbArc
50
270.626841764529
51
270.836082166545
0
ARC
5
3B3
330
70
100
AcDbEntity
67
0
8
0
62
256
6
ByLayer
370
-1
48
1.0
60
0
100
AcDbCircle
39
0.0
10
624.80054328283
20
413.70854846463
30
0.0
40
263.70855404908
210
0.0
220
0.0
230
1.0
100
AcDbArc
50
270.417578786646
51
270.626778885654
0
ARC
5
3B4
330
70
100
AcDbEntity
67
0
8
0
62
256
6
ByLayer
370
-1
48
1.0
60
0
100
AcDbCircle
39
0.0
10
624.802695940017
20
413.455650809223
30
0.0
40
263.455647421682
210
0.0
220
0.0
230
1.0
100
AcDbArc
50
270.208341241351
51
270.417511484483
0
ARC
5
3B5
330
70
100
AcDbEntity
67
0
8
0
62
256
6
ByLayer
370
-1
48
1.0
60
0
100
AcDbCircle
39
0.0
10
624.800021770787
20
414.139986338437
30
0.0
40
264.139988150642
210
0.0
220
0.0
230
1.0
100
AcDbArc
50
269.999855677186
51
270.208381532858
0
ARC
5
3B6
330
70
100
AcDbEntity
67
0
8
0
62
256
6
ByLayer
370
-1
48
1.0
60
0
100
AcDbCircle
39
0.0
10
624.798772223067
20
414.831386576744
30
0.0
40
264.831388388766
210
0.0
220
0.0
230
1.0
100
AcDbArc
50
269.791982648628
51
270.000112196468
0
ARC
5
3B7
330
70
100
AcDbEntity
67
0
8
0
62
256
6
ByLayer
370
-1
48
1.0
60
0
100
AcDbCircle
39
0.0
10
624.798443001056
20
414.69624791569
30
0.0
40
264.696249423136
210
0.0
220
0.0
230
1.0
100
AcDbArc
50
269.583552763399
51
269.791947709647
0
ARC
5
3B8
330
70
100
AcDbEntity
67
0
8
0
62
256
6
ByLayer
370
-1
48
1.0
60
0
100
AcDbCircle
39
0.0
10
624.797757872103
20
414.583484571251
30
0.0
40
264.583484077591
210
0.0
220
0.0
230
1.0
100
AcDbArc
50
269.374875778663
51
269.583523639854
0
ARC
5
3B9
330
70
100
AcDbEntity
67
0
8
0
62
256
6
ByLayer
370
-1
48
1.0
60
0
100
AcDbCircle
39
0.0
10
624.796878790902
20
414.493059212305
30
0.0
40
264.493054509657
210
0.0
220
0.0
230
1.0
100
AcDbArc
50
269.165964225097
51
269.374852483851
0
ARC
5
3BA
330
70
100
AcDbEntity
67
0
8
0
62
256
6
ByLayer
370
-1
48
1.0
60
0
100
AcDbCircle
39
0.0
10
624.795967655918
20
414.424937424677
30
0.0
40
264.424926676681
210
0.0
220
0.0
230
1.0
100
AcDbArc
50
268.956830662645
51
269.16594677083
0
ARC
5
3BB
330
70
100
AcDbEntity
67
0
8
0
62
256
6
ByLayer
370
-1
48
1.0
60
0
100
AcDbCircle
39
0.0
10
624.795186337748
20
414.379087537358
30
0.0
40
264.37907016397
210
0.0
220
0.0
230
1.0
100
AcDbArc
50
268.747487677062
51
268.956819059079
0
ARC
5
3BC
330
70
100
AcDbEntity
67
0
8
0
62
256
6
ByLayer
370
-1
48
1.0
60
0
100
AcDbCircle
39
0.0
10
624.794696705692
20
414.355480551106
30
0.0
40
264.355458115415
210
0.0
220
0.0
230
1.0
100
AcDbArc
50
268.537947876629
51
268.747481932755
0
ARC
5
3BD
330
70
100
AcDbEntity
67
0
8
0
62
256
6
ByLayer
370
-1
48
1.0
60
0
100
AcDbCircle
39
0.0
10
624.794660653405
20
414.354090046342
30
0.0
40
264.354067143471
210
0.0
220
0.0
230
1.0
100
AcDbArc
50
268.328223888652
51
268.537947998442
0
ARC
5
3BE
330
70
100
AcDbEntity
67
0
8
0
62
256
6
ByLayer
370
-1
48
1.0
60
0
100
AcDbCircle
39
0.0
10
624.795240124956
20
414.374892193462
30
0.0
40
264.37487734163
210
0.0
220
0.0
230
1.0
100
AcDbArc
50
268.118328356196
51
268.32822988187
0
ARC
5
3BF
330
70
100
AcDbEntity
67
0
8
0
62
256
6
ByLayer
370
-1
48
1.0
60
0
100
AcDbCircle
39
0.0
10
624.796597141331
20
414.417865748713
30
0.0
40
264.417872282551
210
0.0
220
0.0
230
1.0
100
AcDbArc
50
267.908273934708
51
268.118340224532
0
ARC
5
3C0
330
70
100
AcDbEntity
67
0
8
0
62
256
6
ByLayer
370
-1
48
1.0
60
0
100
AcDbCircle
39
0.0
10
624.798893831137
20
414.482992141026
30
0.0
40
264.483039107327
210
0.0
220
0.0
230
1.0
100
AcDbArc
50
267.698073288549
51
267.908291680131
0
ARC
5
3C1
330
70
100
AcDbEntity
67
0
8
0
62
256
6
ByLayer
370
-1
48
1.0
60
0
100
AcDbCircle
39
0.0
10
624.802292454561
20
414.570255380589
30
0.0
40
264.570368436452
210
0.0
220
0.0
230
1.0
100
AcDbArc
50
267.487739087754
51
267.698096911394
0
ARC
5
3C2
330
70
100
AcDbEntity
67
0
8
0
62
256
6
ByLayer
370
-1
48
1.0
60
0
100
AcDbCircle
39
0.0
10
624.806955404704
20
414.67964147396
30
0.0
40
264.67985378691
210
0.0
220
0.0
230
1.0
100
AcDbArc
50
267.277284004216
51
267.487768586712
0
ARC
5
3C3
330
70
100
AcDbEntity
67
0
8
0
62
256
6
ByLayer
370
-1
48
1.0
60
0
100
AcDbCircle
39
0.0
10
624.81304527231
20
414.811139409324
30
0.0
40
264.811492560751
210
0.0
220
0.0
230
1.0
100
AcDbArc
50
267.066720708817
51
267.277319376466
0
ARC
5
3C4
330
70
100
AcDbEntity
67
0
8
0
62
256
6
ByLayer
370
-1
48
1.0
60
0
100
AcDbCircle
39
0.0
10
624.820724855535
20
414.964740675022
30
0.0
40
264.965285566021
210
0.0
220
0.0
230
1.0
100
AcDbArc
50
266.856061867775
51
267.066761949737
0
ARC
5
3C5
330
70
100
AcDbEntity
67
0
8
0
62
256
6
ByLayer
370
-1
48
1.0
60
0
100
AcDbCircle
39
0.0
10
624.830157155859
20
415.140438722784
30
0.0
40
265.14123648189
210
0.0
220
0.0
230
1.0
100
AcDbArc
50
266.645320139036
51
266.856108971102
0
ARC
5
3C6
330
70
100
AcDbEntity
67
0
8
0
62
256
6
ByLayer
370
-1
48
1.0
60
0
100
AcDbCircle
39
0.0
10
624.740768226939
20
413.584668262338
30
0.0
40
263.582901204562
210
0.0
220
0.0
230
1.0
100
AcDbArc
50
266.432669906533
51
266.644928238531
0
ARC
5
3C7
330
70
100
AcDbEntity
67
0
8
0
62
256
6
ByLayer
370
-1
48
1.0
60
0
100
AcDbCircle
39
0.0
10
624.538330761379
20
410.245896160441
30
0.0
40
260.238002522754
210
0.0
220
0.0
230
1.0
100
AcDbArc
50
266.21623383997
51
266.431415399878
0
ARC
5
3C8
330
70
100
AcDbEntity
67
0
8
0
62
256
6
ByLayer
370
-1
48
1.0
60
0
100
AcDbCircle
39
0.0
10
624.573053536129
20
410.781073433473
30
0.0
40
260.774304617489
210
0.0
220
0.0
230
1.0
100
AcDbArc
50
266.001451301996
51
266.216381025776
0
ARC
5
3C9
330
70
100
AcDbEntity
67
0
8
0
62
256
6
ByLayer
370
-1
48
1.0
60
0
100
AcDbCircle
39
0.0
10
624.608850793559
20
411.302535979185
30
0.0
40
261.296994014595
210
0.0
220
0.0
230
1.0
100
AcDbArc
50
265.786906315057
51
266.001594289073
0
ARC
5
3CA
330
70
100
AcDbEntity
67
0
8
0
62
256
6
ByLayer
370
-1
48
1.0
60
0
100
AcDbCircle
39
0.0
10
624.645613688756
20
411.810223572338
30
0.0
40
261.806010518429
210
0.0
220
0.0
230
1.0
100
AcDbArc
50
265.572588866576
51
265.787045126307
0
ARC
5
3CB
330
70
100
AcDbEntity
67
0
8
0
62
256
6
ByLayer
370
-1
48
1.0
60
0
100
AcDbCircle
39
0.0
10
624.683233261999
20
412.304080364091
30
0.0
40
262.301297691428
210
0.0
220
0.0
230
1.0
100
AcDbArc
50
265.358488993862
51
265.572723524469
0
ARC
5
3CC
330
70
100
AcDbEntity
67
0
8
0
62
256
6
ByLayer
370
-1
48
1.0
60
0
100
AcDbCircle
39
0.0
10
624.721600436244
20
412.784054234173
30
0.0
40
262.78280220677
210
0.0
220
0.0
230
1.0
100
AcDbArc
50
265.144596783175
51
265.358619520602
0
ARC
5
3CD
330
70
100
AcDbEntity
67
0
8
0
62
256
6
ByLayer
370
-1
48
1.0
60
0
100
AcDbCircle
39
0.0
10
624.760606121719
20
413.25009755248
30
0.0
40
263.250474614835
210
0.0
220
0.0
230
1.0
100
AcDbArc
50
264.930902369481
51
265.144723200929
0
ARC
5
3CE
330
70
100
AcDbEntity
67
0
8
0
62
256
6
ByLayer
370
-1
48
1.0
60
0
100
AcDbCircle
39
0.0
10
624.800141305817
20
413.702167585537
30
0.0
40
263.704269754865
210
0.0
220
0.0
230
1.0
100
AcDbArc
50
264.717395935978
51
264.931024700048
0
ARC
5
3CF
330
70
100
AcDbEntity
67
0
8
0
62
256
6
ByLayer
370
-1
48
1.0
60
0
100
AcDbCircle
39
0.0
10
624.840097001227
20
414.140225303732
30
0.0
40
264.144145561536
210
0.0
220
0.0
230
1.0
100
AcDbArc
50
264.504067712965
51
264.717514200765
0
ARC
5
3D0
330
70
100
AcDbEntity
67
0
8
0
62
256
6
ByLayer
370
-1
48
1.0
60
0
100
AcDbCircle
39
0.0
10
624.880364331215
20
414.564235859653
30
0.0
40
264.570063548555
210
0.0
220
0.0
230
1.0
100
AcDbArc
50
264.290907977356
51
264.504181933219
0
ARC
5
3D1
330
70
100
AcDbEntity
67
0
8
0
62
256
6
ByLayer
370
-1
48
1.0
60
0
100
AcDbCircle
39
0.0
10
624.920834628798
20
414.974169107539
30
0.0
40
264.981989334808
210
0.0
220
0.0
230
1.0
100
AcDbArc
50
264.077907052444
51
264.291018174211
0
ARC
5
3D2
330
70
100
AcDbEntity
67
0
8
0
62
256
6
ByLayer
370
-1
48
1.0
60
0
100
AcDbCircle
39
0.0
10
624.961399448108
20
415.369999165734
30
0.0
40
265.379892209851
210
0.0
220
0.0
230
1.0
100
AcDbArc
50
263.865055306938
51
264.078013246589
0
ARC
5
3D3
330
70
100
AcDbEntity
67
0
8
0
62
256
6
ByLayer
370
-1
48
1.0
60
0
100
AcDbCircle
39
0.0
10
625.001950570805
20
415.751704036491
30
0.0
40
265.763744756359
210
0.0
220
0.0
230
1.0
100
AcDbArc
50
263.652343154328
51
263.86515751891
0
ARC
5
3D4
330
70
100
AcDbEntity
67
0
8
0
62
256
6
ByLayer
370
-1
48
1.0
60
0
100
AcDbCircle
39
0.0
10
625.0423801397
20
416.119266421085
30
0.0
40
266.133523674946
210
0.0
220
0.0
230
1.0
100
AcDbArc
50
263.439761052624
51
263.652441404502
0
ARC
5
3D5
330
70
100
AcDbEntity
67
0
8
0
62
256
6
ByLayer
370
-1
48
1.0
60
0
100
AcDbCircle
39
0.0
10
625.082580656888
20
416.472673214344
30
0.0
40
266.489209281847
210
0.0
220
0.0
230
1.0
100
AcDbArc
50
263.227299503474
51
263.439855360981
0
ARC
5
3D6
330
70
100
AcDbEntity
67
0
8
0
62
256
6
ByLayer
370
-1
48
1.0
60
0
100
AcDbCircle
39
0.0
10
625.122445008575
20
416.811915322728
30
0.0
40
266.83078533147
210
0.0
220
0.0
230
1.0
100
AcDbArc
50
263.014949051641
51
263.227389889856
0
ARC
5
3D7
330
70
100
AcDbEntity
67
0
8
0
62
256
6
ByLayer
370
-1
48
1.0
60
0
100
AcDbCircle
39
0.0
10
625.161866575205
20
417.136988189848
30
0.0
40
267.158239551838
210
0.0
220
0.0
230
1.0
100
AcDbArc
50
262.802700284494
51
263.015035535575
0
ARC
5
3D8
330
70
100
AcDbEntity
67
0
8
0
62
256
6
ByLayer
370
-1
48
1.0
60
0
100
AcDbCircle
39
0.0
10
625.200739222348
20
417.447891312513
30
0.0
40
267.471563163881
210
0.0
220
0.0
230
1.0
100
AcDbArc
50
262.590543831495
51
262.802782885387
0
ARC
5
3D9
330
70
100
AcDbEntity
67
0
8
0
62
256
6
ByLayer
370
-1
48
1.0
60
0
100
AcDbCircle
39
0.0
10
625.238957375422
20
417.744628456259
30
0.0
40
267.770751105563
210
0.0
220
0.0
230
1.0
100
AcDbArc
50
262.378470363479
51
262.590622568419
0
ARC
5
3DA
330
70
100
AcDbEntity
67
0
8
0
62
256
6
ByLayer
370
-1
48
1.0
60
0
100
AcDbCircle
39
0.0
10
625.27641602684
20
418.027207348637
30
0.0
40
268.05580172975
210
0.0
220
0.0
230
1.0
100
AcDbArc
50
262.166470592102
51
262.378545255357
0
ARC
5
3DB
330
70
100
AcDbEntity
67
0
8
0
62
256
6
ByLayer
370
-1
48
1.0
60
0
100
AcDbCircle
39
0.0
10
625.313010871189
20
418.295640337196
30
0.0
40
268.326717475558
210
0.0
220
0.0
230
1.0
100
AcDbArc
50
261.954535269644
51
262.166541657684
0
ARC
5
3DC
330
70
100
AcDbEntity
67
0
8
0
62
256
6
ByLayer
370
-1
48
1.0
60
0
100
AcDbCircle
39
0.0
10
625.348638238169
20
418.54994352485
30
0.0
40
268.583504004063
210
0.0
220
0.0
230
1.0
100
AcDbArc
50
261.74265518804
51
261.954602527389
0
ARC
5
3DD
330
70
100
AcDbEntity
67
0
8
0
62
256
6
ByLayer
370
-1
48
1.0
60
0
100
AcDbCircle
39
0.0
10
625.383195243489
20
418.790137523942
30
0.0
40
268.826170967656
210
0.0
220
0.0
230
1.0
100
AcDbArc
50
261.530821178725
51
261.742718656171
0
ARC
5
3DE
330
70
100
AcDbEntity
67
0
8
0
62
256
6
ByLayer
370
-1
48
1.0
60
0
100
AcDbCircle
39
0.0
10
625.416579661278
20
419.016246243739
30
0.0
40
269.054730793527
210
0.0
220
0.0
230
1.0
100
AcDbArc
50
261.319024111543
51
261.530880875291
0
ARC
5
3DF
330
70
100
AcDbEntity
67
0
8
0
62
256
6
ByLayer
370
-1
48
1.0
60
0
100
AcDbCircle
39
0.0
10
625.448690262254
20
419.228298877465
30
0.0
40
269.269200700736
210
0.0
220
0.0
230
1.0
100
AcDbArc
50
261.107254895284
51
261.319080054492
0
ARC
5
3E0
330
70
100
AcDbEntity
67
0
8
0
62
256
6
ByLayer
370
-1
48
1.0
60
0
100
AcDbCircle
39
0.0
10
625.479426519815
20
419.426327595797
30
0.0
40
269.469600377806
210
0.0
220
0.0
230
1.0
100
AcDbArc
50
260.895504476007
51
261.107307102125
0
ARC
5
3E1
330
70
100
AcDbEntity
67
0
8
0
62
256
6
ByLayer
370
-1
48
1.0
60
0
100
AcDbCircle
39
0.0
10
625.508688878685
20
419.610369044645
30
0.0
40
269.655953506301
210
0.0
220
0.0
230
1.0
100
AcDbArc
50
260.683763837355
51
260.895552964241
0
ARC
5
3E2
330
70
100
AcDbEntity
67
0
8
0
62
256
6
ByLayer
370
-1
48
1.0
60
0
100
AcDbCircle
39
0.0
10
625.536378694094
20
419.780463642004
30
0.0
40
269.828287059242
210
0.0
220
0.0
230
1.0
100
AcDbArc
50
260.472023999729
51
260.683808624283
0
ARC
5
3E3
330
70
100
AcDbEntity
67
0
8
0
62
256
6
ByLayer
370
-1
48
1.0
60
0
100
AcDbCircle
39
0.0
10
625.562398347898
20
419.936656013853
30
0.0
40
269.986631752608
210
0.0
220
0.0
230
1.0
100
AcDbArc
50
260.260276020075
51
260.472065102495
0
ARC
5
3E4
330
70
100
AcDbEntity
67
0
8
0
62
256
6
ByLayer
370
-1
48
1.0
60
0
100
AcDbCircle
39
0.0
10
625.586651225966
20
420.078994567667
30
0.0
40
270.131021623658
210
0.0
220
0.0
230
1.0
100
AcDbArc
50
260.048510991223
51
260.260313455557
0
ARC
5
3E5
330
70
100
AcDbEntity
67
0
8
0
62
256
6
ByLayer
370
-1
48
1.0
60
0
100
AcDbCircle
39
0.0
10
625.609041757063
20
420.20753146704
30
0.0
40
270.261494015371
210
0.0
220
0.0
230
1.0
100
AcDbArc
50
259.836720041466
51
260.048544776144
0
ARC
5
3E6
330
70
100
AcDbEntity
67
0
8
0
62
256
6
ByLayer
370
-1
48
1.0
60
0
100
AcDbCircle
39
0.0
10
625.629475510306
20
420.322322931367
30
0.0
40
270.37808989145
210
0.0
220
0.0
230
1.0
100
AcDbArc
50
259.624894334302
51
259.836750192395
0
ARC
5
3E7
330
70
100
AcDbEntity
67
0
8
0
62
256
6
ByLayer
370
-1
48
1.0
60
0
100
AcDbCircle
39
0.0
10
625.647859151006
20
420.423428727968
30
0.0
40
270.480853331778
210
0.0
220
0.0
230
1.0
100
AcDbArc
50
259.413025067791
51
259.624920867617
0
ARC
5
3E8
330
70
100
AcDbEntity
67
0
8
0
62
256
6
ByLayer
370
-1
48
1.0
60
0
100
AcDbCircle
39
0.0
10
625.664100528565
20
420.510912424643
30
0.0
40
270.569831799992
210
0.0
220
0.0
230
1.0
100
AcDbArc
50
259.201103474282
51
259.413047999784
0
ARC
5
3E9
330
70
100
AcDbEntity
67
0
8
0
62
256
6
ByLayer
370
-1
48
1.0
60
0
100
AcDbCircle
39
0.0
10
625.678108746954
20
420.584841518087
30
0.0
40
270.645076286105
210
0.0
220
0.0
230
1.0
100
AcDbArc
50
258.989120820069
51
259.201122821033
0
ARC
5
3EA
330
70
100
AcDbEntity
67
0
8
0
62
256
6
ByLayer
370
-1
48
1.0
60
0
100
AcDbCircle
39
0.0
10
625.689794108065
20
420.645286899432
30
0.0
40
270.706640774528
210
0.0
220
0.0
230
1.0
100
AcDbArc
50
258.777068404867
51
258.989136597523
0
ARC
5
3EB
330
70
100
AcDbEntity
67
0
8
0
62
256
6
ByLayer
370
-1
48
1.0
60
0
100
AcDbCircle
39
0.0
10
625.699068259732
20
420.692323397773
30
0.0
40
270.754582809624
210
0.0
220
0.0
230
1.0
100
AcDbArc
50
258.564937561631
51
258.777080628772
0
ARC
5
3EC
330
70
100
AcDbEntity
67
0
8
0
62
256
6
ByLayer
370
-1
48
1.0
60
0
100
AcDbCircle
39
0.0
10
625.705844055334
20
420.72602884827
30
0.0
40
270.78896255823
210
0.0
220
0.0
230
1.0
100
AcDbArc
50
258.352719655842
51
258.564946247639
0
ARC
5
3ED
330
70
100
AcDbEntity
67
0
8
0
62
256
6
ByLayer
370
-1
48
1.0
60
0
100
AcDbCircle
39
0.0
10
625.710035824159
20
420.746485236641
30
0.0
40
270.809843989106
210
0.0
220
0.0
230
1.0
100
AcDbArc
50
258.140406085695
51
258.352724819546
0
ARC
5
3EE
330
70
100
AcDbEntity
67
0
8
0
62
256
6
ByLayer
370
-1
48
1.0
60
0
100
AcDbCircle
39
0.0
10
625.711559187156
20
420.753777568282
30
0.0
40
270.817293732341
210
0.0
220
0.0
230
1.0
100
AcDbArc
50
257.927988281285
51
258.140407742518
0
ARC
5
3EF
330
70
100
AcDbEntity
67
0
8
0
62
256
6
ByLayer
370
-1
48
1.0
60
0
100
AcDbCircle
39
0.0
10
625.710331276855
20
420.747994730197
30
0.0
40
270.811381972466
210
0.0
220
0.0
230
1.0
100
AcDbArc
50
257.715457704658
51
257.927986446485
0
ARC
5
3F0
330
70
100
AcDbEntity
67
0
8
0
62
256
6
ByLayer
370
-1
48
1.0
60
0
100
AcDbCircle
39
0.0
10
625.706270568791
20
420.729228491947
30
0.0
40
270.792181440758
210
0.0
220
0.0
230
1.0
100
AcDbArc
50
257.502805849189
51
257.715452393416
0
ARC
5
3F1
330
70
100
AcDbEntity
67
0
8
0
62
256
6
ByLayer
370
-1
48
1.0
60
0
100
AcDbCircle
39
0.0
10
625.699297075715
20
420.697574226313
30
0.0
40
270.759768165397
210
0.0
220
0.0
230
1.0
100
AcDbArc
50
257.290024239482
51
257.502797076582
0
ARC
5
3F2
330
70
100
AcDbEntity
67
0
8
0
62
256
6
ByLayer
370
-1
48
1.0
60
0
100
AcDbCircle
39
0.0
10
625.689332357333
20
420.65313074854
30
0.0
40
270.714221321429
210
0.0
220
0.0
230
1.0
100
AcDbArc
50
257.077104431217
51
257.290012020471
0
ARC
5
3F3
330
70
100
AcDbEntity
67
0
8
0
62
256
6
ByLayer
370
-1
48
1.0
60
0
100
AcDbCircle
39
0.0
10
625.676299397559
20
420.595999589439
30
0.0
40
270.655622499652
210
0.0
220
0.0
230
1.0
100
AcDbArc
50
256.86403801046
51
257.077088780631
0
ARC
5
3F4
330
70
100
AcDbEntity
67
0
8
0
62
256
6
ByLayer
370
-1
48
1.0
60
0
100
AcDbCircle
39
0.0
10
625.660122858051
20
420.526285943036
30
0.0
40
270.584056692071
210
0.0
220
0.0
230
1.0
100
AcDbArc
50
256.650816593944
51
256.864018943129
0
ARC
5
3F5
330
70
100
AcDbEntity
67
0
8
0
62
256
6
ByLayer
370
-1
48
1.0
60
0
100
AcDbCircle
39
0.0
10
625.640728853512
20
420.444097514186
30
0.0
40
270.499611123849
210
0.0
220
0.0
230
1.0
100
AcDbArc
50
256.437431828266
51
256.650794124618
0
ARC
5
3F6
330
70
100
AcDbEntity
67
0
8
0
62
256
6
ByLayer
370
-1
48
1.0
60
0
100
AcDbCircle
39
0.0
10
625.618045343992
20
420.34954601764
30
0.0
40
270.402376807854
210
0.0
220
0.0
230
1.0
100
AcDbArc
50
256.223875390458
51
256.437405971633
0
ARC
5
3F7
330
70
100
AcDbEntity
67
0
8
0
62
256
6
ByLayer
370
-1
48
1.0
60
0
100
AcDbCircle
39
0.0
10
625.592001745625
20
420.242745363467
30
0.0
40
270.292446694935
210
0.0
220
0.0
230
1.0
100
AcDbArc
50
256.010138986968
51
256.223846160984
0
ARC
5
3F8
330
70
100
AcDbEntity
67
0
8
0
62
256
6
ByLayer
370
-1
48
1.0
60
0
100
AcDbCircle
39
0.0
10
625.562529139153
20
420.123812392478
30
0.0
40
270.169916443578
210
0.0
220
0.0
230
1.0
100
AcDbArc
50
255.796214353763
51
256.010106399197
0
ARC
5
3F9
330
70
100
AcDbEntity
67
0
8
0
62
256
6
ByLayer
370
-1
48
1.0
60
0
100
AcDbCircle
39
0.0
10
625.52956046306
20
419.992867483615
30
0.0
40
270.034885061788
210
0.0
220
0.0
230
1.0
100
AcDbArc
50
255.582093256579
51
255.796178422206
0
ARC
5
3FA
330
70
100
AcDbEntity
67
0
8
0
62
256
6
ByLayer
370
-1
48
1.0
60
0
100
AcDbCircle
39
0.0
10
625.493030178242
20
419.850033056292
30
0.0
40
269.887453378905
210
0.0
220
0.0
230
1.0
100
AcDbArc
50
255.36776748999
51
255.582053995588
0
ARC
5
3FB
330
70
100
AcDbEntity
67
0
8
0
62
256
6
ByLayer
370
-1
48
1.0
60
0
100
AcDbCircle
39
0.0
10
625.452874677427
20
419.695435043969
30
0.0
40
269.727725580877
210
0.0
220
0.0
230
1.0
100
AcDbArc
50
255.153228878109
51
255.367724913977
0
ARC
5
3FC
330
70
100
AcDbEntity
67
0
8
0
62
256
6
ByLayer
370
-1
48
1.0
60
0
100
AcDbCircle
39
0.0
10
625.40903193484
20
419.529201380259
30
0.0
40
269.555807663212
210
0.0
220
0.0
230
1.0
100
AcDbArc
50
254.938469273645
51
255.153183001311
0
ARC
5
3FD
330
70
100
AcDbEntity
67
0
8
0
62
256
6
ByLayer
370
-1
48
1.0
60
0
100
AcDbCircle
39
0.0
10
625.361441770136
20
419.351462888788
30
0.0
40
269.371808365208
210
0.0
220
0.0
230
1.0
100
AcDbArc
50
254.723480558346
51
254.938420110476
0
ARC
5
3FE
330
70
100
AcDbEntity
67
0
8
0
62
256
6
ByLayer
370
-1
48
1.0
60
0
100
AcDbCircle
39
0.0
10
625.310045843221
20
419.162353110497
30
0.0
40
269.175839008367
210
0.0
220
0.0
230
1.0
100
AcDbArc
50
254.508254642818
51
254.723428123188
0
ARC
5
3FF
330
70
100
AcDbEntity
67
0
8
0
62
256
6
ByLayer
370
-1
48
1.0
60
0
100
AcDbCircle
39
0.0
10
625.254787678555
20
418.962008250208
30
0.0
40
268.968013457962
210
0.0
220
0.0
230
1.0
100
AcDbArc
50
254.292783466505
51
254.508198949961
0
ARC
5
400
330
70
100
AcDbEntity
67
0
8
0
62
256
6
ByLayer
370
-1
48
1.0
60
0
100
AcDbCircle
39
0.0
10
625.195612511933
20
418.750566494452
30
0.0
40
268.748447431586
210
0.0
220
0.0
230
1.0
100
AcDbArc
50
254.077058997224
51
254.292724530127
0
ARC
5
401
330
70
100
AcDbEntity
67
0
8
0
62
256
6
ByLayer
370
-1
48
1.0
60
0
100
AcDbCircle
39
0.0
10
625.132467480585
20
418.528168585182
30
0.0
40
268.517259109908
210
0.0
220
0.0
230
1.0
100
AcDbArc
50
253.861073231594
51
254.07699683173
0
ARC
5
402
330
70
100
AcDbEntity
67
0
8
0
62
256
6
ByLayer
370
-1
48
1.0
60
0
100
AcDbCircle
39
0.0
10
625.065301641763
20
418.294957748559
30
0.0
40
268.274569080398
210
0.0
220
0.0
230
1.0
100
AcDbArc
50
253.644818194889
51
253.861007851356
0
ARC
5
403
330
70
100
AcDbEntity
67
0
8
0
62
256
6
ByLayer
370
-1
48
1.0
60
0
100
AcDbCircle
39
0.0
10
624.964670618085
20
417.952110104382
30
0.0
40
267.917258137684
210
0.0
220
0.0
230
1.0
100
AcDbArc
50
253.428274807556
51
253.644821646852
0
ARC
5
404
330
70
100
AcDbEntity
67
0
8
0
62
256
6
ByLayer
370
-1
48
1.0
60
0
100
AcDbCircle
39
0.0
10
625.226871580539
20
418.836544687576
30
0.0
40
268.839740109296
210
0.0
220
0.0
230
1.0
100
AcDbArc
50
253.212608901814
51
253.428476066888
0
ARC
5
405
330
70
100
AcDbEntity
67
0
8
0
62
256
6
ByLayer
370
-1
48
1.0
60
0
100
AcDbCircle
39
0.0
10
625.391663074728
20
419.385281967594
30
0.0
40
269.412687161078
210
0.0
220
0.0
230
1.0
100
AcDbArc
50
252.997293053287
51
253.212761667424
0
ARC
5
406
330
70
100
AcDbEntity
67
0
8
0
62
256
6
ByLayer
370
-1
48
1.0
60
0
100
AcDbCircle
39
0.0
10
625.555674125536
20
419.924057413676
30
0.0
40
269.975872841332
210
0.0
220
0.0
230
1.0
100
AcDbArc
50
252.782364613595
51
252.997442620414
0
ARC
5
407
330
70
100
AcDbEntity
67
0
8
0
62
256
6
ByLayer
370
-1
48
1.0
60
0
100
AcDbCircle
39
0.0
10
625.71878898989
20
420.452757558774
30
0.0
40
270.529162842844
210
0.0
220
0.0
230
1.0
100
AcDbArc
50
252.567815636367
51
252.782510980322
0
ARC
5
408
330
70
100
AcDbEntity
67
0
8
0
62
256
6
ByLayer
370
-1
48
1.0
60
0
100
AcDbCircle
39
0.0
10
625.880891328771
20
420.971271275654
30
0.0
40
271.07242446031
210
0.0
220
0.0
230
1.0
100
AcDbArc
50
252.353638174462
51
252.567958800827
0
ARC
5
409
330
70
100
AcDbEntity
67
0
8
0
62
256
6
ByLayer
370
-1
48
1.0
60
0
100
AcDbCircle
39
0.0
10
626.041864278857
20
421.479489916994
30
0.0
40
271.605526738243
210
0.0
220
0.0
230
1.0
100
AcDbArc
50
252.13982428011
51
252.353778134897
0
ARC
5
40A
330
70
100
AcDbEntity
67
0
8
0
62
256
6
ByLayer
370
-1
48
1.0
60
0
100
AcDbCircle
39
0.0
10
626.201590497977
20
421.977307365582
30
0.0
40
272.128340525479
210
0.0
220
0.0
230
1.0
100
AcDbArc
50
251.926366005012
51
252.139961034899
0
ARC
5
40B
330
70
100
AcDbEntity
67
0
8
0
62
256
6
ByLayer
370
-1
48
1.0
60
0
100
AcDbCircle
39
0.0
10
626.359952334686
20
422.464620461762
30
0.0
40
272.640738927072
210
0.0
220
0.0
230
1.0
100
AcDbArc
50
251.713255400708
51
251.926499552658
0
ARC
5
40C
330
70
100
AcDbEntity
67
0
8
0
62
256
6
ByLayer
370
-1
48
1.0
60
0
100
AcDbCircle
39
0.0
10
626.516831681329
20
422.941328444481
30
0.0
40
273.142596720492
210
0.0
220
0.0
230
1.0
100
AcDbArc
50
251.500484518249
51
251.713385739643
0
ARC
5
40D
330
70
100
AcDbEntity
67
0
8
0
62
256
6
ByLayer
370
-1
48
1.0
60
0
100
AcDbCircle
39
0.0
10
626.672110129393
20
423.407333337168
30
0.0
40
273.633790764104
210
0.0
220
0.0
230
1.0
100
AcDbArc
50
251.288045408573
51
251.500611647068
0
ARC
5
40E
330
70
100
AcDbEntity
67
0
8
0
62
256
6
ByLayer
370
-1
48
1.0
60
0
100
AcDbCircle
39
0.0
10
626.82566899327
20
423.862539916757
30
0.0
40
274.11419996877
210
0.0
220
0.0
230
1.0
100
AcDbArc
50
251.075930122434
51
251.288169325892
0
ARC
5
40F
330
70
100
AcDbEntity
67
0
8
0
62
256
6
ByLayer
370
-1
48
1.0
60
0
100
AcDbCircle
39
0.0
10
626.9773893424
20
424.306855711757
30
0.0
40
274.583705299921
210
0.0
220
0.0
230
1.0
100
AcDbArc
50
250.864130710433
51
251.076050826895
0
ARC
5
410
330
70
100
AcDbEntity
67
0
8
0
62
256
6
ByLayer
370
-1
48
1.0
60
0
100
AcDbCircle
39
0.0
10
627.127152057516
20
424.740191070862
30
0.0
40
275.042189854431
210
0.0
220
0.0
230
1.0
100
AcDbArc
50
250.652639223091
51
250.864248200741
0
ARC
5
411
330
70
100
AcDbEntity
67
0
8
0
62
256
6
ByLayer
370
-1
48
1.0
60
0
100
AcDbCircle
39
0.0
10
627.274837813892
20
425.162459020571
30
0.0
40
275.489538714467
210
0.0
220
0.0
230
1.0
100
AcDbArc
50
250.441447710797
51
250.652753498079
0
ARC
5
412
330
70
100
AcDbEntity
67
0
8
0
62
256
6
ByLayer
370
-1
48
1.0
60
0
100
AcDbCircle
39
0.0
10
627.420327341943
20
425.573575909042
30
0.0
40
275.92563963531
210
0.0
220
0.0
230
1.0
100
AcDbArc
50
250.230548224011
51
250.441558769264
0
ARC
5
413
330
70
100
AcDbEntity
67
0
8
0
62
256
6
ByLayer
370
-1
48
1.0
60
0
100
AcDbCircle
39
0.0
10
627.563501071487
20
425.973460302071
30
0.0
40
276.350381880076
210
0.0
220
0.0
230
1.0
100
AcDbArc
50
250.019932812787
51
250.23065606482
0
ARC
5
414
330
70
100
AcDbEntity
67
0
8
0
62
256
6
ByLayer
370
-1
48
1.0
60
0
100
AcDbCircle
39
0.0
10
627.704239774414
20
426.362034686943
30
0.0
40
276.7636580348
210
0.0
220
0.0
230
1.0
100
AcDbArc
50
249.809593527531
51
250.020037434846
0
ARC
5
415
330
70
100
AcDbEntity
67
0
8
0
62
256
6
ByLayer
370
-1
48
1.0
60
0
100
AcDbCircle
39
0.0
10
627.842423965235
20
426.739223699724
30
0.0
40
277.165362131975
210
0.0
220
0.0
230
1.0
100
AcDbArc
50
249.599522418065
51
249.809694929563
0
ARC
5
416
330
70
100
AcDbEntity
67
0
8
0
62
256
6
ByLayer
370
-1
48
1.0
60
0
100
AcDbCircle
39
0.0
10
627.977934329385
20
427.104955223497
30
0.0
40
277.555390823719
210
0.0
220
0.0
230
1.0
100
AcDbArc
50
249.389711534134
51
249.599620598961
0
ARC
5
417
330
70
100
AcDbEntity
67
0
8
0
62
256
6
ByLayer
370
-1
48
1.0
60
0
100
AcDbCircle
39
0.0
10
628.110651637323
20
427.459160052822
30
0.0
40
277.933643031975
210
0.0
220
0.0
230
1.0
100
AcDbArc
50
249.180152925161
51
249.38980649286
0
ARC
5
418
330
70
100
AcDbEntity
67
0
8
0
62
256
6
ByLayer
370
-1
48
1.0
60
0
100
AcDbCircle
39
0.0
10
628.240457052823
20
427.801772612497
30
0.0
40
278.300020724608
210
0.0
220
0.0
230
1.0
100
AcDbArc
50
248.970838640473
51
249.180244660595
0
ARC
5
419
330
70
100
AcDbEntity
67
0
8
0
62
256
6
ByLayer
370
-1
48
1.0
60
0
100
AcDbCircle
39
0.0
10
628.367231652291
20
428.132729587525
30
0.0
40
278.654427458916
210
0.0
220
0.0
230
1.0
100
AcDbArc
50
248.761760728572
51
248.970927151414
0
ARC
5
41A
330
70
100
AcDbEntity
67
0
8
0
62
256
6
ByLayer
370
-1
48
1.0
60
0
100
AcDbCircle
39
0.0
10
628.490857041201
20
428.451971452393
30
0.0
40
278.996770025381
210
0.0
220
0.0
230
1.0
100
AcDbArc
50
248.552911237771
51
248.761846013923
0
ARC
5
41B
330
70
100
AcDbEntity
67
0
8
0
62
256
6
ByLayer
370
-1
48
1.0
60
0
100
AcDbCircle
39
0.0
10
628.611214944833
20
428.759441303388
30
0.0
40
279.326957206214
210
0.0
220
0.0
230
1.0
100
AcDbArc
50
248.344282215523
51
248.55299329638
0
ARC
5
41C
330
70
100
AcDbEntity
67
0
8
0
62
256
6
ByLayer
370
-1
48
1.0
60
0
100
AcDbCircle
39
0.0
10
628.728187598222
20
429.055085768365
30
0.0
40
279.644900760084
210
0.0
220
0.0
230
1.0
100
AcDbArc
50
248.13586570866
51
248.344361046231
0
ARC
5
41D
330
70
100
AcDbEntity
67
0
8
0
62
256
6
ByLayer
370
-1
48
1.0
60
0
100
AcDbCircle
39
0.0
10
628.841657586146
20
429.338854497885
30
0.0
40
279.950514885592
210
0.0
220
0.0
230
1.0
100
AcDbArc
50
247.927653763152
51
248.135941310304
0
ARC
5
41E
330
70
100
AcDbEntity
67
0
8
0
62
256
6
ByLayer
370
-1
48
1.0
60
0
100
AcDbCircle
39
0.0
10
628.951507992514
20
429.61070044418
30
0.0
40
280.243716531434
210
0.0
220
0.0
230
1.0
100
AcDbArc
50
247.719638423944
51
247.92772613445
0
ARC
5
41F
330
70
100
AcDbEntity
67
0
8
0
62
256
6
ByLayer
370
-1
48
1.0
60
0
100
AcDbCircle
39
0.0
10
629.057622309331
20
429.870579542421
30
0.0
40
280.524425062583
210
0.0
220
0.0
230
1.0
100
AcDbArc
50
247.511811734768
51
247.719707563636
0
ARC
5
420
330
70
100
AcDbEntity
67
0
8
0
62
256
6
ByLayer
370
-1
48
1.0
60
0
100
AcDbCircle
39
0.0
10
629.15988471372
20
430.118451294854
30
0.0
40
280.792562901727
210
0.0
220
0.0
230
1.0
100
AcDbArc
50
247.304165738212
51
247.511877641567
0
ARC
5
421
330
70
100
AcDbEntity
67
0
8
0
62
256
6
ByLayer
370
-1
48
1.0
60
0
100
AcDbCircle
39
0.0
10
629.258179868056
20
430.354278184859
30
0.0
40
281.048054907459
210
0.0
220
0.0
230
1.0
100
AcDbArc
50
247.096692475281
51
247.304228410739
0
ARC
5
422
330
70
100
AcDbEntity
67
0
8
0
62
256
6
ByLayer
370
-1
48
1.0
60
0
100
AcDbCircle
39
0.0
10
629.35239309053
20
430.578025999798
30
0.0
40
281.290828734103
210
0.0
220
0.0
230
1.0
100
AcDbArc
50
246.889383985398
51
247.096751912207
0
ARC
5
423
330
70
100
AcDbEntity
67
0
8
0
62
256
6
ByLayer
370
-1
48
1.0
60
0
100
AcDbCircle
39
0.0
10
629.44241050909
20
430.789664094669
30
0.0
40
281.52081513078
210
0.0
220
0.0
230
1.0
100
AcDbArc
50
246.682232306284
51
246.889440185264
0
ARC
5
424
330
70
100
AcDbEntity
67
0
8
0
62
256
6
ByLayer
370
-1
48
1.0
60
0
100
AcDbCircle
39
0.0
10
629.528118850477
20
430.989164799013
30
0.0
40
281.737947309529
210
0.0
220
0.0
230
1.0
100
AcDbArc
50
246.475229473573
51
246.682285267561
0
ARC
5
425
330
70
100
AcDbEntity
67
0
8
0
62
256
6
ByLayer
370
-1
48
1.0
60
0
100
AcDbCircle
39
0.0
10
629.609405711833
20
431.176503961082
30
0.0
40
281.942161549127
210
0.0
220
0.0
230
1.0
100
AcDbArc
50
246.268367520846
51
246.475279194712
0
ARC
5
426
330
70
100
AcDbEntity
67
0
8
0
62
256
6
ByLayer
370
-1
48
1.0
60
0
100
AcDbCircle
39
0.0
10
629.686159407361
20
431.351660497383
30
0.0
40
282.133396717543
210
0.0
220
0.0
230
1.0
100
AcDbArc
50
246.061638479161
51
246.268414000208
0
ARC
5
427
330
70
100
AcDbEntity
67
0
8
0
62
256
6
ByLayer
370
-1
48
1.0
60
0
100
AcDbCircle
39
0.0
10
629.758269212833
20
431.514616862461
30
0.0
40
282.311594797245
210
0.0
220
0.0
230
1.0
100
AcDbArc
50
245.855034377163
51
246.061681715163
0
ARC
5
428
330
70
100
AcDbEntity
67
0
8
0
62
256
6
ByLayer
370
-1
48
1.0
60
0
100
AcDbCircle
39
0.0
10
629.825625404944
20
431.665359033506
30
0.0
40
282.476700884042
210
0.0
220
0.0
230
1.0
100
AcDbArc
50
245.648547240774
51
245.855074368027
0
ARC
5
429
330
70
100
AcDbEntity
67
0
8
0
62
256
6
ByLayer
370
-1
48
1.0
60
0
100
AcDbCircle
39
0.0
10
629.88811902574
20
431.803875892677
30
0.0
40
282.628662524204
210
0.0
220
0.0
230
1.0
100
AcDbArc
50
245.442169092776
51
245.648583984677
0
ARC
5
42A
330
70
100
AcDbEntity
67
0
8
0
62
256
6
ByLayer
370
-1
48
1.0
60
0
100
AcDbCircle
39
0.0
10
629.945642292629
20
431.930160049522
30
0.0
40
282.767430630018
210
0.0
220
0.0
230
1.0
100
AcDbArc
50
245.235891952892
51
245.442202587856
0
ARC
5
42B
330
70
100
AcDbEntity
67
0
8
0
62
256
6
ByLayer
370
-1
48
1.0
60
0
100
AcDbCircle
39
0.0
10
629.998088408542
20
432.04420732262
30
0.0
40
282.892958926773
210
0.0
220
0.0
230
1.0
100
AcDbArc
50
245.029707837332
51
245.235922197134
0
ARC
5
42C
330
70
100
AcDbEntity
67
0
8
0
62
256
6
ByLayer
370
-1
48
1.0
60
0
100
AcDbCircle
39
0.0
10
630.045351653236
20
432.146016852138
30
0.0
40
283.005204090733
210
0.0
220
0.0
230
1.0
100
AcDbArc
50
244.823608758705
51
245.029734828743
0
ARC
5
42D
330
70
100
AcDbEntity
67
0
8
0
62
256
6
ByLayer
370
-1
48
1.0
60
0
100
AcDbCircle
39
0.0
10
630.087327454405
20
432.235591160193
30
0.0
40
283.1041258315
210
0.0
220
0.0
230
1.0
100
AcDbArc
50
244.617586725653
51
244.823632495171
0
ARC
5
42E
330
70
100
AcDbEntity
67
0
8
0
62
256
6
ByLayer
370
-1
48
1.0
60
0
100
AcDbCircle
39
0.0
10
630.123912546043
20
432.312936394008
30
0.0
40
283.189687177221
210
0.0
220
0.0
230
1.0
100
AcDbArc
50
244.411633742866
51
244.617607204983
0
ARC
5
42F
330
70
100
AcDbEntity
67
0
8
0
62
256
6
ByLayer
370
-1
48
1.0
60
0
100
AcDbCircle
39
0.0
10
630.155004680897
20
432.378061625345
30
0.0
40
283.261853716287
210
0.0
220
0.0
230
1.0
100
AcDbArc
50
244.205741810454
51
244.411650962762
0
ARC
5
430
330
70
100
AcDbEntity
67
0
8
0
62
256
6
ByLayer
370
-1
48
1.0
60
0
100
AcDbCircle
39
0.0
10
630.180503079489
20
432.430979706215
30
0.0
40
283.320594561112
210
0.0
220
0.0
230
1.0
100
AcDbArc
50
243.999902924057
51
244.205755768534
0
ARC
5
431
330
70
100
AcDbEntity
67
0
8
0
62
256
6
ByLayer
370
-1
48
1.0
60
0
100
AcDbCircle
39
0.0
10
630.200308094586
20
432.471706476534
30
0.0
40
283.365881486895
210
0.0
220
0.0
230
1.0
100
AcDbArc
50
243.794109074316
51
243.999913617878
0
ARC
5
432
330
70
100
AcDbEntity
67
0
8
0
62
256
6
ByLayer
370
-1
48
1.0
60
0
100
AcDbCircle
39
0.0
10
630.214321601097
20
432.500261480815
30
0.0
40
283.39768974502
210
0.0
220
0.0
230
1.0
100
AcDbArc
50
243.588352246904
51
243.79411650138
0
ARC
5
433
330
70
100
AcDbEntity
67
0
8
0
62
256
6
ByLayer
370
-1
48
1.0
60
0
100
AcDbCircle
39
0.0
10
630.222446750445
20
432.516667370973
30
0.0
40
283.415997417205
210
0.0
220
0.0
230
1.0
100
AcDbArc
50
243.382624421948
51
243.588356404532
0
ARC
5
434
330
70
100
AcDbEntity
67
0
8
0
62
256
6
ByLayer
370
-1
48
1.0
60
0
100
AcDbCircle
39
0.0
10
630.224588168342
20
432.520950223375
30
0.0
40
283.420785786042
210
0.0
220
0.0
230
1.0
100
AcDbArc
50
243.176917574013
51
243.382625307466
0
ARC
5
435
330
70
100
AcDbEntity
67
0
8
0
62
256
6
ByLayer
370
-1
48
1.0
60
0
100
AcDbCircle
39
0.0
10
630.220652028736
20
432.513139592844
30
0.0
40
283.412039415104
210
0.0
220
0.0
230
1.0
100
AcDbArc
50
242.971223671824
51
243.176915184615
0
ARC
5
436
330
70
100
AcDbEntity
67
0
8
0
62
256
6
ByLayer
370
-1
48
1.0
60
0
100
AcDbCircle
39
0.0
10
630.210545895019
20
432.493268108722
30
0.0
40
283.389745715678
210
0.0
220
0.0
230
1.0
100
AcDbArc
50
242.765534677778
51
242.971218004561
0
ARC
5
437
330
70
100
AcDbEntity
67
0
8
0
62
256
6
ByLayer
370
-1
48
1.0
60
0
100
AcDbCircle
39
0.0
10
630.194178936227
20
432.461371818073
30
0.0
40
283.353895349727
210
0.0
220
0.0
230
1.0
100
AcDbArc
50
242.55984254789
51
242.765525729688
0
ARC
5
438
330
70
100
AcDbEntity
67
0
8
0
62
256
6
ByLayer
370
-1
48
1.0
60
0
100
AcDbCircle
39
0.0
10
630.171461988793
20
432.41749021313
30
0.0
40
283.304482281675
210
0.0
220
0.0
230
1.0
100
AcDbArc
50
242.354139231521
51
242.559830315881
0
ARC
5
439
330
70
100
AcDbEntity
67
0
8
0
62
256
6
ByLayer
370
-1
48
1.0
60
0
100
AcDbCircle
39
0.0
10
630.142307458248
20
432.361665952685
30
0.0
40
283.241503485096
210
0.0
220
0.0
230
1.0
100
AcDbArc
50
242.148416671023
51
242.354123712385
0
ARC
5
43A
330
70
100
AcDbEntity
67
0
8
0
62
256
6
ByLayer
370
-1
48
1.0
60
0
100
AcDbCircle
39
0.0
10
630.106629429063
20
432.293944987873
30
0.0
40
283.164959104521
210
0.0
220
0.0
230
1.0
100
AcDbArc
50
241.942666801425
51
242.148397861385
0
ARC
5
43B
330
70
100
AcDbEntity
67
0
8
0
62
256
6
ByLayer
370
-1
48
1.0
60
0
100
AcDbCircle
39
0.0
10
630.064343597842
20
432.214376353177
30
0.0
40
283.074852238966
210
0.0
220
0.0
230
1.0
100
AcDbArc
50
241.736881550224
51
241.942644697954
0
ARC
5
43C
330
70
100
AcDbEntity
67
0
8
0
62
256
6
ByLayer
370
-1
48
1.0
60
0
100
AcDbCircle
39
0.0
10
630.015367574377
20
432.123012645457
30
0.0
40
282.971189505934
210
0.0
220
0.0
230
1.0
100
AcDbArc
50
241.531052837172
51
241.736856149431
0
ARC
5
43D
330
70
100
AcDbEntity
67
0
8
0
62
256
6
ByLayer
370
-1
48
1.0
60
0
100
AcDbCircle
39
0.0
10
629.959620617505
20
432.019909442324
30
0.0
40
282.853980403849
210
0.0
220
0.0
230
1.0
100
AcDbArc
50
241.32517257387
51
241.531024135476
0
ARC
5
43E
330
70
100
AcDbEntity
67
0
8
0
62
256
6
ByLayer
370
-1
48
1.0
60
0
100
AcDbCircle
39
0.0
10
629.897023930381
20
431.905125766508
30
0.0
40
282.723237860971
210
0.0
220
0.0
230
1.0
100
AcDbArc
50
241.119232663705
51
241.325140567616
0
ARC
5
43F
330
70
100
AcDbEntity
67
0
8
0
62
256
6
ByLayer
370
-1
48
1.0
60
0
100
AcDbCircle
39
0.0
10
629.827500451128
20
431.778723612862
30
0.0
40
282.578977720035
210
0.0
220
0.0
230
1.0
100
AcDbArc
50
240.913225001212
51
241.119197348972
0
ARC
5
440
330
70
100
AcDbEntity
67
0
8
0
62
256
6
ByLayer
370
-1
48
1.0
60
0
100
AcDbCircle
39
0.0
10
629.75097489238
20
431.640767947834
30
0.0
40
282.421218757111
210
0.0
220
0.0
230
1.0
100
AcDbArc
50
240.707141472055
51
240.913186374229
0
ARC
5
441
330
70
100
AcDbEntity
67
0
8
0
62
256
6
ByLayer
370
-1
48
1.0
60
0
100
AcDbCircle
39
0.0
10
629.667374185997
20
431.49132742299
30
0.0
40
282.249983521672
210
0.0
220
0.0
230
1.0
100
AcDbArc
50
240.500973952888
51
240.70709952888
0
ARC
5
442
330
70
100
AcDbEntity
67
0
8
0
62
256
6
ByLayer
370
-1
48
1.0
60
0
100
AcDbCircle
39
0.0
10
629.576627013981
20
431.330473445379
30
0.0
40
282.065297296804
210
0.0
220
0.0
230
1.0
100
AcDbArc
50
240.294714310757
51
240.500928689375
0
ARC
5
443
330
70
100
AcDbEntity
67
0
8
0
62
256
6
ByLayer
370
-1
48
1.0
60
0
100
AcDbCircle
39
0.0
10
629.478663999433
20
431.15828044429
30
0.0
40
281.867188426058
210
0.0
220
0.0
230
1.0
100
AcDbArc
50
240.088354402917
51
240.294665722707
0
ARC
5
444
330
70
100
AcDbEntity
67
0
8
0
62
256
6
ByLayer
370
-1
48
1.0
60
0
100
AcDbCircle
39
0.0
10
629.212693625097
20
430.697674802011
30
0.0
40
281.335307738115
210
0.0
220
0.0
230
1.0
100
AcDbArc
50
239.881877311242
51
240.088528423456
0
ARC
5
445
330
70
100
AcDbEntity
67
0
8
0
62
256
6
ByLayer
370
-1
48
1.0
60
0
100
AcDbCircle
39
0.0
10
630.773673858823
20
433.395097823453
30
0.0
40
284.451834579575
210
0.0
220
0.0
230
1.0
100
AcDbArc
50
239.678209071651
51
239.882539617708
0
ARC
5
446
330
70
100
AcDbEntity
67
0
8
0
62
256
6
ByLayer
370
-1
48
1.0
60
0
100
AcDbCircle
39
0.0
10
630.985626082224
20
433.758481383655
30
0.0
40
284.872513921547
210
0.0
220
0.0
230
1.0
100
AcDbArc
50
239.474340707767
51
239.678309320135
0
ARC
5
447
330
70
100
AcDbEntity
67
0
8
0
62
256
6
ByLayer
370
-1
48
1.0
60
0
100
AcDbCircle
39
0.0
10
631.191220346301
20
434.108098315503
30
0.0
40
285.278100867514
210
0.0
220
0.0
230
1.0
100
AcDbArc
50
239.270820914877
51
239.474437037511
0
ARC
5
448
330
70
100
AcDbEntity
67
0
8
0
62
256
6
ByLayer
370
-1
48
1.0
60
0
100
AcDbCircle
39
0.0
10
631.390265435805
20
434.443841477005
30
0.0
40
285.668411264764
210
0.0
220
0.0
230
1.0
100
AcDbArc
50
239.067640219021
51
239.270913315258
0
ARC
5
449
330
70
100
AcDbEntity
67
0
8
0
62
256
6
ByLayer
370
-1
48
1.0
60
0
100
AcDbCircle
39
0.0
10
631.58257021569
20
434.765607059929
30
0.0
40
286.043263267481
210
0.0
220
0.0
230
1.0
100
AcDbArc
50
238.864789125937
51
239.067728679187
0
ARC
5
44A
330
70
100
AcDbEntity
67
0
8
0
62
256
6
ByLayer
370
-1
48
1.0
60
0
100
AcDbCircle
39
0.0
10
631.767944049912
20
435.073295222704
30
0.0
40
286.402478085801
210
0.0
220
0.0
230
1.0
100
AcDbArc
50
238.662258120959
51
238.864873634953
0
ARC
5
44B
330
70
100
AcDbEntity
67
0
8
0
62
256
6
ByLayer
370
-1
48
1.0
60
0
100
AcDbCircle
39
0.0
10
631.946196863667
20
435.366810110102
30
0.0
40
286.745880025856
210
0.0
220
0.0
230
1.0
100
AcDbArc
50
238.460037668559
51
238.662338667641
0
ARC
5
44C
330
70
100
AcDbEntity
67
0
8
0
62
256
6
ByLayer
370
-1
48
1.0
60
0
100
AcDbCircle
39
0.0
10
632.117138854916
20
435.64605930335
30
0.0
40
287.073295861263
210
0.0
220
0.0
230
1.0
100
AcDbArc
50
238.258118211595
51
238.460114241552
0
ARC
5
44D
330
70
100
AcDbEntity
67
0
8
0
62
256
6
ByLayer
370
-1
48
1.0
60
0
100
AcDbCircle
39
0.0
10
632.28058112145
20
435.910954771099
30
0.0
40
287.384555962961
210
0.0
220
0.0
230
1.0
100
AcDbArc
50
238.05649017118
51
238.258190799349
0
ARC
5
44E
330
70
100
AcDbEntity
67
0
8
0
62
256
6
ByLayer
370
-1
48
1.0
60
0
100
AcDbCircle
39
0.0
10
632.436335273349
20
436.161412156793
30
0.0
40
287.679493480748
210
0.0
220
0.0
230
1.0
100
AcDbArc
50
237.855143945935
51
238.056558761972
0
ARC
5
44F
330
70
100
AcDbEntity
67
0
8
0
62
256
6
ByLayer
370
-1
48
1.0
60
0
100
AcDbCircle
39
0.0
10
632.584213760886
20
436.397351231837
30
0.0
40
287.957944892956
210
0.0
220
0.0
230
1.0
100
AcDbArc
50
237.654069911488
51
237.855208527825
0
ARC
5
450
330
70
100
AcDbEntity
67
0
8
0
62
256
6
ByLayer
370
-1
48
1.0
60
0
100
AcDbCircle
39
0.0
10
632.724030111132
20
436.618696187271
30
0.0
40
288.219750371067
210
0.0
220
0.0
230
1.0
100
AcDbArc
50
237.453258420136
51
237.654130472271
0
ARC
5
451
330
70
100
AcDbEntity
67
0
8
0
62
256
6
ByLayer
370
-1
48
1.0
60
0
100
AcDbCircle
39
0.0
10
632.855598353171
20
436.825374643804
30
0.0
40
288.464752627755
210
0.0
220
0.0
230
1.0
100
AcDbArc
50
237.252699799709
51
237.453314947378
0
ARC
5
452
330
70
100
AcDbEntity
67
0
8
0
62
256
6
ByLayer
370
-1
48
1.0
60
0
100
AcDbCircle
39
0.0
10
632.978734104149
20
437.017319282406
30
0.0
40
288.692798867775
210
0.0
220
0.0
230
1.0
100
AcDbArc
50
237.052384353739
51
237.252752280798
0
ARC
5
453
330
70
100
AcDbEntity
67
0
8
0
62
256
6
ByLayer
370
-1
48
1.0
60
0
100
AcDbCircle
39
0.0
10
633.093253680437
20
437.194466363152
30
0.0
40
288.903739053609
210
0.0
220
0.0
230
1.0
100
AcDbArc
50
236.852302360051
51
237.052432775657
0
ARC
5
454
330
70
100
AcDbEntity
67
0
8
0
62
256
6
ByLayer
370
-1
48
1.0
60
0
100
AcDbCircle
39
0.0
10
633.198974862381
20
437.356756836879
30
0.0
40
289.097427246674
210
0.0
220
0.0
230
1.0
100
AcDbArc
50
236.65244407073
51
236.852346709653
0
ARC
5
455
330
70
100
AcDbEntity
67
0
8
0
62
256
6
ByLayer
370
-1
48
1.0
60
0
100
AcDbCircle
39
0.0
10
633.295716525729
20
437.504135688177
30
0.0
40
289.273720848198
210
0.0
220
0.0
230
1.0
100
AcDbArc
50
236.452799710968
51
236.652484334515
0
ARC
5
456
330
70
100
AcDbEntity
67
0
8
0
62
256
6
ByLayer
370
-1
48
1.0
60
0
100
AcDbCircle
39
0.0
10
633.383299147581
20
437.636552624897
30
0.0
40
289.432481446034
210
0.0
220
0.0
230
1.0
100
AcDbArc
50
236.253359478754
51
236.452835875184
0
ARC
5
457
330
70
100
AcDbEntity
67
0
8
0
62
256
6
ByLayer
370
-1
48
1.0
60
0
100
AcDbCircle
39
0.0
10
633.46154460694
20
437.753961683692
30
0.0
40
289.573574368505
210
0.0
220
0.0
230
1.0
100
AcDbArc
50
236.054113543931
51
236.253391529242
0
ARC
5
458
330
70
100
AcDbEntity
67
0
8
0
62
256
6
ByLayer
370
-1
48
1.0
60
0
100
AcDbCircle
39
0.0
10
633.530276140498
20
437.856321083676
30
0.0
40
289.69686853117
210
0.0
220
0.0
230
1.0
100
AcDbArc
50
235.855052047391
51
236.054141466298
0
ARC
5
459
330
70
100
AcDbEntity
67
0
8
0
62
256
6
ByLayer
370
-1
48
1.0
60
0
100
AcDbCircle
39
0.0
10
633.58931882139
20
437.94359385441
30
0.0
40
289.80223721825
210
0.0
220
0.0
230
1.0
100
AcDbArc
50
235.656165100497
51
235.855075826938
0
ARC
5
45A
330
70
100
AcDbEntity
67
0
8
0
62
256
6
ByLayer
370
-1
48
1.0
60
0
100
AcDbCircle
39
0.0
10
633.638499445289
20
438.015747573527
30
0.0
40
289.889557794844
210
0.0
220
0.0
230
1.0
100
AcDbArc
50
235.457442784277
51
235.656184722195
0
ARC
5
45B
330
70
100
AcDbEntity
67
0
8
0
62
256
6
ByLayer
370
-1
48
1.0
60
0
100
AcDbCircle
39
0.0
10
633.677646594465
20
438.072754371734
30
0.0
40
289.958711740644
210
0.0
220
0.0
230
1.0
100
AcDbArc
50
235.258875148514
51
235.457458232678
0
ARC
5
45C
330
70
100
AcDbEntity
67
0
8
0
62
256
6
ByLayer
370
-1
48
1.0
60
0
100
AcDbCircle
39
0.0
10
633.706590633953
20
438.114590841133
30
0.0
40
290.009584565869
210
0.0
220
0.0
230
1.0
100
AcDbArc
50
235.060452210879
51
235.258886407843
0
ARC
5
45D
330
70
100
AcDbEntity
67
0
8
0
62
256
6
ByLayer
370
-1
48
1.0
60
0
100
AcDbCircle
39
0.0
10
633.725164019004
20
438.141238391863
30
0.0
40
290.042066273291
210
0.0
220
0.0
230
1.0
100
AcDbArc
50
234.862163956283
51
235.06045926509
0
ARC
5
45E
330
70
100
AcDbEntity
67
0
8
0
62
256
6
ByLayer
370
-1
48
1.0
60
0
100
AcDbCircle
39
0.0
10
633.733201346863
20
438.15268322943
30
0.0
40
290.056051363225
210
0.0
220
0.0
230
1.0
100
AcDbArc
50
234.664000335844
51
234.862166788802
0
ARC
5
45F
330
70
100
AcDbEntity
67
0
8
0
62
256
6
ByLayer
370
-1
48
1.0
60
0
100
AcDbCircle
39
0.0
10
633.73053906168
20
438.148915847969
30
0.0
40
290.051438243369
210
0.0
220
0.0
230
1.0
100
AcDbArc
50
234.465951265942
51
234.663998929863
0
ARC
5
460
330
70
100
AcDbEntity
67
0
8
0
62
256
6
ByLayer
370
-1
48
1.0
60
0
100
AcDbCircle
39
0.0
10
633.717016254535
20
438.129932070553
30
0.0
40
290.028130534415
210
0.0
220
0.0
230
1.0
100
AcDbArc
50
234.268006627586
51
234.465945604205
0
ARC
5
461
330
70
100
AcDbEntity
67
0
8
0
62
256
6
ByLayer
370
-1
48
1.0
60
0
100
AcDbCircle
39
0.0
10
633.692474021128
20
438.095732048377
30
0.0
40
289.986035876695
210
0.0
220
0.0
230
1.0
100
AcDbArc
50
234.070156265115
51
234.267996692388
0
ARC
5
462
330
70
100
AcDbEntity
67
0
8
0
62
256
6
ByLayer
370
-1
48
1.0
60
0
100
AcDbCircle
39
0.0
10
633.656756013257
20
438.046320943661
30
0.0
40
289.925066801157
210
0.0
220
0.0
230
1.0
100
AcDbArc
50
233.872389985525
51
234.070142038395
0
ARC
5
463
330
70
100
AcDbEntity
67
0
8
0
62
256
6
ByLayer
370
-1
48
1.0
60
0
100
AcDbCircle
39
0.0
10
633.609708319161
20
437.981708666646
30
0.0
40
289.845140440893
210
0.0
220
0.0
230
1.0
100
AcDbArc
50
233.674697557362
51
233.87237144879
0
ARC
5
464
330
70
100
AcDbEntity
67
0
8
0
62
256
6
ByLayer
370
-1
48
1.0
60
0
100
AcDbCircle
39
0.0
10
633.551179653972
20
437.901910043456
30
0.0
40
289.746178773889
210
0.0
220
0.0
230
1.0
100
AcDbArc
50
233.477068709753
51
233.674674691636
0
ARC
5
465
330
70
100
AcDbEntity
67
0
8
0
62
256
6
ByLayer
370
-1
48
1.0
60
0
100
AcDbCircle
39
0.0
10
633.48102130512
20
437.806944647198
30
0.0
40
289.628108449641
210
0.0
220
0.0
230
1.0
100
AcDbArc
50
233.279493131339
51
233.477041495617
0
ARC
5
466
330
70
100
AcDbEntity
67
0
8
0
62
256
6
ByLayer
370
-1
48
1.0
60
0
100
AcDbCircle
39
0.0
10
633.39908725546
20
437.696836873053
30
0.0
40
289.490860917985
210
0.0
220
0.0
230
1.0
100
AcDbArc
50
233.081960469287
51
233.279461549016
0
ARC
5
467
330
70
100
AcDbEntity
67
0
8
0
62
256
6
ByLayer
370
-1
48
1.0
60
0
100
AcDbCircle
39
0.0
10
633.305234423852
20
437.571616164885
30
0.0
40
289.334372749929
210
0.0
220
0.0
230
1.0
100
AcDbArc
50
232.884460328277
51
233.081924498544
0
ARC
5
468
330
70
100
AcDbEntity
67
0
8
0
62
256
6
ByLayer
370
-1
48
1.0
60
0
100
AcDbCircle
39
0.0
10
633.199322761882
20
437.431317042724
30
0.0
40
289.158585713247
210
0.0
220
0.0
230
1.0
100
AcDbArc
50
232.686982269466
51
232.884419948308
0
ARC
5
469
330
70
100
AcDbEntity
67
0
8
0
62
256
6
ByLayer
370
-1
48
1.0
60
0
100
AcDbCircle
39
0.0
10
633.081214798209
20
437.275978405333
30
0.0
40
288.963445937084
210
0.0
220
0.0
230
1.0
100
AcDbArc
50
232.489515809026
51
232.686937458976
0
ARC
5
46A
330
70
100
AcDbEntity
67
0
8
0
62
256
6
ByLayer
370
-1
48
1.0
60
0
100
AcDbCircle
39
0.0
10
632.87759585062
20
437.010804019451
30
0.0
40
288.629113575549
210
0.0
220
0.0
230
1.0
100
AcDbArc
50
232.292028229122
51
232.489526261924
0
ARC
5
46B
330
70
100
AcDbEntity
67
0
8
0
62
256
6
ByLayer
370
-1
48
1.0
60
0
100
AcDbCircle
39
0.0
10
633.472269435309
20
437.781274123259
30
0.0
40
289.602386532337
210
0.0
220
0.0
230
1.0
100
AcDbArc
50
232.095503340115
51
232.292182345292
0
ARC
5
46C
330
70
100
AcDbEntity
67
0
8
0
62
256
6
ByLayer
370
-1
48
1.0
60
0
100
AcDbCircle
39
0.0
10
633.626836564811
20
437.980258362231
30
0.0
40
289.854350106959
210
0.0
220
0.0
230
1.0
100
AcDbArc
50
231.89921032114
51
232.095559950225
0
ARC
5
46D
330
70
100
AcDbEntity
67
0
8
0
62
256
6
ByLayer
370
-1
48
1.0
60
0
100
AcDbCircle
39
0.0
10
633.770321862613
20
438.163674735138
30
0.0
40
290.087222447202
210
0.0
220
0.0
230
1.0
100
AcDbArc
50
231.703231747272
51
231.899262481311
0
ARC
5
46E
330
70
100
AcDbEntity
67
0
8
0
62
256
6
ByLayer
370
-1
48
1.0
60
0
100
AcDbCircle
39
0.0
10
633.902484264535
20
438.331430650417
30
0.0
40
290.300784825103
210
0.0
220
0.0
230
1.0
100
AcDbArc
50
231.507557072956
51
231.703279435615
0
ARC
5
46F
330
70
100
AcDbEntity
67
0
8
0
62
256
6
ByLayer
370
-1
48
1.0
60
0
100
AcDbCircle
39
0.0
10
634.023083885739
20
438.483438062226
30
0.0
40
290.494822125514
210
0.0
220
0.0
230
1.0
100
AcDbArc
50
231.31217570864
51
231.507600267201
0
ARC
5
470
330
70
100
AcDbEntity
67
0
8
0
62
256
6
ByLayer
370
-1
48
1.0
60
0
100
AcDbCircle
39
0.0
10
634.131882285001
20
438.619613727283
30
0.0
40
290.669123201123
210
0.0
220
0.0
230
1.0
100
AcDbArc
50
231.117077019758
51
231.312214386008
0
ARC
5
471
330
70
100
AcDbEntity
67
0
8
0
62
256
6
ByLayer
370
-1
48
1.0
60
0
100
AcDbCircle
39
0.0
10
634.228642406187
20
438.739879053703
30
0.0
40
290.823480707524
210
0.0
220
0.0
230
1.0
100
AcDbArc
50
230.922250325604
51
231.117111156945
0
ARC
5
472
330
70
100
AcDbEntity
67
0
8
0
62
256
6
ByLayer
370
-1
48
1.0
60
0
100
AcDbCircle
39
0.0
10
634.313128612788
20
438.844160069798
30
0.0
40
290.957691090434
210
0.0
220
0.0
230
1.0
100
AcDbArc
50
230.727684898059
51
230.92227989876
0
ARC
5
473
330
70
100
AcDbEntity
67
0
8
0
62
256
6
ByLayer
370
-1
48
1.0
60
0
100
AcDbCircle
39
0.0
10
634.385106836112
20
438.932387534318
30
0.0
40
291.071554754632
210
0.0
220
0.0
230
1.0
100
AcDbArc
50
230.533369960465
51
230.727709882911
0
ARC
5
474
330
70
100
AcDbEntity
67
0
8
0
62
256
6
ByLayer
370
-1
48
1.0
60
0
100
AcDbCircle
39
0.0
10
634.444345002793
20
439.004497380902
30
0.0
40
291.164876668735
210
0.0
220
0.0
230
1.0
100
AcDbArc
50
230.339294686587
51
230.533390332254
0
ARC
5
475
330
70
100
AcDbEntity
67
0
8
0
62
256
6
ByLayer
370
-1
48
1.0
60
0
100
AcDbCircle
39
0.0
10
634.49061297265
20
439.060430555722
30
0.0
40
291.237466190611
210
0.0
220
0.0
230
1.0
100
AcDbArc
50
230.145448199211
51
230.339310419877
0
ARC
5
476
330
70
100
AcDbEntity
67
0
8
0
62
256
6
ByLayer
370
-1
48
1.0
60
0
100
AcDbCircle
39
0.0
10
634.523682466305
20
439.100132850627
30
0.0
40
291.289136883128
210
0.0
220
0.0
230
1.0
100
AcDbArc
50
229.951819568772
51
230.145459267972
0
ARC
5
477
330
70
100
AcDbEntity
67
0
8
0
62
256
6
ByLayer
370
-1
48
1.0
60
0
100
AcDbCircle
39
0.0
10
634.543327432026
20
439.123555263924
30
0.0
40
291.319707016779
210
0.0
220
0.0
230
1.0
100
AcDbArc
50
229.758397812111
51
229.951825946383
0
ARC
5
478
330
70
100
AcDbEntity
67
0
8
0
62
256
6
ByLayer
370
-1
48
1.0
60
0
100
AcDbCircle
39
0.0
10
634.549323954638
20
439.130653807962
30
0.0
40
291.328999354468
210
0.0
220
0.0
230
1.0
100
AcDbArc
50
229.565171890987
51
229.758399471377
0
ARC
5
479
330
70
100
AcDbEntity
67
0
8
0
62
256
6
ByLayer
370
-1
48
1.0
60
0
100
AcDbCircle
39
0.0
10
634.541450781996
20
439.121390047559
30
0.0
40
291.31684189347
210
0.0
220
0.0
230
1.0
100
AcDbArc
50
229.372130710908
51
229.565168804115
0
ARC
5
47A
330
70
100
AcDbEntity
67
0
8
0
62
256
6
ByLayer
370
-1
48
1.0
60
0
100
AcDbCircle
39
0.0
10
634.519488995232
20
439.095730621094
30
0.0
40
291.283067278049
210
0.0
220
0.0
230
1.0
100
AcDbArc
50
229.179263119333
51
229.37212284935
0
ARC
5
47B
330
70
100
AcDbEntity
67
0
8
0
62
256
6
ByLayer
370
-1
48
1.0
60
0
100
AcDbCircle
39
0.0
10
634.483222445469
20
439.053647667249
30
0.0
40
291.227513398879
210
0.0
220
0.0
230
1.0
100
AcDbArc
50
228.986557904432
51
229.179250453931
0
ARC
5
47C
330
70
100
AcDbEntity
67
0
8
0
62
256
6
ByLayer
370
-1
48
1.0
60
0
100
AcDbCircle
39
0.0
10
634.432437643197
20
438.995118605753
30
0.0
40
291.150023146123
210
0.0
220
0.0
230
1.0
100
AcDbArc
50
228.794003793309
51
228.986540405291
0
ARC
5
47D
330
70
100
AcDbEntity
67
0
8
0
62
256
6
ByLayer
370
-1
48
1.0
60
0
100
AcDbCircle
39
0.0
10
634.366924124267
20
438.920126471496
30
0.0
40
291.050444893209
210
0.0
220
0.0
230
1.0
100
AcDbArc
50
228.601589450659
51
228.793981429923
0
ARC
5
47E
330
70
100
AcDbEntity
67
0
8
0
62
256
6
ByLayer
370
-1
48
1.0
60
0
100
AcDbCircle
39
0.0
10
634.286474586366
20
438.828659973868
30
0.0
40
290.928632623011
210
0.0
220
0.0
230
1.0
100
AcDbArc
50
228.409303477013
51
228.601562191655
0
ARC
5
47F
330
70
100
AcDbEntity
67
0
8
0
62
256
6
ByLayer
370
-1
48
1.0
60
0
100
AcDbCircle
39
0.0
10
634.19088457292
20
438.720713046877
30
0.0
40
290.784445373158
210
0.0
220
0.0
230
1.0
100
AcDbArc
50
228.217134406899
51
228.409271290296
0
ARC
5
480
330
70
100
AcDbEntity
67
0
8
0
62
256
6
ByLayer
370
-1
48
1.0
60
0
100
AcDbCircle
39
0.0
10
634.079953317378
20
438.596285711315
30
0.0
40
290.617748433267
210
0.0
220
0.0
230
1.0
100
AcDbArc
50
228.025070707507
51
228.217097259636
0
ARC
5
481
330
70
100
AcDbEntity
67
0
8
0
62
256
6
ByLayer
370
-1
48
1.0
60
0
100
AcDbCircle
39
0.0
10
633.953483146612
20
438.455383305106
30
0.0
40
290.428412365628
210
0.0
220
0.0
230
1.0
100
AcDbArc
50
227.83310077647
51
228.025028565998
0
ARC
5
482
330
70
100
AcDbEntity
67
0
8
0
62
256
6
ByLayer
370
-1
48
1.0
60
0
100
AcDbCircle
39
0.0
10
633.811280216359
20
438.298017211608
30
0.0
40
290.216314030823
210
0.0
220
0.0
230
1.0
100
AcDbArc
50
227.641212940478
51
227.833053606285
0
ARC
5
483
330
70
100
AcDbEntity
67
0
8
0
62
256
6
ByLayer
370
-1
48
1.0
60
0
100
AcDbCircle
39
0.0
10
633.653154138637
20
438.124204345544
30
0.0
40
289.981335949036
210
0.0
220
0.0
230
1.0
100
AcDbArc
50
227.449395453035
51
227.641160706286
0
ARC
5
484
330
70
100
AcDbEntity
67
0
8
0
62
256
6
ByLayer
370
-1
48
1.0
60
0
100
AcDbCircle
39
0.0
10
632.998089998192
20
437.412727480131
30
0.0
40
289.014223613795
210
0.0
220
0.0
230
1.0
100
AcDbArc
50
227.257509090177
51
227.449681516052
0
ARC
5
485
330
70
100
AcDbEntity
67
0
8
0
62
256
6
ByLayer
370
-1
48
1.0
60
0
100
AcDbCircle
39
0.0
10
636.949216550336
20
441.694890106041
30
0.0
40
294.840740352808
210
0.0
220
0.0
230
1.0
100
AcDbArc
50
227.070234722067
51
227.258397247245
0
ARC
5
486
330
70
100
AcDbEntity
67
0
8
0
62
256
6
ByLayer
370
-1
48
1.0
60
0
100
AcDbCircle
39
0.0
10
635.752772148559
20
440.405908817338
30
0.0
40
293.082062347863
210
0.0
220
0.0
230
1.0
100
AcDbArc
50
226.880745320078
51
227.069862648196
0
ARC
5
487
330
70
100
AcDbEntity
67
0
8
0
62
256
6
ByLayer
370
-1
48
1.0
60
0
100
AcDbCircle
39
0.0
10
634.722887203873
20
439.303694823216
30
0.0
40
291.573574365766
210
0.0
220
0.0
230
1.0
100
AcDbArc
50
226.690463738353
51
226.880423499627
0
ARC
5
488
330
70
100
AcDbEntity
67
0
8
0
62
256
6
ByLayer
370
-1
48
1.0
60
0
100
AcDbCircle
39
0.0
10
633.85820762779
20
438.384423837917
30
0.0
40
290.311541077322
210
0.0
220
0.0
230
1.0
100
AcDbArc
50
226.499504447589
51
226.690192817802
0
ARC
5
489
330
70
100
AcDbEntity
67
0
8
0
62
256
6
ByLayer
370
-1
48
1.0
60
0
100
AcDbCircle
39
0.0
10
633.157729235459
20
437.64467650679
30
0.0
40
289.292769827431
210
0.0
220
0.0
230
1.0
100
AcDbArc
50
226.307983030054
51
226.499284963744
0
ARC
5
48A
330
70
100
AcDbEntity
67
0
8
0
62
256
6
ByLayer
370
-1
48
1.0
60
0
100
AcDbCircle
39
0.0
10
632.620792190249
20
437.081425326675
30
0.0
40
288.514597244999
210
0.0
220
0.0
230
1.0
100
AcDbArc
50
226.116015939226
51
226.307815407697
0
ARC
5
48B
330
70
100
AcDbEntity
67
0
8
0
62
256
6
ByLayer
370
-1
48
1.0
60
0
100
AcDbCircle
39
0.0
10
632.247075583587
20
436.692021898596
30
0.0
40
287.974876210985
210
0.0
220
0.0
230
1.0
100
AcDbArc
50
225.923720255157
51
226.115900489316
0
ARC
5
48C
330
70
100
AcDbEntity
67
0
8
0
62
256
6
ByLayer
370
-1
48
1.0
60
0
100
AcDbCircle
39
0.0
10
632.036595102332
20
436.474187575552
30
0.0
40
287.671967437808
210
0.0
220
0.0
230
1.0
100
AcDbArc
50
225.731213438548
51
225.92365717366
0
ARC
5
48D
330
70
100
AcDbEntity
67
0
8
0
62
256
6
ByLayer
370
-1
48
1.0
60
0
100
AcDbCircle
39
0.0
10
631.989700105647
20
436.426003620763
30
0.0
40
287.604730309941
210
0.0
220
0.0
230
1.0
100
AcDbArc
50
225.538613082828
51
225.731202805751
0
ARC
5
48E
330
70
100
AcDbEntity
67
0
8
0
62
256
6
ByLayer
370
-1
48
1.0
60
0
100
AcDbCircle
39
0.0
10
632.107073148028
20
436.545904012493
30
0.0
40
287.772517350579
210
0.0
220
0.0
230
1.0
100
AcDbArc
50
225.346036666501
51
225.538654863019
0
ARC
5
48F
330
70
100
AcDbEntity
67
0
8
0
62
256
6
ByLayer
370
-1
48
1.0
60
0
100
AcDbCircle
39
0.0
10
632.389729301029
20
436.832668136646
30
0.0
40
288.1751684903
210
0.0
220
0.0
230
1.0
100
AcDbArc
50
225.153601306176
51
225.346130708569
0
ARC
5
490
330
70
100
AcDbEntity
67
0
8
0
62
256
6
ByLayer
370
-1
48
1.0
60
0
100
AcDbCircle
39
0.0
10
632.839018394607
20
437.285416525618
30
0.0
40
288.813009577577
210
0.0
220
0.0
230
1.0
100
AcDbArc
50
224.961423512442
51
225.153747344434
0
ARC
5
491
330
70
100
AcDbEntity
67
0
8
0
62
256
6
ByLayer
370
-1
48
1.0
60
0
100
AcDbCircle
39
0.0
10
633.456626471699
20
437.903605843198
30
0.0
40
289.686849822464
210
0.0
220
0.0
230
1.0
100
AcDbArc
50
224.769618948214
51
224.961621167983
0
ARC
5
492
330
70
100
AcDbEntity
67
0
8
0
62
256
6
ByLayer
370
-1
48
1.0
60
0
100
AcDbCircle
39
0.0
10
634.244579473018
20
438.687026158767
30
0.0
40
290.797982458514
210
0.0
220
0.0
230
1.0
100
AcDbArc
50
224.578302191815
51
224.769867730915
0
ARC
5
493
330
70
100
AcDbEntity
67
0
8
0
62
256
6
ByLayer
370
-1
48
1.0
60
0
100
AcDbCircle
39
0.0
10
635.205247765171
20
439.635799071404
30
0.0
40
292.148186624138
210
0.0
220
0.0
230
1.0
100
AcDbArc
50
224.38758650545
51
224.578601502834
0
ARC
5
494
330
70
100
AcDbEntity
67
0
8
0
62
256
6
ByLayer
370
-1
48
1.0
60
0
100
AcDbCircle
39
0.0
10
636.396771666089
20
440.79807152549
30
0.0
40
293.812698006393
210
0.0
220
0.0
230
1.0
100
AcDbArc
50
224.196739562939
51
224.387022337787
0
ARC
5
495
330
70
100
AcDbEntity
67
0
8
0
62
256
6
ByLayer
370
-1
48
1.0
60
0
100
AcDbCircle
39
0.0
10
629.461596469363
20
434.037882903711
30
0.0
40
284.127830670679
210
0.0
220
0.0
230
1.0
100
AcDbArc
50
223.997294152918
51
224.194311652785
0
ARC
5
496
330
70
100
AcDbEntity
67
0
8
0
62
256
6
ByLayer
370
-1
48
1.0
60
0
100
AcDbCircle
39
0.0
10
629.738397185795
20
434.305771932757
30
0.0
40
284.513035779165
210
0.0
220
0.0
230
1.0
100
AcDbArc
50
223.800407873035
51
223.997382659811
0
ARC
5
497
330
70
100
AcDbEntity
67
0
8
0
62
256
6
ByLayer
370
-1
48
1.0
60
0
100
AcDbCircle
39
0.0
10
630.00050672491
20
434.557703952694
30
0.0
40
284.876589051044
210
0.0
220
0.0
230
1.0
100
AcDbArc
50
223.603547253423
51
223.800491258586
0
ARC
5
498
330
70
100
AcDbEntity
67
0
8
0
62
256
6
ByLayer
370
-1
48
1.0
60
0
100
AcDbCircle
39
0.0
10
630.247849688958
20
434.793812946955
30
0.0
40
285.218533267679
210
0.0
220
0.0
230
1.0
100
AcDbArc
50
223.406700473686
51
223.603625553438
0
ARC
5
499
330
70
100
AcDbEntity
67
0
8
0
62
256
6
ByLayer
370
-1
48
1.0
60
0
100
AcDbCircle
39
0.0
10
630.480356353354
20
435.014237556948
30
0.0
40
285.538917762576
210
0.0
220
0.0
230
1.0
100
AcDbArc
50
223.209855786352
51
223.406773723174
0
ARC
5
49A
330
70
100
AcDbEntity
67
0
8
0
62
256
6
ByLayer
370
-1
48
1.0
60
0
100
AcDbCircle
39
0.0
10
630.697962318366
20
435.219120651714
30
0.0
40
285.837797876965
210
0.0
220
0.0
230
1.0
100
AcDbArc
50
223.013001515082
51
223.20992401958
0
ARC
5
49B
330
70
100
AcDbEntity
67
0
8
0
62
256
6
ByLayer
370
-1
48
1.0
60
0
100
AcDbCircle
39
0.0
10
630.900608743386
20
435.408609452864
30
0.0
40
286.115235220647
210
0.0
220
0.0
230
1.0
100
AcDbArc
50
222.816126053032
51
223.013064765521
0
ARC
5
49C
330
70
100
AcDbEntity
67
0
8
0
62
256
6
ByLayer
370
-1
48
1.0
60
0
100
AcDbCircle
39
0.0
10
631.088241938535
20
435.582855058276
30
0.0
40
286.371297053207
210
0.0
220
0.0
230
1.0
100
AcDbArc
50
222.619217860975
51
222.816184353395
0
ARC
5
49D
330
70
100
AcDbEntity
67
0
8
0
62
256
6
ByLayer
370
-1
48
1.0
60
0
100
AcDbCircle
39
0.0
10
631.260814041979
20
435.742012979095
30
0.0
40
286.606057150753
210
0.0
220
0.0
230
1.0
100
AcDbArc
50
222.422265466128
51
222.619271243284
0
ARC
5
49E
330
70
100
AcDbEntity
67
0
8
0
62
256
6
ByLayer
370
-1
48
1.0
60
0
100
AcDbCircle
39
0.0
10
631.418282102824
20
435.886242197802
30
0.0
40
286.819594498362
210
0.0
220
0.0
230
1.0
100
AcDbArc
50
222.225257459976
51
222.422313961579
0
ARC
5
49F
330
70
100
AcDbEntity
67
0
8
0
62
256
6
ByLayer
370
-1
48
1.0
60
0
100
AcDbCircle
39
0.0
10
631.560608697265
20
436.015705650184
30
0.0
40
287.01199407537
210
0.0
220
0.0
230
1.0
100
AcDbArc
50
222.02818249709
51
222.22530109917
0
ARC
5
4A0
330
70
100
AcDbEntity
67
0
8
0
62
256
6
ByLayer
370
-1
48
1.0
60
0
100
AcDbCircle
39
0.0
10
631.687761902799
20
436.13057010807
30
0.0
40
287.183346762946
210
0.0
220
0.0
230
1.0
100
AcDbArc
50
221.831029293658
51
222.028221309951
0
ARC
5
4A1
330
70
100
AcDbEntity
67
0
8
0
62
256
6
ByLayer
370
-1
48
1.0
60
0
100
AcDbCircle
39
0.0
10
631.799714915707
20
436.23100574478
30
0.0
40
287.333748774687
210
0.0
220
0.0
230
1.0
100
AcDbArc
50
221.633786625775
51
221.831063309405
0
ARC
5
4A2
330
70
100
AcDbEntity
67
0
8
0
62
256
6
ByLayer
370
-1
48
1.0
60
0
100
AcDbCircle
39
0.0
10
631.896446335089
20
436.317186306105
30
0.0
40
287.46330198817
210
0.0
220
0.0
230
1.0
100
AcDbArc
50
221.436443328104
51
221.633815872946
0
ARC
5
4A3
330
70
100
AcDbEntity
67
0
8
0
62
256
6
ByLayer
370
-1
48
1.0
60
0
100
AcDbCircle
39
0.0
10
631.977940053661
20
436.38928892608
30
0.0
40
287.572113746958
210
0.0
220
0.0
230
1.0
100
AcDbArc
50
221.238988292504
51
221.436467834587
0
ARC
5
4A4
330
70
100
AcDbEntity
67
0
8
0
62
256
6
ByLayer
370
-1
48
1.0
60
0
100
AcDbCircle
39
0.0
10
632.04418491924
20
436.447493746023
30
0.0
40
287.660296360937
210
0.0
220
0.0
230
1.0
100
AcDbArc
50
221.041410466441
51
221.239008085599
0
ARC
5
4A5
330
70
100
AcDbEntity
67
0
8
0
62
256
6
ByLayer
370
-1
48
1.0
60
0
100
AcDbCircle
39
0.0
10
632.095175318128
20
436.491984346816
30
0.0
40
287.727967836346
210
0.0
220
0.0
230
1.0
100
AcDbArc
50
220.843698851969
51
221.041425572895
0
ARC
5
4A6
330
70
100
AcDbEntity
67
0
8
0
62
256
6
ByLayer
370
-1
48
1.0
60
0
100
AcDbCircle
39
0.0
10
632.130910652463
20
436.52294720674
30
0.0
40
287.775251132154
210
0.0
220
0.0
230
1.0
100
AcDbArc
50
220.645842504128
51
220.843709297841
0
ARC
5
4A7
330
70
100
AcDbEntity
67
0
8
0
62
256
6
ByLayer
370
-1
48
1.0
60
0
100
AcDbCircle
39
0.0
10
632.151395478041
20
436.540571744874
30
0.0
40
287.802274299465
210
0.0
220
0.0
230
1.0
100
AcDbArc
50
220.447830529865
51
220.645848314982
0
ARC
5
4A8
330
70
100
AcDbEntity
67
0
8
0
62
256
6
ByLayer
370
-1
48
1.0
60
0
100
AcDbCircle
39
0.0
10
632.156639254247
20
436.545050028196
30
0.0
40
287.809170107904
210
0.0
220
0.0
230
1.0
100
AcDbArc
50
220.249652086513
51
220.447831730682
0
ARC
5
4A9
330
70
100
AcDbEntity
67
0
8
0
62
256
6
ByLayer
370
-1
48
1.0
60
0
100
AcDbCircle
39
0.0
10
632.14665693507
20
436.536577199578
30
0.0
40
287.796076780143
210
0.0
220
0.0
230
1.0
100
AcDbArc
50
220.051296381021
51
220.24964870175
0
ARC
5
4AA
330
70
100
AcDbEntity
67
0
8
0
62
256
6
ByLayer
370
-1
48
1.0
60
0
100
AcDbCircle
39
0.0
10
632.12146799334
20
436.51535057072
30
0.0
40
287.763136668346
210
0.0
220
0.0
230
1.0
100
AcDbArc
50
219.852752668256
51
220.051288434548
0
ARC
5
4AB
330
70
100
AcDbEntity
67
0
8
0
62
256
6
ByLayer
370
-1
48
1.0
60
0
100
AcDbCircle
39
0.0
10
632.081097292009
20
436.481570287264
30
0.0
40
287.710497356561
210
0.0
220
0.0
230
1.0
100
AcDbArc
50
219.654010250333
51
219.852740183466
0
ARC
5
4AC
330
70
100
AcDbEntity
67
0
8
0
62
256
6
ByLayer
370
-1
48
1.0
60
0
100
AcDbCircle
39
0.0
10
632.025574125101
20
436.435438450369
30
0.0
40
287.638310369138
210
0.0
220
0.0
230
1.0
100
AcDbArc
50
219.455058475005
51
219.653993250101
0
ARC
5
4AD
330
70
100
AcDbEntity
67
0
8
0
62
256
6
ByLayer
370
-1
48
1.0
60
0
100
AcDbCircle
39
0.0
10
631.954933059551
20
436.377159749926
30
0.0
40
287.546732230762
210
0.0
220
0.0
230
1.0
100
AcDbArc
50
219.255886735049
51
219.455036981807
0
ARC
5
4AE
330
70
100
AcDbEntity
67
0
8
0
62
256
6
ByLayer
370
-1
48
1.0
60
0
100
AcDbCircle
39
0.0
10
631.869213498814
20
436.306941027005
30
0.0
40
287.435923859378
210
0.0
220
0.0
230
1.0
100
AcDbArc
50
219.056484467058
51
219.255860770808
0
ARC
5
4AF
330
70
100
AcDbEntity
67
0
8
0
62
256
6
ByLayer
370
-1
48
1.0
60
0
100
AcDbCircle
39
0.0
10
631.768459114732
20
436.22499074401
30
0.0
40
287.30604979913
210
0.0
220
0.0
230
1.0
100
AcDbArc
50
218.856841150064
51
219.056454053244
0
ARC
5
4B0
330
70
100
AcDbEntity
67
0
8
0
62
256
6
ByLayer
370
-1
48
1.0
60
0
100
AcDbCircle
39
0.0
10
631.652719024743
20
436.131519877497
30
0.0
40
287.157279705333
210
0.0
220
0.0
230
1.0
100
AcDbArc
50
218.656946305294
51
218.856806307801
0
ARC
5
4B1
330
70
100
AcDbEntity
67
0
8
0
62
256
6
ByLayer
370
-1
48
1.0
60
0
100
AcDbCircle
39
0.0
10
631.522046328012
20
436.026740662519
30
0.0
40
286.989786425206
210
0.0
220
0.0
230
1.0
100
AcDbArc
50
218.456789494384
51
218.656907055147
0
ARC
5
4B2
330
70
100
AcDbEntity
67
0
8
0
62
256
6
ByLayer
370
-1
48
1.0
60
0
100
AcDbCircle
39
0.0
10
631.376499154848
20
435.910867378486
30
0.0
40
286.803747316888
210
0.0
220
0.0
230
1.0
100
AcDbArc
50
218.256360319131
51
218.456745856671
0
ARC
5
4B3
330
70
100
AcDbEntity
67
0
8
0
62
256
6
ByLayer
370
-1
48
1.0
60
0
100
AcDbCircle
39
0.0
10
631.216140113119
20
435.784115837293
30
0.0
40
286.599343506366
210
0.0
220
0.0
230
1.0
100
AcDbArc
50
218.055648420259
51
218.256312313654
0
ARC
5
4B4
330
70
100
AcDbEntity
67
0
8
0
62
256
6
ByLayer
370
-1
48
1.0
60
0
100
AcDbCircle
39
0.0
10
631.04103613802
20
435.646703205904
30
0.0
40
286.376759668603
210
0.0
220
0.0
230
1.0
100
AcDbArc
50
217.854643476576
51
218.055596066476
0
ARC
5
4B5
330
70
100
AcDbEntity
67
0
8
0
62
256
6
ByLayer
370
-1
48
1.0
60
0
100
AcDbCircle
39
0.0
10
630.851258722874
20
435.498848128415
30
0.0
40
286.136184293637
210
0.0
220
0.0
230
1.0
100
AcDbArc
50
217.653335204295
51
217.854586793651
0
ARC
5
4B6
330
70
100
AcDbEntity
67
0
8
0
62
256
6
ByLayer
370
-1
48
1.0
60
0
100
AcDbCircle
39
0.0
10
630.646883774831
20
435.340770551009
30
0.0
40
285.877809474493
210
0.0
220
0.0
230
1.0
100
AcDbArc
50
217.451713356134
51
217.653274210963
0
ARC
5
4B7
330
70
100
AcDbEntity
67
0
8
0
62
256
6
ByLayer
370
-1
48
1.0
60
0
100
AcDbCircle
39
0.0
10
630.427991390867
20
435.172691491587
30
0.0
40
285.601830598547
210
0.0
220
0.0
230
1.0
100
AcDbArc
50
217.249767720582
51
217.451648070848
0
ARC
5
4B8
330
70
100
AcDbEntity
67
0
8
0
62
256
6
ByLayer
370
-1
48
1.0
60
0
100
AcDbCircle
39
0.0
10
630.194665995767
20
434.99483308973
30
0.0
40
285.308446497051
210
0.0
220
0.0
230
1.0
100
AcDbArc
50
217.047488121201
51
217.249698161483
0
ARC
5
4B9
330
70
100
AcDbEntity
67
0
8
0
62
256
6
ByLayer
370
-1
48
1.0
60
0
100
AcDbCircle
39
0.0
10
629.946996228974
20
434.807418463199
30
0.0
40
284.997859277961
210
0.0
220
0.0
230
1.0
100
AcDbArc
50
216.844864415941
51
217.047414306111
0
ARC
5
4BA
330
70
100
AcDbEntity
67
0
8
0
62
256
6
ByLayer
370
-1
48
1.0
60
0
100
AcDbCircle
39
0.0
10
629.685074732566
20
434.610671493468
30
0.0
40
284.670274037429
210
0.0
220
0.0
230
1.0
100
AcDbArc
50
216.641886496368
51
216.844786362369
0
ARC
5
4BB
330
70
100
AcDbEntity
67
0
8
0
62
256
6
ByLayer
370
-1
48
1.0
60
0
100
AcDbCircle
39
0.0
10
629.408998237752
20
434.404816839747
30
0.0
40
284.325898947518
210
0.0
220
0.0
230
1.0
100
AcDbArc
50
216.438544287192
51
216.641804221648
0
ARC
5
4BC
330
70
100
AcDbEntity
67
0
8
0
62
256
6
ByLayer
370
-1
48
1.0
60
0
100
AcDbCircle
39
0.0
10
629.118867604721
20
434.190079914214
30
0.0
40
283.964945283623
210
0.0
220
0.0
230
1.0
100
AcDbArc
50
216.234827745642
51
216.438457808337
0
ARC
5
4BD
330
70
100
AcDbEntity
67
0
8
0
62
256
6
ByLayer
370
-1
48
1.0
60
0
100
AcDbCircle
39
0.0
10
628.81478739227
20
433.966686512785
30
0.0
40
283.587626869341
210
0.0
220
0.0
230
1.0
100
AcDbArc
50
216.030726860782
51
216.234737079433
0
ARC
5
4BE
330
70
100
AcDbEntity
67
0
8
0
62
256
6
ByLayer
370
-1
48
1.0
60
0
100
AcDbCircle
39
0.0
10
628.496866202275
20
433.734863020793
30
0.0
40
283.19416048646
210
0.0
220
0.0
230
1.0
100
AcDbArc
50
215.826231653196
51
216.030632023822
0
ARC
5
4BF
330
70
100
AcDbEntity
67
0
8
0
62
256
6
ByLayer
370
-1
48
1.0
60
0
100
AcDbCircle
39
0.0
10
628.165216280104
20
433.494836071
30
0.0
40
282.784765361364
210
0.0
220
0.0
230
1.0
100
AcDbArc
50
215.621332174274
51
215.826132661829
0
ARC
5
4C0
330
70
100
AcDbEntity
67
0
8
0
62
256
6
ByLayer
370
-1
48
1.0
60
0
100
AcDbCircle
39
0.0
10
627.819953638005
20
433.246832588196
30
0.0
40
282.359663302063
210
0.0
220
0.0
230
1.0
100
AcDbArc
50
215.416018505923
51
215.621229044719
0
ARC
5
4C1
330
70
100
AcDbEntity
67
0
8
0
62
256
6
ByLayer
370
-1
48
1.0
60
0
100
AcDbCircle
39
0.0
10
627.461197951239
20
432.991079667353
30
0.0
40
281.919078553825
210
0.0
220
0.0
230
1.0
100
AcDbArc
50
215.210280760078
51
215.415911254212
0
ARC
5
4C2
330
70
100
AcDbEntity
67
0
8
0
62
256
6
ByLayer
370
-1
48
1.0
60
0
100
AcDbCircle
39
0.0
10
627.089072538294
20
432.727804513979
30
0.0
40
281.463237759683
210
0.0
220
0.0
230
1.0
100
AcDbArc
50
215.004109078372
51
215.210169402062
0
ARC
5
4C3
330
70
100
AcDbEntity
67
0
8
0
62
256
6
ByLayer
370
-1
48
1.0
60
0
100
AcDbCircle
39
0.0
10
626.703704009147
20
432.457234152372
30
0.0
40
280.992369516189
210
0.0
220
0.0
230
1.0
100
AcDbArc
50
214.7974936316
51
215.003993629752
0
ARC
5
4C4
330
70
100
AcDbEntity
67
0
8
0
62
256
6
ByLayer
370
-1
48
1.0
60
0
100
AcDbCircle
39
0.0
10
626.305222632761
20
432.179595643189
30
0.0
40
280.506704810756
210
0.0
220
0.0
230
1.0
100
AcDbArc
50
214.590424619699
51
214.797374108032
0
ARC
5
4C5
330
70
100
AcDbEntity
67
0
8
0
62
256
6
ByLayer
370
-1
48
1.0
60
0
100
AcDbCircle
39
0.0
10
625.893761983557
20
431.895115791913
30
0.0
40
280.006476576634
210
0.0
220
0.0
230
1.0
100
AcDbArc
50
214.382892271222
51
214.590301036621
0
ARC
5
4C6
330
70
100
AcDbEntity
67
0
8
0
62
256
6
ByLayer
370
-1
48
1.0
60
0
100
AcDbCircle
39
0.0
10
625.46945875531
20
431.604020983166
30
0.0
40
279.491919457481
210
0.0
220
0.0
230
1.0
100
AcDbArc
50
214.174886843121
51
214.382764644054
0
ARC
5
4C7
330
70
100
AcDbEntity
67
0
8
0
62
256
6
ByLayer
370
-1
48
1.0
60
0
100
AcDbCircle
39
0.0
10
625.032453090994
20
431.306537368396
30
0.0
40
278.963270197548
210
0.0
220
0.0
230
1.0
100
AcDbArc
50
213.966398620688
51
214.174755187222
0
ARC
5
4C8
330
70
100
AcDbEntity
67
0
8
0
62
256
6
ByLayer
370
-1
48
1.0
60
0
100
AcDbCircle
39
0.0
10
624.582888118152
20
431.002890509305
30
0.0
40
278.420767069111
210
0.0
220
0.0
230
1.0
100
AcDbArc
50
213.757417917189
51
213.966262951332
0
ARC
5
4C9
330
70
100
AcDbEntity
67
0
8
0
62
256
6
ByLayer
370
-1
48
1.0
60
0
100
AcDbCircle
39
0.0
10
624.12091024327
20
430.6933055409
30
0.0
40
277.864650220026
210
0.0
220
0.0
230
1.0
100
AcDbArc
50
213.547935073957
51
213.757278249622
0
ARC
5
4CA
330
70
100
AcDbEntity
67
0
8
0
62
256
6
ByLayer
370
-1
48
1.0
60
0
100
AcDbCircle
39
0.0
10
623.646668558256
20
430.37800673706
30
0.0
40
277.295160951319
210
0.0
220
0.0
230
1.0
100
AcDbArc
50
213.337940459953
51
213.547791423366
0
ARC
5
4CB
330
70
100
AcDbEntity
67
0
8
0
62
256
6
ByLayer
370
-1
48
1.0
60
0
100
AcDbCircle
39
0.0
10
623.160315341348
20
430.057217812191
30
0.0
40
276.712542313978
210
0.0
220
0.0
230
1.0
100
AcDbArc
50
213.127424472057
51
213.3377928416
0
ARC
5
4CC
330
70
100
AcDbEntity
67
0
8
0
62
256
6
ByLayer
370
-1
48
1.0
60
0
100
AcDbCircle
39
0.0
10
622.662005591373
20
429.731161576949
30
0.0
40
276.117038543408
210
0.0
220
0.0
230
1.0
100
AcDbArc
50
212.916377534783
51
213.127272901165
0
ARC
5
4CD
330
70
100
AcDbEntity
67
0
8
0
62
256
6
ByLayer
370
-1
48
1.0
60
0
100
AcDbCircle
39
0.0
10
622.151897190061
20
429.400060013596
30
0.0
40
275.508895249476
210
0.0
220
0.0
230
1.0
100
AcDbArc
50
212.704790100482
51
212.91622202665
0
ARC
5
4CE
330
70
100
AcDbEntity
67
0
8
0
62
256
6
ByLayer
370
-1
48
1.0
60
0
100
AcDbCircle
39
0.0
10
621.630150762823
20
429.064134151786
30
0.0
40
274.88835924522
210
0.0
220
0.0
230
1.0
100
AcDbArc
50
212.492652649305
51
212.704630670381
0
ARC
5
4CF
330
70
100
AcDbEntity
67
0
8
0
62
256
6
ByLayer
370
-1
48
1.0
60
0
100
AcDbCircle
39
0.0
10
621.096929280975
20
428.723603784034
30
0.0
40
274.255678071654
210
0.0
220
0.0
230
1.0
100
AcDbArc
50
212.279955689124
51
212.492489312602
0
ARC
5
4D0
330
70
100
AcDbEntity
67
0
8
0
62
256
6
ByLayer
370
-1
48
1.0
60
0
100
AcDbCircle
39
0.0
10
620.552398586191
20
428.378687773348
30
0.0
40
273.611100618781
210
0.0
220
0.0
230
1.0
100
AcDbArc
50
212.066689755995
51
212.279788461351
0
ARC
5
4D1
330
70
100
AcDbEntity
67
0
8
0
62
256
6
ByLayer
370
-1
48
1.0
60
0
100
AcDbCircle
39
0.0
10
619.996726949454
20
428.029603740736
30
0.0
40
272.954876599359
210
0.0
220
0.0
230
1.0
100
AcDbArc
50
211.852845414134
51
212.066518652734
0
ARC
5
4D2
330
70
100
AcDbEntity
67
0
8
0
62
256
6
ByLayer
370
-1
48
1.0
60
0
100
AcDbCircle
39
0.0
10
619.430084987271
20
427.676567986535
30
0.0
40
272.287256449873
210
0.0
220
0.0
230
1.0
100
AcDbArc
50
211.63841325608
51
211.85267045106
0
ARC
5
4D3
330
70
100
AcDbEntity
67
0
8
0
62
256
6
ByLayer
370
-1
48
1.0
60
0
100
AcDbCircle
39
0.0
10
618.852645667515
20
427.319795468951
30
0.0
40
271.608491338046
210
0.0
220
0.0
230
1.0
100
AcDbArc
50
211.423383903037
51
211.638234449069
0
ARC
5
4D4
330
70
100
AcDbEntity
67
0
8
0
62
256
6
ByLayer
370
-1
48
1.0
60
0
100
AcDbCircle
39
0.0
10
618.264584386865
20
426.959499824552
30
0.0
40
270.918833253549
210
0.0
220
0.0
230
1.0
100
AcDbArc
50
211.207748005198
51
211.42320126808
0
ARC
5
4D5
330
70
100
AcDbEntity
67
0
8
0
62
256
6
ByLayer
370
-1
48
1.0
60
0
100
AcDbCircle
39
0.0
10
617.666078401995
20
426.595892995837
30
0.0
40
270.218534342652
210
0.0
220
0.0
230
1.0
100
AcDbArc
50
210.991496241844
51
211.207561558511
0
ARC
5
4D6
330
70
100
AcDbEntity
67
0
8
0
62
256
6
ByLayer
370
-1
48
1.0
60
0
100
AcDbCircle
39
0.0
10
617.374460304907
20
426.420039806705
30
0.0
40
269.877997842257
210
0.0
220
0.0
230
1.0
100
AcDbArc
50
210.774983440932
51
210.991370617757
0
ARC
5
4D7
330
70
100
AcDbEntity
67
0
8
0
62
256
6
ByLayer
370
-1
48
1.0
60
0
100
AcDbCircle
39
0.0
10
617.501550456843
20
426.496007358652
30
0.0
40
270.026061737508
210
0.0
220
0.0
230
1.0
100
AcDbArc
50
210.558722489924
51
210.775034816064
0
ARC
5
4D8
330
70
100
AcDbEntity
67
0
8
0
62
256
6
ByLayer
370
-1
48
1.0
60
0
100
AcDbCircle
39
0.0
10
617.529597353344
20
426.512612925083
30
0.0
40
270.05865578106
210
0.0
220
0.0
230
1.0
100
AcDbArc
50
210.342402918502
51
210.558730882716
0
ARC
5
4D9
330
70
100
AcDbEntity
67
0
8
0
62
256
6
ByLayer
370
-1
48
1.0
60
0
100
AcDbCircle
39
0.0
10
617.545682292165
20
426.522053689305
30
0.0
40
270.077306593412
210
0.0
220
0.0
230
1.0
100
AcDbArc
50
210.126054843489
51
210.342407588883
0
ARC
5
4DA
330
70
100
AcDbEntity
67
0
8
0
62
256
6
ByLayer
370
-1
48
1.0
60
0
100
AcDbCircle
39
0.0
10
617.549770169054
20
426.52443103103
30
0.0
40
270.082035490843
210
0.0
220
0.0
230
1.0
100
AcDbArc
50
209.909669139815
51
210.126055797277
0
ARC
5
4DB
330
70
100
AcDbEntity
67
0
8
0
62
256
6
ByLayer
370
-1
48
1.0
60
0
100
AcDbCircle
39
0.0
10
617.541829674224
20
426.519848267614
30
0.0
40
270.072867447989
210
0.0
220
0.0
230
1.0
100
AcDbArc
50
209.693236694287
51
209.909666382679
0
ARC
5
4DC
330
70
100
AcDbEntity
67
0
8
0
62
256
6
ByLayer
370
-1
48
1.0
60
0
100
AcDbCircle
39
0.0
10
617.521832794137
20
426.508410312977
30
0.0
40
270.049830497419
210
0.0
220
0.0
230
1.0
100
AcDbArc
50
209.476748404939
51
209.693230231751
0
ARC
5
4DD
330
70
100
AcDbEntity
67
0
8
0
62
256
6
ByLayer
370
-1
48
1.0
60
0
100
AcDbCircle
39
0.0
10
617.489755536036
20
426.490224041403
30
0.0
40
270.012956540929
210
0.0
220
0.0
230
1.0
100
AcDbArc
50
209.260195181199
51
209.476738242535
0
ARC
5
4DE
330
70
100
AcDbEntity
67
0
8
0
62
256
6
ByLayer
370
-1
48
1.0
60
0
100
AcDbCircle
39
0.0
10
617.445577444454
20
426.465397954998
30
0.0
40
269.962280766851
210
0.0
220
0.0
230
1.0
100
AcDbArc
50
209.043567943266
51
209.260181324278
0
ARC
5
4DF
330
70
100
AcDbEntity
67
0
8
0
62
256
6
ByLayer
370
-1
48
1.0
60
0
100
AcDbCircle
39
0.0
10
617.389281818524
20
426.434042254359
30
0.0
40
269.897841876201
210
0.0
220
0.0
230
1.0
100
AcDbArc
50
208.826857621972
51
209.043550397092
0
ARC
5
4E0
330
70
100
AcDbEntity
67
0
8
0
62
256
6
ByLayer
370
-1
48
1.0
60
0
100
AcDbCircle
39
0.0
10
617.320855686078
20
426.396268769732
30
0.0
40
269.819682028812
210
0.0
220
0.0
230
1.0
100
AcDbArc
50
208.610055158513
51
208.826836391703
0
ARC
5
4E1
330
70
100
AcDbEntity
67
0
8
0
62
256
6
ByLayer
370
-1
48
1.0
60
0
100
AcDbCircle
39
0.0
10
617.240289568541
20
426.352190779448
30
0.0
40
269.727846552187
210
0.0
220
0.0
230
1.0
100
AcDbArc
50
208.393151504026
51
208.610030249244
0
ARC
5
4E2
330
70
100
AcDbEntity
67
0
8
0
62
256
6
ByLayer
370
-1
48
1.0
60
0
100
AcDbCircle
39
0.0
10
617.147577950657
20
426.301923215215
30
0.0
40
269.622384454705
210
0.0
220
0.0
230
1.0
100
AcDbArc
50
208.176137619563
51
208.393122920785
0
ARC
5
4E3
330
70
100
AcDbEntity
67
0
8
0
62
256
6
ByLayer
370
-1
48
1.0
60
0
100
AcDbCircle
39
0.0
10
617.042718891109
20
426.24558239577
30
0.0
40
269.503347959124
210
0.0
220
0.0
230
1.0
100
AcDbArc
50
207.959004475662
51
208.176105367253
0
ARC
5
4E4
330
70
100
AcDbEntity
67
0
8
0
62
256
6
ByLayer
370
-1
48
1.0
60
0
100
AcDbCircle
39
0.0
10
616.925714103691
20
426.183286020869
30
0.0
40
269.370792574181
210
0.0
220
0.0
230
1.0
100
AcDbArc
50
207.741743052139
51
207.958968559143
0
ARC
5
4E5
330
70
100
AcDbEntity
67
0
8
0
62
256
6
ByLayer
370
-1
48
1.0
60
0
100
AcDbCircle
39
0.0
10
616.796569181534
20
426.115153237979
30
0.0
40
269.224777326954
210
0.0
220
0.0
230
1.0
100
AcDbArc
50
207.524344337942
51
207.741703476151
0
ARC
5
4E6
330
70
100
AcDbEntity
67
0
8
0
62
256
6
ByLayer
370
-1
48
1.0
60
0
100
AcDbCircle
39
0.0
10
616.655293084586
20
426.041304320695
30
0.0
40
269.065364162775
210
0.0
220
0.0
230
1.0
100
AcDbArc
50
207.306799330707
51
207.524301107185
0
ARC
5
4E7
330
70
100
AcDbEntity
67
0
8
0
62
256
6
ByLayer
370
-1
48
1.0
60
0
100
AcDbCircle
39
0.0
10
616.501898780067
20
425.961860954669
30
0.0
40
268.892618648719
210
0.0
220
0.0
230
1.0
100
AcDbArc
50
207.08909903683
51
207.306752449836
0
ARC
5
4E8
330
70
100
AcDbEntity
67
0
8
0
62
256
6
ByLayer
370
-1
48
1.0
60
0
100
AcDbCircle
39
0.0
10
616.336402719202
20
425.876945912645
30
0.0
40
268.706609363103
210
0.0
220
0.0
230
1.0
100
AcDbArc
50
206.871234471008
51
207.089048510377
0
ARC
5
4E9
330
70
100
AcDbEntity
67
0
8
0
62
256
6
ByLayer
370
-1
48
1.0
60
0
100
AcDbCircle
39
0.0
10
616.15882505285
20
425.786683117639
30
0.0
40
268.507408119978
210
0.0
220
0.0
230
1.0
100
AcDbArc
50
206.65319665616
51
206.871180303473
0
ARC
5
4EA
330
70
100
AcDbEntity
67
0
8
0
62
256
6
ByLayer
370
-1
48
1.0
60
0
100
AcDbCircle
39
0.0
10
615.96918948521
20
425.691197518945
30
0.0
40
268.295089786458
210
0.0
220
0.0
230
1.0
100
AcDbArc
50
206.434976623154
51
206.653138852014
0
ARC
5
4EB
330
70
100
AcDbEntity
67
0
8
0
62
256
6
ByLayer
370
-1
48
1.0
60
0
100
AcDbCircle
39
0.0
10
615.767523594259
20
425.590615203839
30
0.0
40
268.069732623286
210
0.0
220
0.0
230
1.0
100
AcDbArc
50
206.216565410832
51
206.434915186828
0
ARC
5
4EC
330
70
100
AcDbEntity
67
0
8
0
62
256
6
ByLayer
370
-1
48
1.0
60
0
100
AcDbCircle
39
0.0
10
615.553858277456
20
425.485063070836
30
0.0
40
267.831417647258
210
0.0
220
0.0
230
1.0
100
AcDbArc
50
205.997954065519
51
206.216500346672
0
ARC
5
4ED
330
70
100
AcDbEntity
67
0
8
0
62
256
6
ByLayer
370
-1
48
1.0
60
0
100
AcDbCircle
39
0.0
10
615.328228300932
20
425.37466905503
30
0.0
40
267.58022922787
210
0.0
220
0.0
230
1.0
100
AcDbArc
50
205.779133641178
51
205.997885377856
0
ARC
5
4EE
330
70
100
AcDbEntity
67
0
8
0
62
256
6
ByLayer
370
-1
48
1.0
60
0
100
AcDbCircle
39
0.0
10
615.090671816108
20
425.259561841259
30
0.0
40
267.316254531686
210
0.0
220
0.0
230
1.0
100
AcDbArc
50
205.560095199043
51
205.77906133429
0
ARC
5
4EF
330
70
100
AcDbEntity
67
0
8
0
62
256
6
ByLayer
370
-1
48
1.0
60
0
100
AcDbCircle
39
0.0
10
614.841230646905
20
425.139870957684
30
0.0
40
267.039583826398
210
0.0
220
0.0
230
1.0
100
AcDbArc
50
205.340829807609
51
205.560019277188
0
ARC
5
4F0
330
70
100
AcDbEntity
67
0
8
0
62
256
6
ByLayer
370
-1
48
1.0
60
0
100
AcDbCircle
39
0.0
10
614.579950000736
20
425.015726589882
30
0.0
40
266.750310144799
210
0.0
220
0.0
230
1.0
100
AcDbArc
50
205.121328542415
51
205.340750275071
0
ARC
5
4F1
330
70
100
AcDbEntity
67
0
8
0
62
256
6
ByLayer
370
-1
48
1.0
60
0
100
AcDbCircle
39
0.0
10
614.306878919963
20
424.887259748359
30
0.0
40
266.44852976957
210
0.0
220
0.0
230
1.0
100
AcDbArc
50
204.901582486146
51
205.121245403436
0
ARC
5
4F2
330
70
100
AcDbEntity
67
0
8
0
62
256
6
ByLayer
370
-1
48
1.0
60
0
100
AcDbCircle
39
0.0
10
614.02206959497
20
424.754601897381
30
0.0
40
266.134341458992
210
0.0
220
0.0
230
1.0
100
AcDbArc
50
204.681582728204
51
204.901495744915
0
ARC
5
4F3
330
70
100
AcDbEntity
67
0
8
0
62
256
6
ByLayer
370
-1
48
1.0
60
0
100
AcDbCircle
39
0.0
10
613.725577926729
20
424.617885174737
30
0.0
40
265.807847055176
210
0.0
220
0.0
230
1.0
100
AcDbArc
50
204.461320364963
51
204.681492388974
0
ARC
5
4F4
330
70
100
AcDbEntity
67
0
8
0
62
256
6
ByLayer
370
-1
48
1.0
60
0
100
AcDbCircle
39
0.0
10
613.417463021514
20
424.477242111647
30
0.0
40
265.46915091355
210
0.0
220
0.0
230
1.0
100
AcDbArc
50
204.240786499401
51
204.461226431977
0
ARC
5
4F5
330
70
100
AcDbEntity
67
0
8
0
62
256
6
ByLayer
370
-1
48
1.0
60
0
100
AcDbCircle
39
0.0
10
613.097787763693
20
424.332805850325
30
0.0
40
265.118360520085
210
0.0
220
0.0
230
1.0
100
AcDbArc
50
204.019972241401
51
204.240688976923
0
ARC
5
4F6
330
70
100
AcDbEntity
67
0
8
0
62
256
6
ByLayer
370
-1
48
1.0
60
0
100
AcDbCircle
39
0.0
10
612.766618155326
20
424.184709798211
30
0.0
40
264.755585753076
210
0.0
220
0.0
230
1.0
100
AcDbArc
50
203.798868707401
51
204.019871133653
0
ARC
5
4F7
330
70
100
AcDbEntity
67
0
8
0
62
256
6
ByLayer
370
-1
48
1.0
60
0
100
AcDbCircle
39
0.0
10
612.42402350616
20
424.033087673357
30
0.0
40
264.380939081266
210
0.0
220
0.0
230
1.0
100
AcDbArc
50
203.577467020428
51
203.798764018669
0
ARC
5
4F8
330
70
100
AcDbEntity
67
0
8
0
62
256
6
ByLayer
370
-1
48
1.0
60
0
100
AcDbCircle
39
0.0
10
612.070076748865
20
423.878073599415
30
0.0
40
263.994535896868
210
0.0
220
0.0
230
1.0
100
AcDbArc
50
203.355758310351
51
203.577358755059
0
ARC
5
4F9
330
70
100
AcDbEntity
67
0
8
0
62
256
6
ByLayer
370
-1
48
1.0
60
0
100
AcDbCircle
39
0.0
10
611.7048537142
20
423.719801743928
30
0.0
40
263.596493712978
210
0.0
220
0.0
230
1.0
100
AcDbArc
50
203.133733713469
51
203.355646472699
0
ARC
5
4FA
330
70
100
AcDbEntity
67
0
8
0
62
256
6
ByLayer
370
-1
48
1.0
60
0
100
AcDbCircle
39
0.0
10
611.328433839872
20
423.558406586453
30
0.0
40
263.186932927272
210
0.0
220
0.0
230
1.0
100
AcDbArc
50
202.911384372945
51
203.13361830799
0
ARC
5
4FB
330
70
100
AcDbEntity
67
0
8
0
62
256
6
ByLayer
370
-1
48
1.0
60
0
100
AcDbCircle
39
0.0
10
610.940899692553
20
423.394022667765
30
0.0
40
262.765976290671
210
0.0
220
0.0
230
1.0
100
AcDbArc
50
202.688701438675
51
202.911265404112
0
ARC
5
4FC
330
70
100
AcDbEntity
67
0
8
0
62
256
6
ByLayer
370
-1
48
1.0
60
0
100
AcDbCircle
39
0.0
10
610.542336905862
20
423.226784524309
30
0.0
40
262.333748831667
210
0.0
220
0.0
230
1.0
100
AcDbArc
50
202.465676067236
51
202.688578910993
0
ARC
5
4FD
330
70
100
AcDbEntity
67
0
8
0
62
256
6
ByLayer
370
-1
48
1.0
60
0
100
AcDbCircle
39
0.0
10
610.132834389772
20
423.056826736744
30
0.0
40
261.890378075354
210
0.0
220
0.0
230
1.0
100
AcDbArc
50
202.242299422218
51
202.465549985379
0
ARC
5
4FE
330
70
100
AcDbEntity
67
0
8
0
62
256
6
ByLayer
370
-1
48
1.0
60
0
100
AcDbCircle
39
0.0
10
609.712484134747
20
422.884283806399
30
0.0
40
261.435993822508
210
0.0
220
0.0
230
1.0
100
AcDbArc
50
202.01856267413
51
202.242169790876
0
ARC
5
4FF
330
70
100
AcDbEntity
67
0
8
0
62
256
6
ByLayer
370
-1
48
1.0
60
0
100
AcDbCircle
39
0.0
10
609.281381282717
20
422.709290145135
30
0.0
40
260.970728218897
210
0.0
220
0.0
230
1.0
100
AcDbArc
50
201.794457000676
51
202.018429498106
0
ARC
5
500
330
70
100
AcDbEntity
67
0
8
0
62
256
6
ByLayer
370
-1
48
1.0
60
0
100
AcDbCircle
39
0.0
10
608.839623866244
20
422.531979929983
30
0.0
40
260.494715466608
210
0.0
220
0.0
230
1.0
100
AcDbArc
50
201.569973586692
51
201.794320284823
0
ARC
5
501
330
70
100
AcDbEntity
67
0
8
0
62
256
6
ByLayer
370
-1
48
1.0
60
0
100
AcDbCircle
39
0.0
10
608.387312995216
20
422.352487141423
30
0.0
40
260.008092019413
210
0.0
220
0.0
230
1.0
100
AcDbArc
50
201.34510362452
51
201.569833336064
0
ARC
5
502
330
70
100
AcDbEntity
67
0
8
0
62
256
6
ByLayer
370
-1
48
1.0
60
0
100
AcDbCircle
39
0.0
10
607.924552714458
20
422.170945467418
30
0.0
40
259.510996423035
210
0.0
220
0.0
230
1.0
100
AcDbArc
50
201.119838314066
51
201.344959844272
0
ARC
5
503
330
70
100
AcDbEntity
67
0
8
0
62
256
6
ByLayer
370
-1
48
1.0
60
0
100
AcDbCircle
39
0.0
10
607.451450109378
20
421.987488306651
30
0.0
40
259.003569422868
210
0.0
220
0.0
230
1.0
100
AcDbArc
50
200.894168863097
51
201.119691009438
0
ARC
5
504
330
70
100
AcDbEntity
67
0
8
0
62
256
6
ByLayer
370
-1
48
1.0
60
0
100
AcDbCircle
39
0.0
10
606.9681148958
20
421.802248572641
30
0.0
40
258.485953519106
210
0.0
220
0.0
230
1.0
100
AcDbArc
50
200.6680864873
51
200.894018039481
0
ARC
5
505
330
70
100
AcDbEntity
67
0
8
0
62
256
6
ByLayer
370
-1
48
1.0
60
0
100
AcDbCircle
39
0.0
10
606.47465972238
20
421.615358775696
30
0.0
40
257.958293286987
210
0.0
220
0.0
230
1.0
100
AcDbArc
50
200.441582410697
51
200.667932150314
0
ARC
5
506
330
70
100
AcDbEntity
67
0
8
0
62
256
6
ByLayer
370
-1
48
1.0
60
0
100
AcDbCircle
39
0.0
10
605.971200154422
20
421.426950978037
30
0.0
40
257.420735354468
210
0.0
220
0.0
230
1.0
100
AcDbArc
50
200.214647865903
51
200.441424566052
0
ARC
5
507
330
70
100
AcDbEntity
67
0
8
0
62
256
6
ByLayer
370
-1
48
1.0
60
0
100
AcDbCircle
39
0.0
10
605.457854246016
20
421.237156598567
30
0.0
40
256.873427941958
210
0.0
220
0.0
230
1.0
100
AcDbArc
50
199.987274094277
51
200.214486519502
0
ARC
5
508
330
70
100
AcDbEntity
67
0
8
0
62
256
6
ByLayer
370
-1
48
1.0
60
0
100
AcDbCircle
39
0.0
10
604.934742953122
20
421.046106532337
30
0.0
40
256.316521300256
210
0.0
220
0.0
230
1.0
100
AcDbArc
50
199.759452346438
51
199.987109252218
0
ARC
5
509
330
70
100
AcDbEntity
67
0
8
0
62
256
6
ByLayer
370
-1
48
1.0
60
0
100
AcDbCircle
39
0.0
10
604.401989738396
20
420.853930969941
30
0.0
40
255.750167286619
210
0.0
220
0.0
230
1.0
100
AcDbArc
50
199.531173882431
51
199.759284014971
0
ARC
5
50A
330
70
100
AcDbEntity
67
0
8
0
62
256
6
ByLayer
370
-1
48
1.0
60
0
100
AcDbCircle
39
0.0
10
603.859720563048
20
420.660759363528
30
0.0
40
255.174519354974
210
0.0
220
0.0
230
1.0
100
AcDbArc
50
199.302429972125
51
199.531002068089
0
ARC
5
50B
330
70
100
AcDbEntity
67
0
8
0
62
256
6
ByLayer
370
-1
48
1.0
60
0
100
AcDbCircle
39
0.0
10
603.308064237454
20
420.46672051742
30
0.0
40
254.589732926179
210
0.0
220
0.0
230
1.0
100
AcDbArc
50
199.073211895819
51
199.302254681654
0
ARC
5
50C
330
70
100
AcDbEntity
67
0
8
0
62
256
6
ByLayer
370
-1
48
1.0
60
0
100
AcDbCircle
39
0.0
10
602.747151771462
20
420.271942324822
30
0.0
40
253.995964697518
210
0.0
220
0.0
230
1.0
100
AcDbArc
50
198.843510944337
51
199.073033136144
0
ARC
5
50D
330
70
100
AcDbEntity
67
0
8
0
62
256
6
ByLayer
370
-1
48
1.0
60
0
100
AcDbCircle
39
0.0
10
602.177116708974
20
420.076551855404
30
0.0
40
253.393372997433
210
0.0
220
0.0
230
1.0
100
AcDbArc
50
198.61331841967
51
198.843328722677
0
ARC
5
50E
330
70
100
AcDbEntity
67
0
8
0
62
256
6
ByLayer
370
-1
48
1.0
60
0
100
AcDbCircle
39
0.0
10
601.598095062652
20
419.880675299529
30
0.0
40
252.782117715762
210
0.0
220
0.0
230
1.0
100
AcDbArc
50
198.382625635453
51
198.613132743482
0
ARC
5
50F
330
70
100
AcDbEntity
67
0
8
0
62
256
6
ByLayer
370
-1
48
1.0
60
0
100
AcDbCircle
39
0.0
10
601.01022509356
20
419.684437862425
30
0.0
40
252.162360071368
210
0.0
220
0.0
230
1.0
100
AcDbArc
50
198.151423917387
51
198.382436512452
0
ARC
5
510
330
70
100
AcDbEntity
67
0
8
0
62
256
6
ByLayer
370
-1
48
1.0
60
0
100
AcDbCircle
39
0.0
10
600.413647229935
20
419.487963708757
30
0.0
40
251.534262527989
210
0.0
220
0.0
230
1.0
100
AcDbArc
50
197.91970460371
51
198.151231355613
0
ARC
5
511
330
70
100
AcDbEntity
67
0
8
0
62
256
6
ByLayer
370
-1
48
1.0
60
0
100
AcDbCircle
39
0.0
10
599.808504546994
20
419.29137608955
30
0.0
40
250.897989300293
210
0.0
220
0.0
230
1.0
100
AcDbArc
50
197.687459046095
51
197.919508611481
0
ARC
5
512
330
70
100
AcDbEntity
67
0
8
0
62
256
6
ByLayer
370
-1
48
1.0
60
0
100
AcDbCircle
39
0.0
10
599.194941641347
20
419.094796946379
30
0.0
40
250.25370517187
210
0.0
220
0.0
230
1.0
100
AcDbArc
50
197.454678609612
51
197.687259632037
0
ARC
5
513
330
70
100
AcDbEntity
67
0
8
0
62
256
6
ByLayer
370
-1
48
1.0
60
0
100
AcDbCircle
39
0.0
10
598.629985454808
20
418.915697870488
30
0.0
40
249.661041669897
210
0.0
220
0.0
230
1.0
100
AcDbArc
50
197.221294084032
51
197.45435891848
0
ARC
5
514
330
70
100
AcDbEntity
67
0
8
0
62
256
6
ByLayer
370
-1
48
1.0
60
0
100
AcDbCircle
39
0.0
10
597.220940858469
20
418.476721438895
30
0.0
40
248.185202106614
210
0.0
220
0.0
230
1.0
100
AcDbArc
50
196.986428406689
51
197.22080227174
0
ARC
5
515
330
70
100
AcDbEntity
67
0
8
0
62
256
6
ByLayer
370
-1
48
1.0
60
0
100
AcDbCircle
39
0.0
10
597.374881407903
20
418.523974099828
30
0.0
40
248.346231480126
210
0.0
220
0.0
230
1.0
100
AcDbArc
50
196.75233706593
51
196.986478753542
0
ARC
5
516
330
70
100
AcDbEntity
67
0
8
0
62
256
6
ByLayer
370
-1
48
1.0
60
0
100
AcDbCircle
39
0.0
10
597.518070471561
20
418.567286886713
30
0.0
40
248.495827818671
210
0.0
220
0.0
230
1.0
100
AcDbArc
50
196.518465017669
51
196.752383739956
0
ARC
5
517
330
70
100
AcDbEntity
67
0
8
0
62
256
6
ByLayer
370
-1
48
1.0
60
0
100
AcDbCircle
39
0.0
10
597.650378644769
20
418.606719295631
30
0.0
40
248.633886982792
210
0.0
220
0.0
230
1.0
100
AcDbArc
50
196.284802996966
51
196.51850800148
0
ARC
5
518
330
70
100
AcDbEntity
67
0
8
0
62
256
6
ByLayer
370
-1
48
1.0
60
0
100
AcDbCircle
39
0.0
10
597.771679385508
20
418.642332845151
30
0.0
40
248.760307572686
210
0.0
220
0.0
230
1.0
100
AcDbArc
50
196.051341703534
51
196.284842273207
0
ARC
5
519
330
70
100
AcDbEntity
67
0
8
0
62
256
6
ByLayer
370
-1
48
1.0
60
0
100
AcDbCircle
39
0.0
10
597.881848932114
20
418.67419100848
30
0.0
40
248.874990822266
210
0.0
220
0.0
230
1.0
100
AcDbArc
50
195.818071801661
51
196.051377254914
0
ARC
5
51A
330
70
100
AcDbEntity
67
0
8
0
62
256
6
ByLayer
370
-1
48
1.0
60
0
100
AcDbCircle
39
0.0
10
597.980766722828
20
418.702359289973
30
0.0
40
248.977841015767
210
0.0
220
0.0
230
1.0
100
AcDbArc
50
195.584983920388
51
195.818103610917
0
ARC
5
51B
330
70
100
AcDbEntity
67
0
8
0
62
256
6
ByLayer
370
-1
48
1.0
60
0
100
AcDbCircle
39
0.0
10
598.068315015147
20
418.726905070112
30
0.0
40
249.068765071703
210
0.0
220
0.0
230
1.0
100
AcDbArc
50
195.352068653284
51
195.585011970297
0
ARC
5
51C
330
70
100
AcDbEntity
67
0
8
0
62
256
6
ByLayer
370
-1
48
1.0
60
0
100
AcDbCircle
39
0.0
10
598.144379378724
20
418.747897699304
30
0.0
40
249.147673035492
210
0.0
220
0.0
230
1.0
100
AcDbArc
50
195.119316558611
51
195.352092926665
0
ARC
5
51D
330
70
100
AcDbEntity
67
0
8
0
62
256
6
ByLayer
370
-1
48
1.0
60
0
100
AcDbCircle
39
0.0
10
598.208848404195
20
418.765408369414
30
0.0
40
249.21447775748
210
0.0
220
0.0
230
1.0
100
AcDbArc
50
194.88671815906
51
195.119337038262
0
ARC
5
51E
330
70
100
AcDbEntity
67
0
8
0
62
256
6
ByLayer
370
-1
48
1.0
60
0
100
AcDbCircle
39
0.0
10
598.261614021959
20
418.779510154927
30
0.0
40
249.269095204463
210
0.0
220
0.0
230
1.0
100
AcDbArc
50
194.654263941831
51
194.886734827806
0
ARC
5
51F
330
70
100
AcDbEntity
67
0
8
0
62
256
6
ByLayer
370
-1
48
1.0
60
0
100
AcDbCircle
39
0.0
10
598.302571430148
20
418.790277945239
30
0.0
40
249.311444365876
210
0.0
220
0.0
230
1.0
100
AcDbArc
50
194.421944358483
51
194.654276782491
0
ARC
5
520
330
70
100
AcDbEntity
67
0
8
0
62
256
6
ByLayer
370
-1
48
1.0
60
0
100
AcDbCircle
39
0.0
10
598.331619137584
20
418.797788408838
30
0.0
40
249.34144727971
210
0.0
220
0.0
230
1.0
100
AcDbArc
50
194.189749824778
51
194.421953353858
0
ARC
5
521
330
70
100
AcDbEntity
67
0
8
0
62
256
6
ByLayer
370
-1
48
1.0
60
0
100
AcDbCircle
39
0.0
10
598.348659151792
20
418.802119993866
30
0.0
40
249.359029208333
210
0.0
220
0.0
230
1.0
100
AcDbArc
50
193.957670720648
51
194.189754957664
0
ARC
5
522
330
70
100
AcDbEntity
67
0
8
0
62
256
6
ByLayer
370
-1
48
1.0
60
0
100
AcDbCircle
39
0.0
10
598.353596835817
20
418.803352842846
30
0.0
40
249.364118472561
210
0.0
220
0.0
230
1.0
100
AcDbArc
50
193.725697389934
51
193.957671973821
0
ARC
5
523
330
70
100
AcDbEntity
67
0
8
0
62
256
6
ByLayer
370
-1
48
1.0
60
0
100
AcDbCircle
39
0.0
10
598.346341277482
20
418.801568836138
30
0.0
40
249.356646814493
210
0.0
220
0.0
230
1.0
100
AcDbArc
50
193.493820140399
51
193.725694746127
0
ARC
5
524
330
70
100
AcDbEntity
67
0
8
0
62
256
6
ByLayer
370
-1
48
1.0
60
0
100
AcDbCircle
39
0.0
10
598.326804899069
20
418.796851445823
30
0.0
40
249.336548977835
210
0.0
220
0.0
230
1.0
100
AcDbArc
50
193.262029243308
51
193.49381358229
0
ARC
5
525
330
70
100
AcDbEntity
67
0
8
0
62
256
6
ByLayer
370
-1
48
1.0
60
0
100
AcDbCircle
39
0.0
10
598.294904011926
20
418.789285821407
30
0.0
40
249.303763261589
210
0.0
220
0.0
230
1.0
100
AcDbArc
50
193.030314933517
51
193.262018753553
0
ARC
5
526
330
70
100
AcDbEntity
67
0
8
0
62
256
6
ByLayer
370
-1
48
1.0
60
0
100
AcDbCircle
39
0.0
10
598.250558332585
20
418.778958623542
30
0.0
40
249.258231005488
210
0.0
220
0.0
230
1.0
100
AcDbArc
50
192.798667408973
51
193.030300494714
0
ARC
5
527
330
70
100
AcDbEntity
67
0
8
0
62
256
6
ByLayer
370
-1
48
1.0
60
0
100
AcDbCircle
39
0.0
10
598.193691653687
20
418.765958131137
30
0.0
40
249.199897262578
210
0.0
220
0.0
230
1.0
100
AcDbArc
50
192.567076830832
51
192.798649003678
0
ARC
5
528
330
70
100
AcDbEntity
67
0
8
0
62
256
6
ByLayer
370
-1
48
1.0
60
0
100
AcDbCircle
39
0.0
10
598.124231295073
20
418.750374062351
30
0.0
40
249.128710219243
210
0.0
220
0.0
230
1.0
100
AcDbArc
50
192.335533322906
51
192.567054441477
0
ARC
5
529
330
70
100
AcDbEntity
67
0
8
0
62
256
6
ByLayer
370
-1
48
1.0
60
0
100
AcDbCircle
39
0.0
10
598.04210841089
20
418.732297595835
30
0.0
40
249.044621494762
210
0.0
220
0.0
230
1.0
100
AcDbArc
50
192.104026971548
51
192.33550693193
0
ARC
5
52A
330
70
100
AcDbEntity
67
0
8
0
62
256
6
ByLayer
370
-1
48
1.0
60
0
100
AcDbCircle
39
0.0
10
597.947258256141
20
418.711821376331
30
0.0
40
248.947586398247
210
0.0
220
0.0
230
1.0
100
AcDbArc
50
191.872547825539
51
192.103996561326
0
ARC
5
52B
330
70
100
AcDbEntity
67
0
8
0
62
256
6
ByLayer
370
-1
48
1.0
60
0
100
AcDbCircle
39
0.0
10
597.83961996641
20
418.689039412421
30
0.0
40
248.837563687391
210
0.0
220
0.0
230
1.0
100
AcDbArc
50
191.64108589563
51
191.87251337824
0
ARC
5
52C
330
70
100
AcDbEntity
67
0
8
0
62
256
6
ByLayer
370
-1
48
1.0
60
0
100
AcDbCircle
39
0.0
10
597.719136355797
20
418.66404698456
30
0.0
40
248.714515347585
210
0.0
220
0.0
230
1.0
100
AcDbArc
50
191.409631154174
51
191.641047393399
0
ARC
5
52D
330
70
100
AcDbEntity
67
0
8
0
62
256
6
ByLayer
370
-1
48
1.0
60
0
100
AcDbCircle
39
0.0
10
597.585754539382
20
418.636940723364
30
0.0
40
248.578407213335
210
0.0
220
0.0
230
1.0
100
AcDbArc
50
191.178173535114
51
191.409588579142
0
ARC
5
52E
330
70
100
AcDbEntity
67
0
8
0
62
256
6
ByLayer
370
-1
48
1.0
60
0
100
AcDbCircle
39
0.0
10
597.439425709309
20
418.60781850722
30
0.0
40
248.429208724676
210
0.0
220
0.0
230
1.0
100
AcDbArc
50
190.946702933552
51
191.17812686924
0
ARC
5
52F
330
70
100
AcDbEntity
67
0
8
0
62
256
6
ByLayer
370
-1
48
1.0
60
0
100
AcDbCircle
39
0.0
10
597.280104943998
20
418.576779372288
30
0.0
40
248.266892718935
210
0.0
220
0.0
230
1.0
100
AcDbArc
50
190.715209205288
51
190.94665215867
0
ARC
5
530
330
70
100
AcDbEntity
67
0
8
0
62
256
6
ByLayer
370
-1
48
1.0
60
0
100
AcDbCircle
39
0.0
10
597.107751637651
20
418.543923544296
30
0.0
40
248.091435855039
210
0.0
220
0.0
230
1.0
100
AcDbArc
50
190.483682166739
51
190.715154303171
0
ARC
5
531
330
70
100
AcDbEntity
67
0
8
0
62
256
6
ByLayer
370
-1
48
1.0
60
0
100
AcDbCircle
39
0.0
10
596.922329220215
20
418.509352329677
30
0.0
40
247.902818314905
210
0.0
220
0.0
230
1.0
100
AcDbArc
50
190.252111594396
51
190.483623119007
0
ARC
5
532
330
70
100
AcDbEntity
67
0
8
0
62
256
6
ByLayer
370
-1
48
1.0
60
0
100
AcDbCircle
39
0.0
10
596.723805312381
20
418.473168092376
30
0.0
40
247.701023948607
210
0.0
220
0.0
230
1.0
100
AcDbArc
50
190.020487224567
51
190.252048382606
0
ARC
5
533
330
70
100
AcDbEntity
67
0
8
0
62
256
6
ByLayer
370
-1
48
1.0
60
0
100
AcDbCircle
39
0.0
10
596.512151884268
20
418.435474227733
30
0.0
40
247.486040423082
210
0.0
220
0.0
230
1.0
100
AcDbArc
50
189.788798753092
51
190.020419830161
0
ARC
5
534
330
70
100
AcDbEntity
67
0
8
0
62
256
6
ByLayer
370
-1
48
1.0
60
0
100
AcDbCircle
39
0.0
10
596.287345129094
20
418.396375084039
30
0.0
40
247.25785908147
210
0.0
220
0.0
230
1.0
100
AcDbArc
50
189.557035834874
51
189.788727157319
0
ARC
5
535
330
70
100
AcDbEntity
67
0
8
0
62
256
6
ByLayer
370
-1
48
1.0
60
0
100
AcDbCircle
39
0.0
10
596.049365415692
20
418.355975900944
30
0.0
40
247.016474883473
210
0.0
220
0.0
230
1.0
100
AcDbArc
50
189.325188083489
51
189.556960018872
0
ARC
5
536
330
70
100
AcDbEntity
67
0
8
0
62
256
6
ByLayer
370
-1
48
1.0
60
0
100
AcDbCircle
39
0.0
10
595.798197489055
20
418.314382789559
30
0.0
40
246.76188659763
210
0.0
220
0.0
230
1.0
100
AcDbArc
50
189.093245070894
51
189.325108028304
0
ARC
5
537
330
70
100
AcDbEntity
67
0
8
0
62
256
6
ByLayer
370
-1
48
1.0
60
0
100
AcDbCircle
39
0.0
10
595.533830416692
20
418.271702667635
30
0.0
40
246.494096735905
210
0.0
220
0.0
230
1.0
100
AcDbArc
50
188.861196326998
51
189.09316075744
0
ARC
5
538
330
70
100
AcDbEntity
67
0
8
0
62
256
6
ByLayer
370
-1
48
1.0
60
0
100
AcDbCircle
39
0.0
10
595.256257677011
20
418.228043218299
30
0.0
40
246.213111632678
210
0.0
220
0.0
230
1.0
100
AcDbArc
50
188.629031339305
51
188.861107736039
0
ARC
5
539
330
70
100
AcDbEntity
67
0
8
0
62
256
6
ByLayer
370
-1
48
1.0
60
0
100
AcDbCircle
39
0.0
10
594.965477027323
20
418.183512813733
30
0.0
40
245.918941301024
210
0.0
220
0.0
230
1.0
100
AcDbArc
50
188.396739552426
51
188.62893845145
0
ARC
5
53A
330
70
100
AcDbEntity
67
0
8
0
62
256
6
ByLayer
370
-1
48
1.0
60
0
100
AcDbCircle
39
0.0
10
594.661490722647
20
418.138220493606
30
0.0
40
245.611599644482
210
0.0
220
0.0
230
1.0
100
AcDbArc
50
188.164310367792
51
188.396642348145
0
ARC
5
53B
330
70
100
AcDbEntity
67
0
8
0
62
256
6
ByLayer
370
-1
48
1.0
60
0
100
AcDbCircle
39
0.0
10
594.344305319899
20
418.092275879535
30
0.0
40
245.291104249725
210
0.0
220
0.0
230
1.0
100
AcDbArc
50
187.931733143144
51
188.16420882741
0
ARC
5
53C
330
70
100
AcDbEntity
67
0
8
0
62
256
6
ByLayer
370
-1
48
1.0
60
0
100
AcDbCircle
39
0.0
10
594.013931735286
20
418.045789129174
30
0.0
40
244.957476435961
210
0.0
220
0.0
230
1.0
100
AcDbArc
50
187.698997192103
51
187.931627246882
0
ARC
5
53D
330
70
100
AcDbEntity
67
0
8
0
62
256
6
ByLayer
370
-1
48
1.0
60
0
100
AcDbCircle
39
0.0
10
593.670385640746
20
417.998870934549
30
0.0
40
244.61074164666
210
0.0
220
0.0
230
1.0
100
AcDbArc
50
187.466091783992
51
187.698886920005
0
ARC
5
53E
330
70
100
AcDbEntity
67
0
8
0
62
256
6
ByLayer
370
-1
48
1.0
60
0
100
AcDbCircle
39
0.0
10
593.313686702147
20
417.95163236077
30
0.0
40
244.25092867254
210
0.0
220
0.0
230
1.0
100
AcDbArc
50
187.233006142989
51
187.465977115927
0
ARC
5
53F
330
70
100
AcDbEntity
67
0
8
0
62
256
6
ByLayer
370
-1
48
1.0
60
0
100
AcDbCircle
39
0.0
10
592.94385937088
20
417.904184898082
30
0.0
40
243.878070442982
210
0.0
220
0.0
230
1.0
100
AcDbArc
50
186.999729448114
51
187.232887058736
0
ARC
5
540
330
70
100
AcDbEntity
67
0
8
0
62
256
6
ByLayer
370
-1
48
1.0
60
0
100
AcDbCircle
39
0.0
10
592.560932343976
20
417.856640333354
30
0.0
40
243.492203474223
210
0.0
220
0.0
230
1.0
100
AcDbArc
50
186.766250832528
51
186.999605927286
0
ARC
5
541
330
70
100
AcDbEntity
67
0
8
0
62
256
6
ByLayer
370
-1
48
1.0
60
0
100
AcDbCircle
39
0.0
10
592.164938990881
20
417.809110747734
30
0.0
40
243.093368292863
210
0.0
220
0.0
230
1.0
100
AcDbArc
50
186.532559383307
51
186.766122854564
0
ARC
5
542
330
70
100
AcDbEntity
67
0
8
0
62
256
6
ByLayer
370
-1
48
1.0
60
0
100
AcDbCircle
39
0.0
10
591.755916876576
20
417.761708402071
30
0.0
40
242.68160894922
210
0.0
220
0.0
230
1.0
100
AcDbArc
50
186.298644140774
51
186.532426927486
0
ARC
5
543
330
70
100
AcDbEntity
67
0
8
0
62
256
6
ByLayer
370
-1
48
1.0
60
0
100
AcDbCircle
39
0.0
10
591.333908184347
20
417.714545731647
30
0.0
40
242.25697343741
210
0.0
220
0.0
230
1.0
100
AcDbArc
50
186.064494098291
51
186.298507186279
0
ARC
5
544
330
70
100
AcDbEntity
67
0
8
0
62
256
6
ByLayer
370
-1
48
1.0
60
0
100
AcDbCircle
39
0.0
10
590.898959547922
20
417.667735268633
30
0.0
40
241.819513520841
210
0.0
220
0.0
230
1.0
100
AcDbArc
50
185.830098201725
51
186.064352624107
0
ARC
5
545
330
70
100
AcDbEntity
67
0
8
0
62
256
6
ByLayer
370
-1
48
1.0
60
0
100
AcDbCircle
39
0.0
10
590.451121969998
20
417.621389577391
30
0.0
40
241.369284645463
210
0.0
220
0.0
230
1.0
100
AcDbArc
50
185.595445348987
51
185.829952186681
0
ARC
5
546
330
70
100
AcDbEntity
67
0
8
0
62
256
6
ByLayer
370
-1
48
1.0
60
0
100
AcDbCircle
39
0.0
10
589.990450858256
20
417.575621202936
30
0.0
40
240.906345971679
210
0.0
220
0.0
230
1.0
100
AcDbArc
50
185.360524389638
51
185.595294771825
0
ARC
5
547
330
70
100
AcDbEntity
67
0
8
0
62
256
6
ByLayer
370
-1
48
1.0
60
0
100
AcDbCircle
39
0.0
10
589.517006246737
20
417.530542635214
30
0.0
40
240.430760592728
210
0.0
220
0.0
230
1.0
100
AcDbArc
50
185.125324124559
51
185.360369228914
0
ARC
5
548
330
70
100
AcDbEntity
67
0
8
0
62
256
6
ByLayer
370
-1
48
1.0
60
0
100
AcDbCircle
39
0.0
10
589.030852375059
20
417.486266211476
30
0.0
40
239.942595108403
210
0.0
220
0.0
230
1.0
100
AcDbArc
50
184.889833305323
51
185.12516435865
0
ARC
5
549
330
70
100
AcDbEntity
67
0
8
0
62
256
6
ByLayer
370
-1
48
1.0
60
0
100
AcDbCircle
39
0.0
10
588.53205791997
20
417.442904083286
30
0.0
40
239.441919854745
210
0.0
220
0.0
230
1.0
100
AcDbArc
50
184.654040633888
51
184.889668912502
0
ARC
5
54A
330
70
100
AcDbEntity
67
0
8
0
62
256
6
ByLayer
370
-1
48
1.0
60
0
100
AcDbCircle
39
0.0
10
588.020696070845
20
417.400568165366
30
0.0
40
238.928808977148
210
0.0
220
0.0
230
1.0
100
AcDbArc
50
184.417934762269
51
184.65387159229
0
ARC
5
54B
330
70
100
AcDbEntity
67
0
8
0
62
256
6
ByLayer
370
-1
48
1.0
60
0
100
AcDbCircle
39
0.0
10
587.496844101957
20
417.359370043861
30
0.0
40
238.403339999067
210
0.0
220
0.0
230
1.0
100
AcDbArc
50
184.181504291838
51
184.417761049885
0
ARC
5
54C
330
70
100
AcDbEntity
67
0
8
0
62
256
6
ByLayer
370
-1
48
1.0
60
0
100
AcDbCircle
39
0.0
10
586.960584016315
20
417.319420971808
30
0.0
40
237.865594466311
210
0.0
220
0.0
230
1.0
100
AcDbArc
50
183.944737773342
51
184.181325886559
0
ARC
5
54D
330
70
100
AcDbEntity
67
0
8
0
62
256
6
ByLayer
370
-1
48
1.0
60
0
100
AcDbCircle
39
0.0
10
586.412001771568
20
417.280831752544
30
0.0
40
237.31565716945
210
0.0
220
0.0
230
1.0
100
AcDbArc
50
183.707623706028
51
183.944554652853
0
ARC
5
54E
330
70
100
AcDbEntity
67
0
8
0
62
256
6
ByLayer
370
-1
48
1.0
60
0
100
AcDbCircle
39
0.0
10
585.429945584655
20
417.217399461174
30
0.0
40
236.331554549013
210
0.0
220
0.0
230
1.0
100
AcDbArc
50
183.469964658209
51
183.707673459617
0
ARC
5
54F
330
70
100
AcDbEntity
67
0
8
0
62
256
6
ByLayer
370
-1
48
1.0
60
0
100
AcDbCircle
39
0.0
10
590.813960850242
20
417.546191302804
30
0.0
40
241.725599338697
210
0.0
220
0.0
230
1.0
100
AcDbArc
50
183.238347400582
51
183.470514552313
0
ARC
5
550
330
70
100
AcDbEntity
67
0
8
0
62
256
6
ByLayer
370
-1
48
1.0
60
0
100
AcDbCircle
39
0.0
10
590.577449080674
20
417.532492353545
30
0.0
40
241.488691386046
210
0.0
220
0.0
230
1.0
100
AcDbArc
50
183.006131019113
51
183.238272286976
0
ARC
5
551
330
70
100
AcDbEntity
67
0
8
0
62
256
6
ByLayer
370
-1
48
1.0
60
0
100
AcDbCircle
39
0.0
10
590.370650079071
20
417.521355610026
30
0.0
40
241.281592912573
210
0.0
220
0.0
230
1.0
100
AcDbArc
50
182.773970644114
51
183.006065408511
0
ARC
5
552
330
70
100
AcDbEntity
67
0
8
0
62
256
6
ByLayer
370
-1
48
1.0
60
0
100
AcDbCircle
39
0.0
10
590.193570964016
20
417.512539349532
30
0.0
40
241.104294622402
210
0.0
220
0.0
230
1.0
100
AcDbArc
50
182.541886960047
51
182.773914559565
0
ARC
5
553
330
70
100
AcDbEntity
67
0
8
0
62
256
6
ByLayer
370
-1
48
1.0
60
0
100
AcDbCircle
39
0.0
10
590.046224108773
20
417.505802204888
30
0.0
40
240.956793956173
210
0.0
220
0.0
230
1.0
100
AcDbArc
50
182.30990068131
51
182.541840420813
0
ARC
5
554
330
70
100
AcDbEntity
67
0
8
0
62
256
6
ByLayer
370
-1
48
1.0
60
0
100
AcDbCircle
39
0.0
10
589.928627593175
20
417.500903124267
30
0.0
40
240.839095539449
210
0.0
220
0.0
230
1.0
100
AcDbArc
50
182.078032544441
51
182.309863702815
0
ARC
5
555
330
70
100
AcDbEntity
67
0
8
0
62
256
6
ByLayer
370
-1
48
1.0
60
0
100
AcDbCircle
39
0.0
10
589.840804776271
20
417.497601290465
30
0.0
40
240.751210751179
210
0.0
220
0.0
230
1.0
100
AcDbArc
50
181.84630329989
51
182.078005138282
0
ARC
5
556
330
70
100
AcDbEntity
67
0
8
0
62
256
6
ByLayer
370
-1
48
1.0
60
0
100
AcDbCircle
39
0.0
10
589.78278487202
20
417.495656081227
30
0.0
40
240.693158296286
210
0.0
220
0.0
230
1.0
100
AcDbArc
50
181.614733704236
51
181.846285473806
0
ARC
5
557
330
70
100
AcDbEntity
67
0
8
0
62
256
6
ByLayer
370
-1
48
1.0
60
0
100
AcDbCircle
39
0.0
10
589.754602496835
20
417.494826989392
30
0.0
40
240.66496374955
210
0.0
220
0.0
230
1.0
100
AcDbArc
50
181.383344511924
51
181.614725462105
0
ARC
5
558
330
70
100
AcDbEntity
67
0
8
0
62
256
6
ByLayer
370
-1
48
1.0
60
0
100
AcDbCircle
39
0.0
10
589.75629807683
20
417.494873573535
30
0.0
40
240.666659959983
210
0.0
220
0.0
230
1.0
100
AcDbArc
50
181.152156467405
51
181.383345853836
0
ARC
5
559
330
70
100
AcDbEntity
67
0
8
0
62
256
6
ByLayer
370
-1
48
1.0
60
0
100
AcDbCircle
39
0.0
10
589.787917963581
20
417.495555393999
30
0.0
40
240.698287163657
210
0.0
220
0.0
230
1.0
100
AcDbArc
50
180.921190297125
51
181.152167389523
0
ARC
5
55A
330
70
100
AcDbEntity
67
0
8
0
62
256
6
ByLayer
370
-1
48
1.0
60
0
100
AcDbCircle
39
0.0
10
589.849514086634
20
417.496631940323
30
0.0
40
240.759892633483
210
0.0
220
0.0
230
1.0
100
AcDbArc
50
180.690466701318
51
180.921210791744
0
ARC
5
55B
330
70
100
AcDbEntity
67
0
8
0
62
256
6
ByLayer
370
-1
48
1.0
60
0
100
AcDbCircle
39
0.0
10
589.941144408283
20
417.497862575732
30
0.0
40
240.851531131683
210
0.0
220
0.0
230
1.0
100
AcDbArc
50
180.460006346199
51
180.690496756932
0
ARC
5
55C
330
70
100
AcDbEntity
67
0
8
0
62
256
6
ByLayer
370
-1
48
1.0
60
0
100
AcDbCircle
39
0.0
10
590.062872828207
20
417.499006468176
30
0.0
40
240.973264812236
210
0.0
220
0.0
230
1.0
100
AcDbArc
50
180.229829855956
51
180.460045947492
0
ARC
5
55D
330
70
100
AcDbEntity
67
0
8
0
62
256
6
ByLayer
370
-1
48
1.0
60
0
100
AcDbCircle
39
0.0
10
590.21476944423
20
417.499822524755
30
0.0
40
241.125163479738
210
0.0
220
0.0
230
1.0
100
AcDbArc
50
179.999957804851
51
180.229878983711
0
ARC
5
55E
330
70
100
AcDbEntity
67
0
8
0
62
256
6
ByLayer
370
-1
48
1.0
60
0
100
AcDbCircle
39
0.0
10
589.936934103373
20
417.499897024433
30
0.0
40
240.847328138837
210
0.0
220
0.0
230
1.0
100
AcDbArc
50
179.770141933032
51
179.999975479093
0
ARC
5
55F
330
70
100
AcDbEntity
67
0
8
0
62
256
6
ByLayer
370
-1
48
1.0
60
0
100
AcDbCircle
39
0.0
10
585.89016581885
20
417.515241542291
30
0.0
40
236.800530862391
210
0.0
220
0.0
230
1.0
100
AcDbArc
50
179.535918545071
51
179.769926516272
0
ARC
5
560
330
70
100
AcDbEntity
67
0
8
0
62
256
6
ByLayer
370
-1
48
1.0
60
0
100
AcDbCircle
39
0.0
10
585.269988107525
20
417.518689093319
30
0.0
40
236.180345575888
210
0.0
220
0.0
230
1.0
100
AcDbArc
50
179.300665193407
51
179.535536268623
0
ARC
5
561
330
70
100
AcDbEntity
67
0
8
0
62
256
6
ByLayer
370
-1
48
1.0
60
0
100
AcDbCircle
39
0.0
10
585.79074773089
20
417.513042588338
30
0.0
40
236.701135327484
210
0.0
220
0.0
230
1.0
100
AcDbArc
50
179.066238944832
51
179.300837053512
0
ARC
5
562
330
70
100
AcDbEntity
67
0
8
0
62
256
6
ByLayer
370
-1
48
1.0
60
0
100
AcDbCircle
39
0.0
10
586.297679854736
20
417.505470701643
30
0.0
40
237.208123528647
210
0.0
220
0.0
230
1.0
100
AcDbArc
50
178.832068227049
51
179.066405688628
0
ARC
5
563
330
70
100
AcDbEntity
67
0
8
0
62
256
6
ByLayer
370
-1
48
1.0
60
0
100
AcDbCircle
39
0.0
10
586.790725687785
20
417.496089753808
30
0.0
40
237.701258141907
210
0.0
220
0.0
230
1.0
100
AcDbArc
50
178.598140827596
51
178.832229887789
0
ARC
5
564
330
70
100
AcDbEntity
67
0
8
0
62
256
6
ByLayer
370
-1
48
1.0
60
0
100
AcDbCircle
39
0.0
10
587.269831559615
20
417.485016333377
30
0.0
40
238.180491523535
210
0.0
220
0.0
230
1.0
100
AcDbArc
50
178.364444606589
51
178.598297438208
0
ARC
5
565
330
70
100
AcDbEntity
67
0
8
0
62
256
6
ByLayer
370
-1
48
1.0
60
0
100
AcDbCircle
39
0.0
10
587.734948789038
20
417.472367235949
30
0.0
40
238.645780292873
210
0.0
220
0.0
230
1.0
100
AcDbArc
50
178.130967495771
51
178.364596199664
0
ARC
5
566
330
70
100
AcDbEntity
67
0
8
0
62
256
6
ByLayer
370
-1
48
1.0
60
0
100
AcDbCircle
39
0.0
10
588.186033951229
20
417.458259393023
30
0.0
40
239.097085601052
210
0.0
220
0.0
230
1.0
100
AcDbArc
50
177.897697497825
51
178.13111410354
0
ARC
5
567
330
70
100
AcDbEntity
67
0
8
0
62
256
6
ByLayer
370
-1
48
1.0
60
0
100
AcDbCircle
39
0.0
10
588.623048427365
20
417.442809821946
30
0.0
40
239.534372682415
210
0.0
220
0.0
230
1.0
100
AcDbArc
50
177.664622685266
51
177.897839152145
0
ARC
5
568
330
70
100
AcDbEntity
67
0
8
0
62
256
6
ByLayer
370
-1
48
1.0
60
0
100
AcDbCircle
39
0.0
10
589.045958809661
20
417.426135550866
30
0.0
40
239.957611262212
210
0.0
220
0.0
230
1.0
100
AcDbArc
50
177.431731199899
51
177.664759417751
0
ARC
5
569
330
70
100
AcDbEntity
67
0
8
0
62
256
6
ByLayer
370
-1
48
1.0
60
0
100
AcDbCircle
39
0.0
10
589.454736778778
20
417.40835355787
30
0.0
40
240.366775436976
210
0.0
220
0.0
230
1.0
100
AcDbArc
50
177.199011251847
51
177.431863041735
0
ARC
5
56A
330
70
100
AcDbEntity
67
0
8
0
62
256
6
ByLayer
370
-1
48
1.0
60
0
100
AcDbCircle
39
0.0
10
589.849358907749
20
417.389580717594
30
0.0
40
240.761843481691
210
0.0
220
0.0
230
1.0
100
AcDbArc
50
176.966451118742
51
177.199138233926
0
ARC
5
56B
330
70
100
AcDbEntity
67
0
8
0
62
256
6
ByLayer
370
-1
48
1.0
60
0
100
AcDbCircle
39
0.0
10
590.229806865758
20
417.369933730118
30
0.0
40
241.142798057695
210
0.0
220
0.0
230
1.0
100
AcDbArc
50
176.734039144998
51
176.966573271656
0
ARC
5
56C
330
70
100
AcDbEntity
67
0
8
0
62
256
6
ByLayer
370
-1
48
1.0
60
0
100
AcDbCircle
39
0.0
10
590.596067324838
20
417.349529062596
30
0.0
40
241.509626123718
210
0.0
220
0.0
230
1.0
100
AcDbArc
50
176.501763741005
51
176.734156499022
0
ARC
5
56D
330
70
100
AcDbEntity
67
0
8
0
62
256
6
ByLayer
370
-1
48
1.0
60
0
100
AcDbCircle
39
0.0
10
590.948131881331
20
417.328482892035
30
0.0
40
241.862318862085
210
0.0
220
0.0
230
1.0
100
AcDbArc
50
176.26961338232
51
176.501876326113
0
ARC
5
56E
330
70
100
AcDbEntity
67
0
8
0
62
256
6
ByLayer
370
-1
48
1.0
60
0
100
AcDbCircle
39
0.0
10
591.285997254128
20
417.30691103147
30
0.0
40
242.200871882691
210
0.0
220
0.0
230
1.0
100
AcDbArc
50
176.037576609052
51
176.269721228176
0
ARC
5
56F
330
70
100
AcDbEntity
67
0
8
0
62
256
6
ByLayer
370
-1
48
1.0
60
0
100
AcDbCircle
39
0.0
10
591.6096649671
20
417.284928887645
30
0.0
40
242.525284910693
210
0.0
220
0.0
230
1.0
100
AcDbArc
50
175.805642024953
51
176.037679744974
0
ARC
5
570
330
70
100
AcDbEntity
67
0
8
0
62
256
6
ByLayer
370
-1
48
1.0
60
0
100
AcDbCircle
39
0.0
10
591.919141405058
20
417.262651398216
30
0.0
40
242.835561848744
210
0.0
220
0.0
230
1.0
100
AcDbArc
50
175.573798296731
51
175.805740480005
0
ARC
5
571
330
70
100
AcDbEntity
67
0
8
0
62
256
6
ByLayer
370
-1
48
1.0
60
0
100
AcDbCircle
39
0.0
10
592.214437931955
20
417.240192962586
30
0.0
40
243.131710902227
210
0.0
220
0.0
230
1.0
100
AcDbArc
50
175.342034153444
51
175.57389209974
0
ARC
5
572
330
70
100
AcDbEntity
67
0
8
0
62
256
6
ByLayer
370
-1
48
1.0
60
0
100
AcDbCircle
39
0.0
10
592.495570846026
20
417.21766738294
30
0.0
40
243.4137445416
210
0.0
220
0.0
230
1.0
100
AcDbArc
50
175.110338385773
51
175.342123332895
0
ARC
5
573
330
70
100
AcDbEntity
67
0
8
0
62
256
6
ByLayer
370
-1
48
1.0
60
0
100
AcDbCircle
39
0.0
10
592.762561074246
20
417.195187829039
30
0.0
40
243.681679203483
210
0.0
220
0.0
230
1.0
100
AcDbArc
50
174.878699845211
51
175.110422969869
0
ARC
5
574
330
70
100
AcDbEntity
67
0
8
0
62
256
6
ByLayer
370
-1
48
1.0
60
0
100
AcDbCircle
39
0.0
10
593.015434422986
20
417.172866759185
30
0.0
40
243.935535550119
210
0.0
220
0.0
230
1.0
100
AcDbArc
50
174.647107443547
51
174.87877986193
0
ARC
5
575
330
70
100
AcDbEntity
67
0
8
0
62
256
6
ByLayer
370
-1
48
1.0
60
0
100
AcDbCircle
39
0.0
10
593.254221462377
20
417.150815869792
30
0.0
40
244.175338361908
210
0.0
220
0.0
230
1.0
100
AcDbArc
50
174.415550152185
51
174.6471829206
0
ARC
5
576
330
70
100
AcDbEntity
67
0
8
0
62
256
6
ByLayer
370
-1
48
1.0
60
0
100
AcDbCircle
39
0.0
10
593.478957420605
20
417.129146046353
30
0.0
40
244.401116440164
210
0.0
220
0.0
230
1.0
100
AcDbArc
50
174.184017001482
51
174.415621117039
0
ARC
5
577
330
70
100
AcDbEntity
67
0
8
0
62
256
6
ByLayer
370
-1
48
1.0
60
0
100
AcDbCircle
39
0.0
10
593.689682224672
20
417.10796730127
30
0.0
40
244.61290265739
210
0.0
220
0.0
230
1.0
100
AcDbArc
50
173.952497080156
51
174.184083481351
0
ARC
5
578
330
70
100
AcDbEntity
67
0
8
0
62
256
6
ByLayer
370
-1
48
1.0
60
0
100
AcDbCircle
39
0.0
10
593.886440433677
20
417.087388722168
30
0.0
40
244.810733900014
210
0.0
220
0.0
230
1.0
100
AcDbArc
50
173.720979534725
51
173.952559102036
0
ARC
5
579
330
70
100
AcDbEntity
67
0
8
0
62
256
6
ByLayer
370
-1
48
1.0
60
0
100
AcDbCircle
39
0.0
10
594.069281139922
20
417.067518424457
30
0.0
40
244.994650979143
210
0.0
220
0.0
230
1.0
100
AcDbArc
50
173.489453568845
51
173.721037125355
0
ARC
5
57A
330
70
100
AcDbEntity
67
0
8
0
62
256
6
ByLayer
370
-1
48
1.0
60
0
100
AcDbCircle
39
0.0
10
594.23825804155
20
417.048463486449
30
0.0
40
245.164698714177
210
0.0
220
0.0
230
1.0
100
AcDbArc
50
173.257908442869
51
173.489506754762
0
ARC
5
57B
330
70
100
AcDbEntity
67
0
8
0
62
256
6
ByLayer
370
-1
48
1.0
60
0
100
AcDbCircle
39
0.0
10
594.393429173955
20
417.030329922703
30
0.0
40
245.320925673509
210
0.0
220
0.0
230
1.0
100
AcDbArc
50
173.026333473159
51
173.257957250399
0
ARC
5
57C
330
70
100
AcDbEntity
67
0
8
0
62
256
6
ByLayer
370
-1
48
1.0
60
0
100
AcDbCircle
39
0.0
10
594.534857156204
20
417.01322259966
30
0.0
40
245.463384433904
210
0.0
220
0.0
230
1.0
100
AcDbArc
50
172.794718031726
51
173.026377928439
0
ARC
5
57D
330
70
100
AcDbEntity
67
0
8
0
62
256
6
ByLayer
370
-1
48
1.0
60
0
100
AcDbCircle
39
0.0
10
594.662608898325
20
416.997245213819
30
0.0
40
245.592131297563
210
0.0
220
0.0
230
1.0
100
AcDbArc
50
172.563051545623
51
172.794758160688
0
ARC
5
57E
330
70
100
AcDbEntity
67
0
8
0
62
256
6
ByLayer
370
-1
48
1.0
60
0
100
AcDbCircle
39
0.0
10
594.776755671728
20
416.982500228209
30
0.0
40
245.707226375141
210
0.0
220
0.0
230
1.0
100
AcDbArc
50
172.331323496495
51
172.563087373996
0
ARC
5
57F
330
70
100
AcDbEntity
67
0
8
0
62
256
6
ByLayer
370
-1
48
1.0
60
0
100
AcDbCircle
39
0.0
10
594.877372969457
20
416.969088835463
30
0.0
40
245.808733457359
210
0.0
220
0.0
230
1.0
100
AcDbArc
50
172.099523420114
51
172.331355049848
0
ARC
5
580
330
70
100
AcDbEntity
67
0
8
0
62
256
6
ByLayer
370
-1
48
1.0
60
0
100
AcDbCircle
39
0.0
10
594.964540461038
20
416.957110910049
30
0.0
40
245.896719982234
210
0.0
220
0.0
230
1.0
100
AcDbArc
50
171.867640905905
51
172.099550723863
0
ARC
5
581
330
70
100
AcDbEntity
67
0
8
0
62
256
6
ByLayer
370
-1
48
1.0
60
0
100
AcDbCircle
39
0.0
10
595.038342111631
20
416.946664937454
30
0.0
40
245.971257168657
210
0.0
220
0.0
230
1.0
100
AcDbArc
50
171.635665596655
51
171.867663985309
0
ARC
5
582
330
70
100
AcDbEntity
67
0
8
0
62
256
6
ByLayer
370
-1
48
1.0
60
0
100
AcDbCircle
39
0.0
10
595.09886579875
20
416.937848014192
30
0.0
40
246.032419642995
210
0.0
220
0.0
230
1.0
100
AcDbArc
50
171.403587187914
51
171.635684476793
0
ARC
5
583
330
70
100
AcDbEntity
67
0
8
0
62
256
6
ByLayer
370
-1
48
1.0
60
0
100
AcDbCircle
39
0.0
10
595.146203525711
20
416.930755765484
30
0.0
40
246.080285668495
210
0.0
220
0.0
230
1.0
100
AcDbArc
50
171.171395427781
51
171.403601893756
0
ARC
5
584
330
70
100
AcDbEntity
67
0
8
0
62
256
6
ByLayer
370
-1
48
1.0
60
0
100
AcDbCircle
39
0.0
10
595.180451229815
20
416.92548232044
30
0.0
40
246.114936965774
210
0.0
220
0.0
230
1.0
100
AcDbArc
50
170.939080116468
51
171.171405984149
0
ARC
5
585
330
70
100
AcDbEntity
67
0
8
0
62
256
6
ByLayer
370
-1
48
1.0
60
0
100
AcDbCircle
39
0.0
10
595.201708727886
20
416.92212026921
30
0.0
40
246.136458672244
210
0.0
220
0.0
230
1.0
100
AcDbArc
50
170.706631106003
51
170.939086548092
0
ARC
5
586
330
70
100
AcDbEntity
67
0
8
0
62
256
6
ByLayer
370
-1
48
1.0
60
0
100
AcDbCircle
39
0.0
10
595.21007964514
20
416.920760623038
30
0.0
40
246.144939285021
210
0.0
220
0.0
230
1.0
100
AcDbArc
50
170.474038299846
51
170.70663343748
0
ARC
5
587
330
70
100
AcDbEntity
67
0
8
0
62
256
6
ByLayer
370
-1
48
1.0
60
0
100
AcDbCircle
39
0.0
10
595.205671432622
20
416.921492760919
30
0.0
40
246.140470693818
210
0.0
220
0.0
230
1.0
100
AcDbArc
50
170.24129165274
51
170.474036555727
0
ARC
5
588
330
70
100
AcDbEntity
67
0
8
0
62
256
6
ByLayer
370
-1
48
1.0
60
0
100
AcDbCircle
39
0.0
10
595.188595207274
20
416.924404404955
30
0.0
40
246.123148034572
210
0.0
220
0.0
230
1.0
100
AcDbArc
50
170.008381170296
51
170.241285857418
0
ARC
5
589
330
70
100
AcDbEntity
67
0
8
0
62
256
6
ByLayer
370
-1
48
1.0
60
0
100
AcDbCircle
39
0.0
10
595.158965686523
20
416.929581582785
30
0.0
40
246.093069638834
210
0.0
220
0.0
230
1.0
100
AcDbArc
50
169.775296908833
51
170.008371348116
0
ARC
5
58A
330
70
100
AcDbEntity
67
0
8
0
62
256
6
ByLayer
370
-1
48
1.0
60
0
100
AcDbCircle
39
0.0
10
595.116901089327
20
416.937108596347
30
0.0
40
246.050336949412
210
0.0
220
0.0
230
1.0
100
AcDbArc
50
169.542028975103
51
169.775283084095
0
ARC
5
58B
330
70
100
AcDbEntity
67
0
8
0
62
256
6
ByLayer
370
-1
48
1.0
60
0
100
AcDbCircle
39
0.0
10
595.062523311266
20
416.94706794137
30
0.0
40
245.995054714868
210
0.0
220
0.0
230
1.0
100
AcDbArc
50
169.308567526237
51
169.542011172024
0
ARC
5
58C
330
70
100
AcDbEntity
67
0
8
0
62
256
6
ByLayer
370
-1
48
1.0
60
0
100
AcDbCircle
39
0.0
10
594.995957391424
20
416.959540356381
30
0.0
40
245.927330464432
210
0.0
220
0.0
230
1.0
100
AcDbArc
50
169.074902769311
51
169.30854576895
0
ARC
5
58D
330
70
100
AcDbEntity
67
0
8
0
62
256
6
ByLayer
370
-1
48
1.0
60
0
100
AcDbCircle
39
0.0
10
594.917331868207
20
416.974604711254
30
0.0
40
245.847274886636
210
0.0
220
0.0
230
1.0
100
AcDbArc
50
168.841024961469
51
169.074877081984
0
ARC
5
58E
330
70
100
AcDbEntity
67
0
8
0
62
256
6
ByLayer
370
-1
48
1.0
60
0
100
AcDbCircle
39
0.0
10
594.826778385347
20
416.992338034727
30
0.0
40
245.755001445702
210
0.0
220
0.0
230
1.0
100
AcDbArc
50
168.606924409587
51
168.840995368245
0
ARC
5
58F
330
70
100
AcDbEntity
67
0
8
0
62
256
6
ByLayer
370
-1
48
1.0
60
0
100
AcDbCircle
39
0.0
10
594.724432016717
20
417.01281540504
30
0.0
40
245.650626730087
210
0.0
220
0.0
230
1.0
100
AcDbArc
50
168.372591470411
51
168.606890934593
0
ARC
5
590
330
70
100
AcDbEntity
67
0
8
0
62
256
6
ByLayer
370
-1
48
1.0
60
0
100
AcDbCircle
39
0.0
10
594.610430691853
20
417.036110017885
30
0.0
40
245.534269884775
210
0.0
220
0.0
230
1.0
100
AcDbArc
50
168.138016550217
51
168.372554137736
0
ARC
5
591
330
70
100
AcDbEntity
67
0
8
0
62
256
6
ByLayer
370
-1
48
1.0
60
0
100
AcDbCircle
39
0.0
10
594.484915458812
20
417.0622930906
30
0.0
40
245.406052897145
210
0.0
220
0.0
230
1.0
100
AcDbArc
50
167.903190104942
51
168.137975384015
0
ARC
5
592
330
70
100
AcDbEntity
67
0
8
0
62
256
6
ByLayer
370
-1
48
1.0
60
0
100
AcDbCircle
39
0.0
10
594.34803038879
20
417.091433836063
30
0.0
40
245.266100518269
210
0.0
220
0.0
230
1.0
100
AcDbArc
50
167.668102640165
51
167.903145129366
0
ARC
5
593
330
70
100
AcDbEntity
67
0
8
0
62
256
6
ByLayer
370
-1
48
1.0
60
0
100
AcDbCircle
39
0.0
10
594.199922277379
20
417.123599482777
30
0.0
40
245.114539976065
210
0.0
220
0.0
230
1.0
100
AcDbArc
50
167.432744710978
51
167.668053879391
0
ARC
5
594
330
70
100
AcDbEntity
67
0
8
0
62
256
6
ByLayer
370
-1
48
1.0
60
0
100
AcDbCircle
39
0.0
10
594.040740831394
20
417.158855192511
30
0.0
40
244.951501185092
210
0.0
220
0.0
230
1.0
100
AcDbArc
50
167.19710692218
51
167.432692189258
0
ARC
5
595
330
70
100
AcDbEntity
67
0
8
0
62
256
6
ByLayer
370
-1
48
1.0
60
0
100
AcDbCircle
39
0.0
10
593.870638415465
20
417.197264072851
30
0.0
40
244.777116506329
210
0.0
220
0.0
230
1.0
100
AcDbArc
50
166.961179928237
51
167.197050663803
0
ARC
5
596
330
70
100
AcDbEntity
67
0
8
0
62
256
6
ByLayer
370
-1
48
1.0
60
0
100
AcDbCircle
39
0.0
10
593.689769996279
20
417.238887149051
30
0.0
40
244.591520709124
210
0.0
220
0.0
230
1.0
100
AcDbArc
50
166.724954433368
51
166.961119957574
0
ARC
5
597
330
70
100
AcDbEntity
67
0
8
0
62
256
6
ByLayer
370
-1
48
1.0
60
0
100
AcDbCircle
39
0.0
10
593.498293151705
20
417.28378332096
30
0.0
40
244.394851000044
210
0.0
220
0.0
230
1.0
100
AcDbArc
50
166.488421191733
51
166.724890774894
0
ARC
5
598
330
70
100
AcDbEntity
67
0
8
0
62
256
6
ByLayer
370
-1
48
1.0
60
0
100
AcDbCircle
39
0.0
10
593.296367892037
20
417.332009363961
30
0.0
40
244.187246859131
210
0.0
220
0.0
230
1.0
100
AcDbArc
50
166.251571007513
51
166.488353870017
0
ARC
5
599
330
70
100
AcDbEntity
67
0
8
0
62
256
6
ByLayer
370
-1
48
1.0
60
0
100
AcDbCircle
39
0.0
10
592.953048838392
20
417.416312282362
30
0.0
40
243.833729012693
210
0.0
220
0.0
230
1.0
100
AcDbArc
50
166.01440400982
51
166.25164022497
0
ARC
5
59A
330
70
100
AcDbEntity
67
0
8
0
62
256
6
ByLayer
370
-1
48
1.0
60
0
100
AcDbCircle
39
0.0
10
594.345093198362
20
417.071445914089
30
0.0
40
245.26785493157
210
0.0
220
0.0
230
1.0
100
AcDbArc
50
165.778869247786
51
166.014820553474
0
ARC
5
59B
330
70
100
AcDbEntity
67
0
8
0
62
256
6
ByLayer
370
-1
48
1.0
60
0
100
AcDbCircle
39
0.0
10
594.96490579511
20
416.915269817224
30
0.0
40
245.907040243257
210
0.0
220
0.0
230
1.0
100
AcDbArc
50
165.543636478033
51
165.779073388583
0
ARC
5
59C
330
70
100
AcDbEntity
67
0
8
0
62
256
6
ByLayer
370
-1
48
1.0
60
0
100
AcDbCircle
39
0.0
10
595.575709113462
20
416.758692145747
30
0.0
40
246.537592793862
210
0.0
220
0.0
230
1.0
100
AcDbArc
50
165.308905066541
51
165.543836902618
0
ARC
5
59D
330
70
100
AcDbEntity
67
0
8
0
62
256
6
ByLayer
370
-1
48
1.0
60
0
100
AcDbCircle
39
0.0
10
596.177362052809
20
416.601828608512
30
0.0
40
247.159357790093
210
0.0
220
0.0
230
1.0
100
AcDbArc
50
165.074665687174
51
165.30910177167
0
ARC
5
59E
330
70
100
AcDbEntity
67
0
8
0
62
256
6
ByLayer
370
-1
48
1.0
60
0
100
AcDbCircle
39
0.0
10
596.76972615414
20
416.44479588827
30
0.0
40
247.772182242145
210
0.0
220
0.0
230
1.0
100
AcDbArc
50
164.84090901246
51
165.074858669914
0
ARC
5
59F
330
70
100
AcDbEntity
67
0
8
0
62
256
6
ByLayer
370
-1
48
1.0
60
0
100
AcDbCircle
39
0.0
10
597.352665646278
20
416.287711593136
30
0.0
40
248.375915010683
210
0.0
220
0.0
230
1.0
100
AcDbArc
50
164.607625714073
51
164.841098270121
0
ARC
5
5A0
330
70
100
AcDbEntity
67
0
8
0
62
256
6
ByLayer
370
-1
48
1.0
60
0
100
AcDbCircle
39
0.0
10
597.92604725983
20
416.130694271495
30
0.0
40
248.970406613364
210
0.0
220
0.0
230
1.0
100
AcDbArc
50
164.374806463072
51
164.607811244165
0
ARC
5
5A1
330
70
100
AcDbEntity
67
0
8
0
62
256
6
ByLayer
370
-1
48
1.0
60
0
100
AcDbCircle
39
0.0
10
598.489740428788
20
415.973863323373
30
0.0
40
249.555509432938
210
0.0
220
0.0
230
1.0
100
AcDbArc
50
164.142441930365
51
164.374988263367
0
ARC
5
5A2
330
70
100
AcDbEntity
67
0
8
0
62
256
6
ByLayer
370
-1
48
1.0
60
0
100
AcDbCircle
39
0.0
10
599.043617395566
20
415.817338934785
30
0.0
40
250.131077826463
210
0.0
220
0.0
230
1.0
100
AcDbArc
50
163.91052278711
51
164.142619998861
0
ARC
5
5A3
330
70
100
AcDbEntity
67
0
8
0
62
256
6
ByLayer
370
-1
48
1.0
60
0
100
AcDbCircle
39
0.0
10
599.58755317347
20
415.661242051227
30
0.0
40
250.696968087016
210
0.0
220
0.0
230
1.0
100
AcDbArc
50
163.679039704984
51
163.910697121984
0
ARC
5
5A4
330
70
100
AcDbEntity
67
0
8
0
62
256
6
ByLayer
370
-1
48
1.0
60
0
100
AcDbCircle
39
0.0
10
600.121425541967
20
415.505694342993
30
0.0
40
251.253038439534
210
0.0
220
0.0
230
1.0
100
AcDbArc
50
163.447983356448
51
163.679210304612
0
ARC
5
5A5
330
70
100
AcDbEntity
67
0
8
0
62
256
6
ByLayer
370
-1
48
1.0
60
0
100
AcDbCircle
39
0.0
10
600.645115307144
20
415.350818092033
30
0.0
40
251.79914931351
210
0.0
220
0.0
230
1.0
100
AcDbArc
50
163.217344415171
51
163.448150219404
0
ARC
5
5A6
330
70
100
AcDbEntity
67
0
8
0
62
256
6
ByLayer
370
-1
48
1.0
60
0
100
AcDbCircle
39
0.0
10
601.158506107089
20
415.196736210362
30
0.0
40
252.335163142346
210
0.0
220
0.0
230
1.0
100
AcDbArc
50
162.987113556122
51
163.21750754015
0
ARC
5
5A7
330
70
100
AcDbEntity
67
0
8
0
62
256
6
ByLayer
370
-1
48
1.0
60
0
100
AcDbCircle
39
0.0
10
601.66148450255
20
415.043572176457
30
0.0
40
252.860944459839
210
0.0
220
0.0
230
1.0
100
AcDbArc
50
162.757281455847
51
162.987272942027
0
ARC
5
5A8
330
70
100
AcDbEntity
67
0
8
0
62
256
6
ByLayer
370
-1
48
1.0
60
0
100
AcDbCircle
39
0.0
10
602.153940277243
20
414.891449904293
30
0.0
40
253.376360217181
210
0.0
220
0.0
230
1.0
100
AcDbArc
50
162.527838792826
51
162.75743710174
0
ARC
5
5A9
330
70
100
AcDbEntity
67
0
8
0
62
256
6
ByLayer
370
-1
48
1.0
60
0
100
AcDbCircle
39
0.0
10
602.635766117927
20
414.74049380118
30
0.0
40
253.881279451964
210
0.0
220
0.0
230
1.0
100
AcDbArc
50
162.298776247443
51
162.527990697852
0
ARC
5
5AA
330
70
100
AcDbEntity
67
0
8
0
62
256
6
ByLayer
370
-1
48
1.0
60
0
100
AcDbCircle
39
0.0
10
603.106857896853
20
414.590828641327
30
0.0
40
254.37557358746
210
0.0
220
0.0
230
1.0
100
AcDbArc
50
162.070084502306
51
162.298924410905
0
ARC
5
5AB
330
70
100
AcDbEntity
67
0
8
0
62
256
6
ByLayer
370
-1
48
1.0
60
0
100
AcDbCircle
39
0.0
10
603.567114590684
20
414.442579550512
30
0.0
40
254.859116352107
210
0.0
220
0.0
230
1.0
100
AcDbArc
50
161.841754242313
51
162.070228923615
0
ARC
5
5AC
330
70
100
AcDbEntity
67
0
8
0
62
256
6
ByLayer
370
-1
48
1.0
60
0
100
AcDbCircle
39
0.0
10
604.016438499097
20
414.295871894685
30
0.0
40
255.331784014056
210
0.0
220
0.0
230
1.0
100
AcDbArc
50
161.613776154902
51
161.841894920982
0
ARC
5
5AD
330
70
100
AcDbEntity
67
0
8
0
62
256
6
ByLayer
370
-1
48
1.0
60
0
100
AcDbCircle
39
0.0
10
604.454734943423
20
414.150831336823
30
0.0
40
255.793455069538
210
0.0
220
0.0
230
1.0
100
AcDbArc
50
161.386140929962
51
161.613913090536
0
ARC
5
5AE
330
70
100
AcDbEntity
67
0
8
0
62
256
6
ByLayer
370
-1
48
1.0
60
0
100
AcDbCircle
39
0.0
10
604.88191266216
20
414.007583666151
30
0.0
40
256.2440106647
210
0.0
220
0.0
230
1.0
100
AcDbArc
50
161.158839260115
51
161.386274122304
0
ARC
5
5AF
330
70
100
AcDbEntity
67
0
8
0
62
256
6
ByLayer
370
-1
48
1.0
60
0
100
AcDbCircle
39
0.0
10
605.297883759126
20
413.866254770808
30
0.0
40
256.683334547992
210
0.0
220
0.0
230
1.0
100
AcDbArc
50
160.931861840744
51
161.158968708936
0
ARC
5
5B0
330
70
100
AcDbEntity
67
0
8
0
62
256
6
ByLayer
370
-1
48
1.0
60
0
100
AcDbCircle
39
0.0
10
605.702563495082
20
413.726970666724
30
0.0
40
257.111312856638
210
0.0
220
0.0
230
1.0
100
AcDbArc
50
160.705199369941
51
160.931987545907
0
ARC
5
5B1
330
70
100
AcDbEntity
67
0
8
0
62
256
6
ByLayer
370
-1
48
1.0
60
0
100
AcDbCircle
39
0.0
10
606.095870701853
20
413.589857312998
30
0.0
40
257.527834561536
210
0.0
220
0.0
230
1.0
100
AcDbArc
50
160.478842548722
51
160.705321331383
0
ARC
5
5B2
330
70
100
AcDbEntity
67
0
8
0
62
256
6
ByLayer
370
-1
48
1.0
60
0
100
AcDbCircle
39
0.0
10
606.477727520063
20
413.455040657877
30
0.0
40
257.932791197894
210
0.0
220
0.0
230
1.0
100
AcDbArc
50
160.252782080908
51
160.478960766406
0
ARC
5
5B3
330
70
100
AcDbEntity
67
0
8
0
62
256
6
ByLayer
370
-1
48
1.0
60
0
100
AcDbCircle
39
0.0
10
606.848059545522
20
413.32264654452
30
0.0
40
258.326077028247
210
0.0
220
0.0
230
1.0
100
AcDbArc
50
160.027008673211
51
160.252896554879
0
ARC
5
5B4
330
70
100
AcDbEntity
67
0
8
0
62
256
6
ByLayer
370
-1
48
1.0
60
0
100
AcDbCircle
39
0.0
10
607.206795859821
20
413.19280065516
30
0.0
40
258.707589083847
210
0.0
220
0.0
230
1.0
100
AcDbArc
50
159.801513035182
51
160.027119403536
0
ARC
5
5B5
330
70
100
AcDbEntity
67
0
8
0
62
256
6
ByLayer
370
-1
48
1.0
60
0
100
AcDbCircle
39
0.0
10
607.553869086279
20
413.065628445826
30
0.0
40
259.077227233466
210
0.0
220
0.0
230
1.0
100
AcDbArc
50
159.576285879274
51
159.801620021991
0
ARC
5
5B6
330
70
100
AcDbEntity
67
0
8
0
62
256
6
ByLayer
370
-1
48
1.0
60
0
100
AcDbCircle
39
0.0
10
607.889215305386
20
412.941255131718
30
0.0
40
259.434894103179
210
0.0
220
0.0
230
1.0
100
AcDbArc
50
159.351317920669
51
159.576389122687
0
ARC
5
5B7
330
70
100
AcDbEntity
67
0
8
0
62
256
6
ByLayer
370
-1
48
1.0
60
0
100
AcDbCircle
39
0.0
10
608.212774264511
20
412.819805564261
30
0.0
40
259.780495310081
210
0.0
220
0.0
230
1.0
100
AcDbArc
50
159.1265998774
51
159.351417420858
0
ARC
5
5B8
330
70
100
AcDbEntity
67
0
8
0
62
256
6
ByLayer
370
-1
48
1.0
60
0
100
AcDbCircle
39
0.0
10
608.52448913897
20
412.701404274131
30
0.0
40
260.11393921799
210
0.0
220
0.0
230
1.0
100
AcDbArc
50
158.902122470107
51
159.126695634546
0
ARC
5
5B9
330
70
100
AcDbEntity
67
0
8
0
62
256
6
ByLayer
370
-1
48
1.0
60
0
100
AcDbCircle
39
0.0
10
608.824306920941
20
412.58617527766
30
0.0
40
260.435137364466
210
0.0
220
0.0
230
1.0
100
AcDbArc
50
158.677876422171
51
158.902214484408
0
ARC
5
5BA
330
70
100
AcDbEntity
67
0
8
0
62
256
6
ByLayer
370
-1
48
1.0
60
0
100
AcDbCircle
39
0.0
10
609.112178075366
20
412.474242160336
30
0.0
40
260.74400410454
210
0.0
220
0.0
230
1.0
100
AcDbArc
50
158.453852459429
51
158.67796469378
0
ARC
5
5BB
330
70
100
AcDbEntity
67
0
8
0
62
256
6
ByLayer
370
-1
48
1.0
60
0
100
AcDbCircle
39
0.0
10
609.388056802893
20
412.365727928917
30
0.0
40
261.040456904454
210
0.0
220
0.0
230
1.0
100
AcDbArc
50
158.23004131022
51
158.453936988516
0
ARC
5
5BC
330
70
100
AcDbEntity
67
0
8
0
62
256
6
ByLayer
370
-1
48
1.0
60
0
100
AcDbCircle
39
0.0
10
609.651900844115
20
412.26075504051
30
0.0
40
261.32441614408
210
0.0
220
0.0
230
1.0
100
AcDbArc
50
158.006433705159
51
158.230122096964
0
ARC
5
5BD
330
70
100
AcDbEntity
67
0
8
0
62
256
6
ByLayer
370
-1
48
1.0
60
0
100
AcDbCircle
39
0.0
10
609.903671754864
20
412.159445245753
30
0.0
40
261.595805426116
210
0.0
220
0.0
230
1.0
100
AcDbArc
50
157.78302037713
51
158.00651074974
0
ARC
5
5BE
330
70
100
AcDbEntity
67
0
8
0
62
256
6
ByLayer
370
-1
48
1.0
60
0
100
AcDbCircle
39
0.0
10
610.143334812238
20
412.061919576429
30
0.0
40
261.854551489133
210
0.0
220
0.0
230
1.0
100
AcDbArc
50
157.559792061152
51
157.7830936797
0
ARC
5
5BF
330
70
100
AcDbEntity
67
0
8
0
62
256
6
ByLayer
370
-1
48
1.0
60
0
100
AcDbCircle
39
0.0
10
610.370858895111
20
411.968298345704
30
0.0
40
262.100584092602
210
0.0
220
0.0
230
1.0
100
AcDbArc
50
157.336739494113
51
157.559861621809
0
ARC
5
5C0
330
70
100
AcDbEntity
67
0
8
0
62
256
6
ByLayer
370
-1
48
1.0
60
0
100
AcDbCircle
39
0.0
10
610.586216636592
20
411.878701038044
30
0.0
40
262.333836195743
210
0.0
220
0.0
230
1.0
100
AcDbArc
50
157.113853414742
51
157.336805312997
0
ARC
5
5C1
330
70
100
AcDbEntity
67
0
8
0
62
256
6
ByLayer
370
-1
48
1.0
60
0
100
AcDbCircle
39
0.0
10
610.789384631661
20
411.793246171131
30
0.0
40
262.554244198427
210
0.0
220
0.0
230
1.0
100
AcDbArc
50
156.891124563535
51
157.113915491902
0
ARC
5
5C2
330
70
100
AcDbEntity
67
0
8
0
62
256
6
ByLayer
370
-1
48
1.0
60
0
100
AcDbCircle
39
0.0
10
610.980342882648
20
411.712051478901
30
0.0
40
262.761747355393
210
0.0
220
0.0
230
1.0
100
AcDbArc
50
156.668543682294
51
156.891182898956
0
ARC
5
5C3
330
70
100
AcDbEntity
67
0
8
0
62
256
6
ByLayer
370
-1
48
1.0
60
0
100
AcDbCircle
39
0.0
10
611.159075337518
20
411.635233636267
30
0.0
40
262.956288375848
210
0.0
220
0.0
230
1.0
100
AcDbArc
50
156.446101514259
51
156.668598276016
0
ARC
5
5C4
330
70
100
AcDbEntity
67
0
8
0
62
256
6
ByLayer
370
-1
48
1.0
60
0
100
AcDbCircle
39
0.0
10
611.325569680171
20
411.56290829615
30
0.0
40
263.137813212863
210
0.0
220
0.0
230
1.0
100
AcDbArc
50
156.223788803769
51
156.446152366246
0
ARC
5
5C5
330
70
100
AcDbEntity
67
0
8
0
62
256
6
ByLayer
370
-1
48
1.0
60
0
100
AcDbCircle
39
0.0
10
611.479817448032
20
411.495189987775
30
0.0
40
263.30627120863
210
0.0
220
0.0
230
1.0
100
AcDbArc
50
156.001596296189
51
156.223835913944
0
ARC
5
5C6
330
70
100
AcDbEntity
67
0
8
0
62
256
6
ByLayer
370
-1
48
1.0
60
0
100
AcDbCircle
39
0.0
10
611.621813828865
20
411.432192154438
30
0.0
40
263.461614890286
210
0.0
220
0.0
230
1.0
100
AcDbArc
50
155.779514737567
51
156.00163966439
0
ARC
5
5C7
330
70
100
AcDbEntity
67
0
8
0
62
256
6
ByLayer
370
-1
48
1.0
60
0
100
AcDbCircle
39
0.0
10
611.751557934475
20
411.374026981699
30
0.0
40
263.603800287009
210
0.0
220
0.0
230
1.0
100
AcDbArc
50
155.557534874612
51
155.779554363588
0
ARC
5
5C8
330
70
100
AcDbEntity
67
0
8
0
62
256
6
ByLayer
370
-1
48
1.0
60
0
100
AcDbCircle
39
0.0
10
611.869052418425
20
411.320805516766
30
0.0
40
263.732786529763
210
0.0
220
0.0
230
1.0
100
AcDbArc
50
155.335647454259
51
155.557570758184
0
ARC
5
5C9
330
70
100
AcDbEntity
67
0
8
0
62
256
6
ByLayer
370
-1
48
1.0
60
0
100
AcDbCircle
39
0.0
10
611.974303997118
20
411.27263738208
30
0.0
40
263.848536441726
210
0.0
220
0.0
230
1.0
100
AcDbArc
50
155.113843223777
51
155.335679595096
0
ARC
5
5CA
330
70
100
AcDbEntity
67
0
8
0
62
256
6
ByLayer
370
-1
48
1.0
60
0
100
AcDbCircle
39
0.0
10
612.067322847831
20
411.22963099668
30
0.0
40
263.95101589657
210
0.0
220
0.0
230
1.0
100
AcDbArc
50
154.892112930176
51
155.113871621486
0
ARC
5
5CB
330
70
100
AcDbEntity
67
0
8
0
62
256
6
ByLayer
370
-1
48
1.0
60
0
100
AcDbCircle
39
0.0
10
612.148123215918
20
411.191893245829
30
0.0
40
264.040194506214
210
0.0
220
0.0
230
1.0
100
AcDbArc
50
154.670447320393
51
154.892137584377
0
ARC
5
5CC
330
70
100
AcDbEntity
67
0
8
0
62
256
6
ByLayer
370
-1
48
1.0
60
0
100
AcDbCircle
39
0.0
10
612.216722886907
20
411.159529671981
30
0.0
40
264.11604505983
210
0.0
220
0.0
230
1.0
100
AcDbArc
50
154.448837140727
51
154.670468230575
0
ARC
5
5CD
330
70
100
AcDbEntity
67
0
8
0
62
256
6
ByLayer
370
-1
48
1.0
60
0
100
AcDbCircle
39
0.0
10
612.273143506478
20
411.132644273762
30
0.0
40
264.178543897318
210
0.0
220
0.0
230
1.0
100
AcDbArc
50
154.227273136818
51
154.448854306355
0
ARC
5
5CE
330
70
100
AcDbEntity
67
0
8
0
62
256
6
ByLayer
370
-1
48
1.0
60
0
100
AcDbCircle
39
0.0
10
612.317410456178
20
411.111339510666
30
0.0
40
264.227670793582
210
0.0
220
0.0
230
1.0
100
AcDbArc
50
154.005746053363
51
154.227286557276
0
ARC
5
5CF
330
70
100
AcDbEntity
67
0
8
0
62
256
6
ByLayer
370
-1
48
1.0
60
0
100
AcDbCircle
39
0.0
10
612.349552848371
20
411.095716252479
30
0.0
40
264.263408974586
210
0.0
220
0.0
230
1.0
100
AcDbArc
50
153.78424663388
51
154.005755727953
0
ARC
5
5D0
330
70
100
AcDbEntity
67
0
8
0
62
256
6
ByLayer
370
-1
48
1.0
60
0
100
AcDbCircle
39
0.0
10
612.369603471196
20
411.085873752945
30
0.0
40
264.285745078211
210
0.0
220
0.0
230
1.0
100
AcDbArc
50
153.562765620432
51
153.784252561812
0
ARC
5
5D1
330
70
100
AcDbEntity
67
0
8
0
62
256
6
ByLayer
370
-1
48
1.0
60
0
100
AcDbCircle
39
0.0
10
612.377598803728
20
411.081909589998
30
0.0
40
264.294669193238
210
0.0
220
0.0
230
1.0
100
AcDbArc
50
153.341293753479
51
153.562767800922
0
ARC
5
5D2
330
70
100
AcDbEntity
67
0
8
0
62
256
6
ByLayer
370
-1
48
1.0
60
0
100
AcDbCircle
39
0.0
10
612.373579093803
20
411.083919572488
30
0.0
40
264.290174969702
210
0.0
220
0.0
230
1.0
100
AcDbArc
50
153.119821771581
51
153.341292185612
0
ARC
5
5D3
330
70
100
AcDbEntity
67
0
8
0
62
256
6
ByLayer
370
-1
48
1.0
60
0
100
AcDbCircle
39
0.0
10
612.357588217966
20
411.091997756125
30
0.0
40
264.272259485913
210
0.0
220
0.0
230
1.0
100
AcDbArc
50
152.898340411214
51
153.119816454396
0
ARC
5
5D4
330
70
100
AcDbEntity
67
0
8
0
62
256
6
ByLayer
370
-1
48
1.0
60
0
100
AcDbCircle
39
0.0
10
612.329673662718
20
411.106236399595
30
0.0
40
264.240923251079
210
0.0
220
0.0
230
1.0
100
AcDbArc
50
152.676840406448
51
152.898331343662
0
ARC
5
5D5
330
70
100
AcDbEntity
67
0
8
0
62
256
6
ByLayer
370
-1
48
1.0
60
0
100
AcDbCircle
39
0.0
10
612.332433783752
20
411.105827720917
30
0.0
40
264.243563018908
210
0.0
220
0.0
230
1.0
100
AcDbArc
50
152.455560625212
51
152.677036384788
0
ARC
5
5D6
330
70
100
AcDbEntity
67
0
8
0
62
256
6
ByLayer
370
-1
48
1.0
60
0
100
AcDbCircle
39
0.0
10
614.23695250683
20
410.115970661037
30
0.0
40
266.389955172995
210
0.0
220
0.0
230
1.0
100
AcDbArc
50
152.236540380113
51
152.456218715953
0
ARC
5
5D7
330
70
100
AcDbEntity
67
0
8
0
62
256
6
ByLayer
370
-1
48
1.0
60
0
100
AcDbCircle
39
0.0
10
614.795706290174
20
409.822738124103
30
0.0
40
267.0209785202
210
0.0
220
0.0
230
1.0
100
AcDbArc
50
152.017568664322
51
152.236713099668
0
ARC
5
5D8
330
70
100
AcDbEntity
67
0
8
0
62
256
6
ByLayer
370
-1
48
1.0
60
0
100
AcDbCircle
39
0.0
10
615.343321567977
20
409.532674185071
30
0.0
40
267.640671154395
210
0.0
220
0.0
230
1.0
100
AcDbArc
50
151.799117334778
51
152.017737469925
0
ARC
5
5D9
330
70
100
AcDbEntity
67
0
8
0
62
256
6
ByLayer
370
-1
48
1.0
60
0
100
AcDbCircle
39
0.0
10
615.879642938771
20
409.245966467173
30
0.0
40
268.248816970569
210
0.0
220
0.0
230
1.0
100
AcDbArc
50
151.581176760626
51
151.799282215181
0
ARC
5
5DA
330
70
100
AcDbEntity
67
0
8
0
62
256
6
ByLayer
370
-1
48
1.0
60
0
100
AcDbCircle
39
0.0
10
616.404517677333
20
408.962803529714
30
0.0
40
268.845201218591
210
0.0
220
0.0
230
1.0
100
AcDbArc
50
151.363737291898
51
151.581337704696
0
ARC
5
5DB
330
70
100
AcDbEntity
67
0
8
0
62
256
6
ByLayer
370
-1
48
1.0
60
0
100
AcDbCircle
39
0.0
10
616.917795863581
20
408.683374766777
30
0.0
40
269.429610652275
210
0.0
220
0.0
230
1.0
100
AcDbArc
50
151.146789259667
51
151.363894288664
0
ARC
5
5DC
330
70
100
AcDbEntity
67
0
8
0
62
256
6
ByLayer
370
-1
48
1.0
60
0
100
AcDbCircle
39
0.0
10
617.419330658642
20
408.407870221502
30
0.0
40
270.001833848347
210
0.0
220
0.0
230
1.0
100
AcDbArc
50
150.930322976236
51
151.146942298247
0
ARC
5
5DD
330
70
100
AcDbEntity
67
0
8
0
62
256
6
ByLayer
370
-1
48
1.0
60
0
100
AcDbCircle
39
0.0
10
617.908978235761
20
408.136480585803
30
0.0
40
270.561661133895
210
0.0
220
0.0
230
1.0
100
AcDbArc
50
150.714328735167
51
150.93047204576
0
ARC
5
5DE
330
70
100
AcDbEntity
67
0
8
0
62
256
6
ByLayer
370
-1
48
1.0
60
0
100
AcDbCircle
39
0.0
10
618.386597554276
20
407.869397291019
30
0.0
40
271.108884332785
210
0.0
220
0.0
230
1.0
100
AcDbArc
50
150.498796811155
51
150.714473824843
0
ARC
5
5DF
330
70
100
AcDbEntity
67
0
8
0
62
256
6
ByLayer
370
-1
48
1.0
60
0
100
AcDbCircle
39
0.0
10
618.852050985473
20
407.606812122236
30
0.0
40
271.643297488358
210
0.0
220
0.0
230
1.0
100
AcDbArc
50
150.283717460313
51
150.498937910275
0
ARC
5
5E0
330
70
100
AcDbEntity
67
0
8
0
62
256
6
ByLayer
370
-1
48
1.0
60
0
100
AcDbCircle
39
0.0
10
619.305203881157
20
407.348917420481
30
0.0
40
272.164696376698
210
0.0
220
0.0
230
1.0
100
AcDbArc
50
150.069080919896
51
150.283854558173
0
ARC
5
5E1
330
70
100
AcDbEntity
67
0
8
0
62
256
6
ByLayer
370
-1
48
1.0
60
0
100
AcDbCircle
39
0.0
10
619.745925006346
20
407.095905799084
30
0.0
40
272.672879011536
210
0.0
220
0.0
230
1.0
100
AcDbArc
50
149.854877408425
51
150.069214005816
0
ARC
5
5E2
330
70
100
AcDbEntity
67
0
8
0
62
256
6
ByLayer
370
-1
48
1.0
60
0
100
AcDbCircle
39
0.0
10
620.174086384744
20
406.847970190185
30
0.0
40
273.167645475804
210
0.0
220
0.0
230
1.0
100
AcDbArc
50
149.6410971255
51
149.855006471693
0
ARC
5
5E3
330
70
100
AcDbEntity
67
0
8
0
62
256
6
ByLayer
370
-1
48
1.0
60
0
100
AcDbCircle
39
0.0
10
620.589563267127
20
406.605303824116
30
0.0
40
273.648797893498
210
0.0
220
0.0
230
1.0
100
AcDbArc
50
149.427730251617
51
149.641222155429
0
ARC
5
5E4
330
70
100
AcDbEntity
67
0
8
0
62
256
6
ByLayer
370
-1
48
1.0
60
0
100
AcDbCircle
39
0.0
10
620.992234676738
20
406.368099868289
30
0.0
40
274.116141071807
210
0.0
220
0.0
230
1.0
100
AcDbArc
50
149.214766948255
51
149.427851237469
0
ARC
5
5E5
330
70
100
AcDbEntity
67
0
8
0
62
256
6
ByLayer
370
-1
48
1.0
60
0
100
AcDbCircle
39
0.0
10
621.381982750609
20
406.136551770541
30
0.0
40
274.569481748543
210
0.0
220
0.0
230
1.0
100
AcDbArc
50
149.002197357357
51
149.21488387924
0
ARC
5
5E6
330
70
100
AcDbEntity
67
0
8
0
62
256
6
ByLayer
370
-1
48
1.0
60
0
100
AcDbCircle
39
0.0
10
621.758693496074
20
405.910852769252
30
0.0
40
275.008629482144
210
0.0
220
0.0
230
1.0
100
AcDbArc
50
148.790011601451
51
149.002310222674
0
ARC
5
5E7
330
70
100
AcDbEntity
67
0
8
0
62
256
6
ByLayer
370
-1
48
1.0
60
0
100
AcDbCircle
39
0.0
10
622.122256458082
20
405.691196043816
30
0.0
40
275.433396278511
210
0.0
220
0.0
230
1.0
100
AcDbArc
50
148.578199783235
51
148.790120390173
0
ARC
5
5E8
330
70
100
AcDbEntity
67
0
8
0
62
256
6
ByLayer
370
-1
48
1.0
60
0
100
AcDbCircle
39
0.0
10
622.472564700703
20
405.477774682798
30
0.0
40
275.843596581385
210
0.0
220
0.0
230
1.0
100
AcDbArc
50
148.366751985245
51
148.57830448438
0
ARC
5
5E9
330
70
100
AcDbEntity
67
0
8
0
62
256
6
ByLayer
370
-1
48
1.0
60
0
100
AcDbCircle
39
0.0
10
622.809515344757
20
405.270781309719
30
0.0
40
276.239047916072
210
0.0
220
0.0
230
1.0
100
AcDbArc
50
148.155658269826
51
148.366852587746
0
ARC
5
5EA
330
70
100
AcDbEntity
67
0
8
0
62
256
6
ByLayer
370
-1
48
1.0
60
0
100
AcDbCircle
39
0.0
10
623.133009069417
20
405.0704083386
30
0.0
40
276.619570321094
210
0.0
220
0.0
230
1.0
100
AcDbArc
50
147.944908678524
51
148.155754762449
0
ARC
5
5EB
330
70
100
AcDbEntity
67
0
8
0
62
256
6
ByLayer
370
-1
48
1.0
60
0
100
AcDbCircle
39
0.0
10
623.442950420773
20
404.876847738109
30
0.0
40
276.984986724938
210
0.0
220
0.0
230
1.0
100
AcDbArc
50
147.734493231861
51
147.945001049968
0
ARC
5
5EC
330
70
100
AcDbEntity
67
0
8
0
62
256
6
ByLayer
370
-1
48
1.0
60
0
100
AcDbCircle
39
0.0
10
623.739248000652
20
404.690290862798
30
0.0
40
277.335123186011
210
0.0
220
0.0
230
1.0
100
AcDbArc
50
147.52440192905
51
147.734581470706
0
ARC
5
5ED
330
70
100
AcDbEntity
67
0
8
0
62
256
6
ByLayer
370
-1
48
1.0
60
0
100
AcDbCircle
39
0.0
10
624.021814266333
20
404.510928527141
30
0.0
40
277.669808674286
210
0.0
220
0.0
230
1.0
100
AcDbArc
50
147.314624747421
51
147.524486023677
0
ARC
5
5EE
330
70
100
AcDbEntity
67
0
8
0
62
256
6
ByLayer
370
-1
48
1.0
60
0
100
AcDbCircle
39
0.0
10
624.290565759756
20
404.338950810212
30
0.0
40
277.988875360237
210
0.0
220
0.0
230
1.0
100
AcDbArc
50
147.105151642146
51
147.314704686091
0
ARC
5
5EF
330
70
100
AcDbEntity
67
0
8
0
62
256
6
ByLayer
370
-1
48
1.0
60
0
100
AcDbCircle
39
0.0
10
624.545423033072
20
404.174547050014
30
0.0
40
278.29215854611
210
0.0
220
0.0
230
1.0
100
AcDbArc
50
146.895972545646
51
147.105227412905
0
ARC
5
5F0
330
70
100
AcDbEntity
67
0
8
0
62
256
6
ByLayer
370
-1
48
1.0
60
0
100
AcDbCircle
39
0.0
10
624.78631078426
20
404.017905703993
30
0.0
40
278.579496846582
210
0.0
220
0.0
230
1.0
100
AcDbArc
50
146.687077367243
51
146.896044136425
0
ARC
5
5F1
330
70
100
AcDbEntity
67
0
8
0
62
256
6
ByLayer
370
-1
48
1.0
60
0
100
AcDbCircle
39
0.0
10
625.013158016389
20
403.869214189212
30
0.0
40
278.850732400668
210
0.0
220
0.0
230
1.0
100
AcDbArc
50
146.478455992648
51
146.687144765716
0
ARC
5
5F2
330
70
100
AcDbEntity
67
0
8
0
62
256
6
ByLayer
370
-1
48
1.0
60
0
100
AcDbCircle
39
0.0
10
625.225897673206
20
403.728659066483
30
0.0
40
279.105710457433
210
0.0
220
0.0
230
1.0
100
AcDbArc
50
146.270098283249
51
146.478519186296
0
ARC
5
5F3
330
70
100
AcDbEntity
67
0
8
0
62
256
6
ByLayer
370
-1
48
1.0
60
0
100
AcDbCircle
39
0.0
10
625.424467267377
20
403.596425571009
30
0.0
40
279.344280150495
210
0.0
220
0.0
230
1.0
100
AcDbArc
50
146.061994075855
51
146.270157259369
0
ARC
5
5F4
330
70
100
AcDbEntity
67
0
8
0
62
256
6
ByLayer
370
-1
48
1.0
60
0
100
AcDbCircle
39
0.0
10
625.608808532842
20
403.472697782494
30
0.0
40
279.566294106151
210
0.0
220
0.0
230
1.0
100
AcDbArc
50
145.854133181916
51
146.062048821432
0
ARC
5
5F5
330
70
100
AcDbEntity
67
0
8
0
62
256
6
ByLayer
370
-1
48
1.0
60
0
100
AcDbCircle
39
0.0
10
625.778867356038
20
403.357658616747
30
0.0
40
279.7716083829
210
0.0
220
0.0
230
1.0
100
AcDbArc
50
145.646505386885
51
145.854183683759
0
ARC
5
5F6
330
70
100
AcDbEntity
67
0
8
0
62
256
6
ByLayer
370
-1
48
1.0
60
0
100
AcDbCircle
39
0.0
10
625.934594345028
20
403.25148938191
30
0.0
40
279.960083183607
210
0.0
220
0.0
230
1.0
100
AcDbArc
50
145.439100449827
51
145.646551631562
0
ARC
5
5F7
330
70
100
AcDbEntity
67
0
8
0
62
256
6
ByLayer
370
-1
48
1.0
60
0
100
AcDbCircle
39
0.0
10
626.075944314859
20
403.154370066152
30
0.0
40
280.131582260501
210
0.0
220
0.0
230
1.0
100
AcDbArc
50
145.231908102522
51
145.439142423614
0
ARC
5
5F8
330
70
100
AcDbEntity
67
0
8
0
62
256
6
ByLayer
370
-1
48
1.0
60
0
100
AcDbCircle
39
0.0
10
626.202876748182
20
403.066478962439
30
0.0
40
280.285973499783
210
0.0
220
0.0
230
1.0
100
AcDbArc
50
145.024918049004
51
145.231945791438
0
ARC
5
5F9
330
70
100
AcDbEntity
67
0
8
0
62
256
6
ByLayer
370
-1
48
1.0
60
0
100
AcDbCircle
39
0.0
10
626.315355484331
20
402.987992820156
30
0.0
40
280.423128572322
210
0.0
220
0.0
230
1.0
100
AcDbArc
50
144.818119964692
51
145.024951438767
0
ARC
5
5FA
330
70
100
AcDbEntity
67
0
8
0
62
256
6
ByLayer
370
-1
48
1.0
60
0
100
AcDbCircle
39
0.0
10
626.413349002458
20
402.919086586529
30
0.0
40
280.542923306629
210
0.0
220
0.0
230
1.0
100
AcDbArc
50
144.611503495778
51
144.818149040743
0
ARC
5
5FB
330
70
100
AcDbEntity
67
0
8
0
62
256
6
ByLayer
370
-1
48
1.0
60
0
100
AcDbCircle
39
0.0
10
626.496830467557
20
402.859933308205
30
0.0
40
280.645237776101
210
0.0
220
0.0
230
1.0
100
AcDbArc
50
144.405058258539
51
144.611528243225
0
ARC
5
5FC
330
70
100
AcDbEntity
67
0
8
0
62
256
6
ByLayer
370
-1
48
1.0
60
0
100
AcDbCircle
39
0.0
10
626.565777405884
20
402.810704297043
30
0.0
40
280.729955931495
210
0.0
220
0.0
230
1.0
100
AcDbArc
50
144.198773838353
51
144.405078662167
0
ARC
5
5FD
330
70
100
AcDbEntity
67
0
8
0
62
256
6
ByLayer
370
-1
48
1.0
60
0
100
AcDbCircle
39
0.0
10
626.620172243909
20
402.771568682015
30
0.0
40
280.796966293277
210
0.0
220
0.0
230
1.0
100
AcDbArc
50
143.99263978923
51
144.198789882703
0
ARC
5
5FE
330
70
100
AcDbEntity
67
0
8
0
62
256
6
ByLayer
370
-1
48
1.0
60
0
100
AcDbCircle
39
0.0
10
626.660001965339
20
402.742693585709
30
0.0
40
280.846161563626
210
0.0
220
0.0
230
1.0
100
AcDbArc
50
143.786645632749
51
143.99265145844
0
ARC
5
5FF
330
70
100
AcDbEntity
67
0
8
0
62
256
6
ByLayer
370
-1
48
1.0
60
0
100
AcDbCircle
39
0.0
10
626.685258422003
20
402.72424383239
30
0.0
40
280.877439043192
210
0.0
220
0.0
230
1.0
100
AcDbArc
50
143.580780857447
51
143.786652910618
0
ARC
5
600
330
70
100
AcDbEntity
67
0
8
0
62
256
6
ByLayer
370
-1
48
1.0
60
0
100
AcDbCircle
39
0.0
10
626.695937967291
20
402.716382146343
30
0.0
40
280.89070021196
210
0.0
220
0.0
230
1.0
100
AcDbArc
50
143.375034917732
51
143.580783727395
0
ARC
5
601
330
70
100
AcDbEntity
67
0
8
0
62
256
6
ByLayer
370
-1
48
1.0
60
0
100
AcDbCircle
39
0.0
10
626.69204191186
20
402.719268749362
30
0.0
40
280.885851328913
210
0.0
220
0.0
230
1.0
100
AcDbArc
50
143.169397233263
51
143.375033362858
0
ARC
5
602
330
70
100
AcDbEntity
67
0
8
0
62
256
6
ByLayer
370
-1
48
1.0
60
0
100
AcDbCircle
39
0.0
10
626.673576256794
20
402.733061485339
30
0.0
40
280.862803137694
210
0.0
220
0.0
230
1.0
100
AcDbArc
50
142.963857187896
51
143.16939123625
0
ARC
5
603
330
70
100
AcDbEntity
67
0
8
0
62
256
6
ByLayer
370
-1
48
1.0
60
0
100
AcDbCircle
39
0.0
10
626.640551730863
20
402.757915723432
30
0.0
40
280.821470948821
210
0.0
220
0.0
230
1.0
100
AcDbArc
50
142.758404128794
51
142.963846731087
0
ARC
5
604
330
70
100
AcDbEntity
67
0
8
0
62
256
6
ByLayer
370
-1
48
1.0
60
0
100
AcDbCircle
39
0.0
10
626.592984085202
20
402.79398406322
30
0.0
40
280.761775047019
210
0.0
220
0.0
230
1.0
100
AcDbArc
50
142.553027365641
51
142.758389194136
0
ARC
5
605
330
70
100
AcDbEntity
67
0
8
0
62
256
6
ByLayer
370
-1
48
1.0
60
0
100
AcDbCircle
39
0.0
10
626.39462058672
20
402.94628134364
30
0.0
40
280.511690164442
210
0.0
220
0.0
230
1.0
100
AcDbArc
50
142.34767123247
51
142.5530888388
0
ARC
5
606
330
70
100
AcDbEntity
67
0
8
0
62
256
6
ByLayer
370
-1
48
1.0
60
0
100
AcDbCircle
39
0.0
10
627.740900884148
20
401.909121930539
30
0.0
40
282.211151473089
210
0.0
220
0.0
230
1.0
100
AcDbArc
50
142.143873278486
51
142.347924583771
0
ARC
5
607
330
70
100
AcDbEntity
67
0
8
0
62
256
6
ByLayer
370
-1
48
1.0
60
0
100
AcDbCircle
39
0.0
10
628.103214950796
20
401.628200497757
30
0.0
40
282.669614165664
210
0.0
220
0.0
230
1.0
100
AcDbArc
50
141.940394705515
51
142.14398323605
0
ARC
5
608
330
70
100
AcDbEntity
67
0
8
0
62
256
6
ByLayer
370
-1
48
1.0
60
0
100
AcDbCircle
39
0.0
10
628.452228959313
20
401.355599600299
30
0.0
40
283.112470524541
210
0.0
220
0.0
230
1.0
100
AcDbArc
50
141.737364804305
51
141.940500498341
0
ARC
5
609
330
70
100
AcDbEntity
67
0
8
0
62
256
6
ByLayer
370
-1
48
1.0
60
0
100
AcDbCircle
39
0.0
10
628.787810448227
20
401.091568869156
30
0.0
40
283.5394680775
210
0.0
220
0.0
230
1.0
100
AcDbArc
50
141.534773579872
51
141.737466412828
0
ARC
5
60A
330
70
100
AcDbEntity
67
0
8
0
62
256
6
ByLayer
370
-1
48
1.0
60
0
100
AcDbCircle
39
0.0
10
629.109830766661
20
400.836357801357
30
0.0
40
283.950356799571
210
0.0
220
0.0
230
1.0
100
AcDbArc
50
141.332610999876
51
141.534870984461
0
ARC
5
60B
330
70
100
AcDbEntity
67
0
8
0
62
256
6
ByLayer
370
-1
48
1.0
60
0
100
AcDbCircle
39
0.0
10
629.418164752796
20
400.590215966608
30
0.0
40
284.344888720044
210
0.0
220
0.0
230
1.0
100
AcDbArc
50
141.130866993812
51
141.332704180547
0
ARC
5
60C
330
70
100
AcDbEntity
67
0
8
0
62
256
6
ByLayer
370
-1
48
1.0
60
0
100
AcDbCircle
39
0.0
10
629.712690623641
20
400.353393056229
30
0.0
40
284.722817793298
210
0.0
220
0.0
230
1.0
100
AcDbArc
50
140.929531452449
51
141.1309559304
0
ARC
5
60D
330
70
100
AcDbEntity
67
0
8
0
62
256
6
ByLayer
370
-1
48
1.0
60
0
100
AcDbCircle
39
0.0
10
629.993290524944
20
400.126138398335
30
0.0
40
285.083900618807
210
0.0
220
0.0
230
1.0
100
AcDbArc
50
140.728594227417
51
140.929616124543
0
ARC
5
60E
330
70
100
AcDbEntity
67
0
8
0
62
256
6
ByLayer
370
-1
48
1.0
60
0
100
AcDbCircle
39
0.0
10
630.259850120464
20
399.908701243039
30
0.0
40
285.427895930246
210
0.0
220
0.0
230
1.0
100
AcDbArc
50
140.528045130341
51
140.72867461432
0
ARC
5
60F
330
70
100
AcDbEntity
67
0
8
0
62
256
6
ByLayer
370
-1
48
1.0
60
0
100
AcDbCircle
39
0.0
10
630.512259061775
20
399.701330335584
30
0.0
40
285.754565217295
210
0.0
220
0.0
230
1.0
100
AcDbArc
50
140.327873932391
51
140.528121211126
0
ARC
5
610
330
70
100
AcDbEntity
67
0
8
0
62
256
6
ByLayer
370
-1
48
1.0
60
0
100
AcDbCircle
39
0.0
10
630.750410809617
20
399.504274012747
30
0.0
40
286.063672514472
210
0.0
220
0.0
230
1.0
100
AcDbArc
50
140.128070363379
51
140.32794568578
0
ARC
5
611
330
70
100
AcDbEntity
67
0
8
0
62
256
6
ByLayer
370
-1
48
1.0
60
0
100
AcDbCircle
39
0.0
10
630.974202931981
20
399.317779907669
30
0.0
40
286.354984807194
210
0.0
220
0.0
230
1.0
100
AcDbArc
50
139.928624111187
51
140.128137767786
0
ARC
5
612
330
70
100
AcDbEntity
67
0
8
0
62
256
6
ByLayer
370
-1
48
1.0
60
0
100
AcDbCircle
39
0.0
10
631.183536863365
20
399.142095098977
30
0.0
40
286.628271739729
210
0.0
220
0.0
230
1.0
100
AcDbArc
50
139.729524820769
51
139.928687144666
0
ARC
5
613
330
70
100
AcDbEntity
67
0
8
0
62
256
6
ByLayer
370
-1
48
1.0
60
0
100
AcDbCircle
39
0.0
10
631.378318305596
20
398.97746572418
30
0.0
40
286.88330615927
210
0.0
220
0.0
230
1.0
100
AcDbArc
50
139.530762093491
51
139.729583461035
0
ARC
5
614
330
70
100
AcDbEntity
67
0
8
0
62
256
6
ByLayer
370
-1
48
1.0
60
0
100
AcDbCircle
39
0.0
10
631.558457076759
20
398.824137051941
30
0.0
40
287.119863942551
210
0.0
220
0.0
230
1.0
100
AcDbArc
50
139.332325486144
51
139.530816317871
0
ARC
5
615
330
70
100
AcDbEntity
67
0
8
0
62
256
6
ByLayer
370
-1
48
1.0
60
0
100
AcDbCircle
39
0.0
10
631.72386734031
20
398.682353232663
30
0.0
40
287.337724320792
210
0.0
220
0.0
230
1.0
100
AcDbArc
50
139.134204510114
51
139.332375271566
0
ARC
5
616
330
70
100
AcDbEntity
67
0
8
0
62
256
6
ByLayer
370
-1
48
1.0
60
0
100
AcDbCircle
39
0.0
10
631.87446753037
20
398.552357305218
30
0.0
40
287.536669807547
210
0.0
220
0.0
230
1.0
100
AcDbArc
50
138.936388630344
51
139.134249833079
0
ARC
5
617
330
70
100
AcDbEntity
67
0
8
0
62
256
6
ByLayer
370
-1
48
1.0
60
0
100
AcDbCircle
39
0.0
10
632.010180587346
20
398.434390935871
30
0.0
40
287.716486536762
210
0.0
220
0.0
230
1.0
100
AcDbArc
50
138.738867264438
51
138.936429466913
0
ARC
5
618
330
70
100
AcDbEntity
67
0
8
0
62
256
6
ByLayer
370
-1
48
1.0
60
0
100
AcDbCircle
39
0.0
10
632.130933696114
20
398.328694586871
30
0.0
40
287.876963943819
210
0.0
220
0.0
230
1.0
100
AcDbArc
50
138.541629781441
51
138.738903590256
0
ARC
5
619
330
70
100
AcDbEntity
67
0
8
0
62
256
6
ByLayer
370
-1
48
1.0
60
0
100
AcDbCircle
39
0.0
10
632.236658974345
20
398.235506853407
30
0.0
40
288.017895709577
210
0.0
220
0.0
230
1.0
100
AcDbArc
50
138.344665501097
51
138.541661571696
0
ARC
5
61A
330
70
100
AcDbEntity
67
0
8
0
62
256
6
ByLayer
370
-1
48
1.0
60
0
100
AcDbCircle
39
0.0
10
632.327292942617
20
398.155064862534
30
0.0
40
288.139079088623
210
0.0
220
0.0
230
1.0
100
AcDbArc
50
138.147963692391
51
138.344692730368
0
ARC
5
61B
330
70
100
AcDbEntity
67
0
8
0
62
256
6
ByLayer
370
-1
48
1.0
60
0
100
AcDbCircle
39
0.0
10
632.402776708469
20
398.087604051162
30
0.0
40
288.240315184002
210
0.0
220
0.0
230
1.0
100
AcDbArc
50
137.951513572504
51
138.147986334828
0
ARC
5
61C
330
70
100
AcDbEntity
67
0
8
0
62
256
6
ByLayer
370
-1
48
1.0
60
0
100
AcDbCircle
39
0.0
10
632.463056309446
20
398.033357793487
30
0.0
40
288.321409441116
210
0.0
220
0.0
230
1.0
100
AcDbArc
50
137.755304305735
51
137.951531601771
0
ARC
5
61D
330
70
100
AcDbEntity
67
0
8
0
62
256
6
ByLayer
370
-1
48
1.0
60
0
100
AcDbCircle
39
0.0
10
632.50808262636
20
397.992557407522
30
0.0
40
288.38217156887
210
0.0
220
0.0
230
1.0
100
AcDbArc
50
137.55932500216
51
137.75531769487
0
ARC
5
61E
330
70
100
AcDbEntity
67
0
8
0
62
256
6
ByLayer
370
-1
48
1.0
60
0
100
AcDbCircle
39
0.0
10
632.537811261768
20
397.965432197539
30
0.0
40
288.422415411289
210
0.0
220
0.0
230
1.0
100
AcDbArc
50
137.363564716298
51
137.559333723648
0
ARC
5
61F
330
70
100
AcDbEntity
67
0
8
0
62
256
6
ByLayer
370
-1
48
1.0
60
0
100
AcDbCircle
39
0.0
10
632.552202958822
20
397.952209001949
30
0.0
40
288.44195955197
210
0.0
220
0.0
230
1.0
100
AcDbArc
50
137.168012445943
51
137.363568742027
0
ARC
5
620
330
70
100
AcDbEntity
67
0
8
0
62
256
6
ByLayer
370
-1
48
1.0
60
0
100
AcDbCircle
39
0.0
10
632.551223289288
20
397.953112405493
30
0.0
40
288.440626931251
210
0.0
220
0.0
230
1.0
100
AcDbArc
50
136.972657130622
51
137.168011747173
0
ARC
5
621
330
70
100
AcDbEntity
67
0
8
0
62
256
6
ByLayer
370
-1
48
1.0
60
0
100
AcDbCircle
39
0.0
10
632.534842924614
20
397.968364417657
30
0.0
40
288.41824525418
210
0.0
220
0.0
230
1.0
100
AcDbArc
50
136.777487650315
51
136.972651678064
0
ARC
5
622
330
70
100
AcDbEntity
67
0
8
0
62
256
6
ByLayer
370
-1
48
1.0
60
0
100
AcDbCircle
39
0.0
10
632.503037806033
20
397.998184235683
30
0.0
40
288.374647267296
210
0.0
220
0.0
230
1.0
100
AcDbArc
50
136.582492824016
51
136.777477413982
0
ARC
5
623
330
70
100
AcDbEntity
67
0
8
0
62
256
6
ByLayer
370
-1
48
1.0
60
0
100
AcDbCircle
39
0.0
10
632.45578892235
20
398.042788374104
30
0.0
40
288.309670498859
210
0.0
220
0.0
230
1.0
100
AcDbArc
50
136.387661408141
51
136.58247777323
0
ARC
5
624
330
70
100
AcDbEntity
67
0
8
0
62
256
6
ByLayer
370
-1
48
1.0
60
0
100
AcDbCircle
39
0.0
10
632.393082485991
20
398.102390422025
30
0.0
40
288.223157544589
210
0.0
220
0.0
230
1.0
100
AcDbArc
50
136.192982095044
51
136.387641511578
0
ARC
5
625
330
70
100
AcDbEntity
67
0
8
0
62
256
6
ByLayer
370
-1
48
1.0
60
0
100
AcDbCircle
39
0.0
10
632.31491017487
20
398.177200730261
30
0.0
40
288.114956449777
210
0.0
220
0.0
230
1.0
100
AcDbArc
50
135.998443511533
51
136.192957320637
0
ARC
5
626
330
70
100
AcDbEntity
67
0
8
0
62
256
6
ByLayer
370
-1
48
1.0
60
0
100
AcDbCircle
39
0.0
10
632.221268780243
20
398.267426664583
30
0.0
40
287.984920271198
210
0.0
220
0.0
230
1.0
100
AcDbArc
50
135.804034217051
51
135.998413826475
0
ARC
5
627
330
70
100
AcDbEntity
67
0
8
0
62
256
6
ByLayer
370
-1
48
1.0
60
0
100
AcDbCircle
39
0.0
10
636.318256738571
20
394.285368088181
30
0.0
40
293.698246768212
210
0.0
220
0.0
230
1.0
100
AcDbArc
50
135.613915489293
51
135.804247779268
0
ARC
5
628
330
70
100
AcDbEntity
67
0
8
0
62
256
6
ByLayer
370
-1
48
1.0
60
0
100
AcDbCircle
39
0.0
10
637.341096247464
20
393.288689109701
30
0.0
40
295.12637823225
210
0.0
220
0.0
230
1.0
100
AcDbArc
50
135.425444804764
51
135.614536067946
0
ARC
5
629
330
70
100
AcDbEntity
67
0
8
0
62
256
6
ByLayer
370
-1
48
1.0
60
0
100
AcDbCircle
39
0.0
10
636.098115456334
20
394.510679171227
30
0.0
40
293.38331847239
210
0.0
220
0.0
230
1.0
100
AcDbArc
50
135.235150545178
51
135.425073763117
0
ARC
5
62A
330
70
100
AcDbEntity
67
0
8
0
62
256
6
ByLayer
370
-1
48
1.0
60
0
100
AcDbCircle
39
0.0
10
635.000865113185
20
395.596582136777
30
0.0
40
291.839576038751
210
0.0
220
0.0
230
1.0
100
AcDbArc
50
135.044152636557
51
135.234819129293
0
ARC
5
62B
330
70
100
AcDbEntity
67
0
8
0
62
256
6
ByLayer
370
-1
48
1.0
60
0
100
AcDbCircle
39
0.0
10
634.046669349065
20
396.547222056289
30
0.0
40
290.492652275898
210
0.0
220
0.0
230
1.0
100
AcDbArc
50
134.852541630088
51
135.043861434297
0
ARC
5
62C
330
70
100
AcDbEntity
67
0
8
0
62
256
6
ByLayer
370
-1
48
1.0
60
0
100
AcDbCircle
39
0.0
10
633.233092526227
20
397.363204000356
30
0.0
40
289.340379663414
210
0.0
220
0.0
230
1.0
100
AcDbArc
50
134.660409148542
51
134.852291161594
0
ARC
5
62D
330
70
100
AcDbEntity
67
0
8
0
62
256
6
ByLayer
370
-1
48
1.0
60
0
100
AcDbCircle
39
0.0
10
632.557933841095
20
398.04491520386
30
0.0
40
288.380917156687
210
0.0
220
0.0
230
1.0
100
AcDbArc
50
134.467847736681
51
134.660199864311
0
ARC
5
62E
330
70
100
AcDbEntity
67
0
8
0
62
256
6
ByLayer
370
-1
48
1.0
60
0
100
AcDbCircle
39
0.0
10
632.019221191544
20
398.592527006752
30
0.0
40
287.612744458184
210
0.0
220
0.0
230
1.0
100
AcDbArc
50
134.274950707408
51
134.467680015805
0
ARC
5
62F
330
70
100
AcDbEntity
67
0
8
0
62
256
6
ByLayer
370
-1
48
1.0
60
0
100
AcDbCircle
39
0.0
10
631.615207121699
20
399.0059947505
30
0.0
40
287.034659217539
210
0.0
220
0.0
230
1.0
100
AcDbArc
50
134.081811985871
51
134.274824856257
0
ARC
5
630
330
70
100
AcDbEntity
67
0
8
0
62
256
6
ByLayer
370
-1
48
1.0
60
0
100
AcDbCircle
39
0.0
10
631.34436438911
20
399.285058087936
30
0.0
40
286.645773686428
210
0.0
220
0.0
230
1.0
100
AcDbArc
50
133.888525950697
51
134.081728236781
0
ARC
5
631
330
70
100
AcDbEntity
67
0
8
0
62
256
6
ByLayer
370
-1
48
1.0
60
0
100
AcDbCircle
39
0.0
10
631.205382264054
20
399.429240582402
30
0.0
40
286.445512407743
210
0.0
220
0.0
230
1.0
100
AcDbArc
50
133.695187273521
51
133.88848446111
0
ARC
5
632
330
70
100
AcDbEntity
67
0
8
0
62
256
6
ByLayer
370
-1
48
1.0
60
0
100
AcDbCircle
39
0.0
10
631.197163893361
20
399.437848227437
30
0.0
40
286.43361143502
210
0.0
220
0.0
230
1.0
100
AcDbArc
50
133.501890757711
51
133.695188125434
0
ARC
5
633
330
70
100
AcDbEntity
67
0
8
0
62
256
6
ByLayer
370
-1
48
1.0
60
0
100
AcDbCircle
39
0.0
10
631.318823711363
20
399.309967923058
30
0.0
40
286.610117630082
210
0.0
220
0.0
230
1.0
100
AcDbArc
50
133.308731176212
51
133.501933957245
0
ARC
5
634
330
70
100
AcDbEntity
67
0
8
0
62
256
6
ByLayer
370
-1
48
1.0
60
0
100
AcDbCircle
39
0.0
10
631.569685464435
20
399.044465317984
30
0.0
40
286.975388857248
210
0.0
220
0.0
230
1.0
100
AcDbArc
50
133.115803109447
51
133.308816653603
0
ARC
5
635
330
70
100
AcDbEntity
67
0
8
0
62
256
6
ByLayer
370
-1
48
1.0
60
0
100
AcDbCircle
39
0.0
10
631.949281242314
20
398.63998158096
30
0.0
40
287.530095661597
210
0.0
220
0.0
230
1.0
100
AcDbArc
50
132.923200784244
51
133.115930719366
0
ARC
5
636
330
70
100
AcDbEntity
67
0
8
0
62
256
6
ByLayer
370
-1
48
1.0
60
0
100
AcDbCircle
39
0.0
10
632.457350514369
20
398.094930143296
30
0.0
40
288.275222985822
210
0.0
220
0.0
230
1.0
100
AcDbArc
50
132.731017913614
51
132.923370306216
0
ARC
5
637
330
70
100
AcDbEntity
67
0
8
0
62
256
6
ByLayer
370
-1
48
1.0
60
0
100
AcDbCircle
39
0.0
10
633.093839983354
20
397.407492544763
30
0.0
40
289.212073114617
210
0.0
220
0.0
230
1.0
100
AcDbArc
50
132.539347538558
51
132.731229052845
0
ARC
5
638
330
70
100
AcDbEntity
67
0
8
0
62
256
6
ByLayer
370
-1
48
1.0
60
0
100
AcDbCircle
39
0.0
10
633.858903966582
20
396.575613672767
30
0.0
40
290.342269436825
210
0.0
220
0.0
230
1.0
100
AcDbArc
50
132.348281872378
51
132.539599927101
0
ARC
5
639
330
70
100
AcDbEntity
67
0
8
0
62
256
6
ByLayer
370
-1
48
1.0
60
0
100
AcDbCircle
39
0.0
10
634.752905274037
20
395.596996413874
30
0.0
40
291.667760990767
210
0.0
220
0.0
230
1.0
100
AcDbArc
50
132.157912147863
51
132.348575070481
0
ARC
5
63A
330
70
100
AcDbEntity
67
0
8
0
62
256
6
ByLayer
370
-1
48
1.0
60
0
100
AcDbCircle
39
0.0
10
635.776416969696
20
394.46909527911
30
0.0
40
293.190828377244
210
0.0
220
0.0
230
1.0
100
AcDbArc
50
131.968328468219
51
132.158245645517
0
ARC
5
63B
330
70
100
AcDbEntity
67
0
8
0
62
256
6
ByLayer
370
-1
48
1.0
60
0
100
AcDbCircle
39
0.0
10
636.930223907824
20
393.189110207918
30
0.0
40
294.914089403356
210
0.0
220
0.0
230
1.0
100
AcDbArc
50
131.779619661705
51
131.968701687106
0
ARC
5
63C
330
70
100
AcDbEntity
67
0
8
0
62
256
6
ByLayer
370
-1
48
1.0
60
0
100
AcDbCircle
39
0.0
10
638.215325968158
20
391.753978415748
30
0.0
40
296.840507331355
210
0.0
220
0.0
230
1.0
100
AcDbArc
50
131.591873141312
51
131.7800319573
0
ARC
5
63D
330
70
100
AcDbEntity
67
0
8
0
62
256
6
ByLayer
370
-1
48
1.0
60
0
100
AcDbCircle
39
0.0
10
631.360854893609
20
399.478298100194
30
0.0
40
286.513412535542
210
0.0
220
0.0
230
1.0
100
AcDbArc
50
131.396882743651
51
131.592103740091
0
ARC
5
63E
330
70
100
AcDbEntity
67
0
8
0
62
256
6
ByLayer
370
-1
48
1.0
60
0
100
AcDbCircle
39
0.0
10
630.944054118059
20
399.949068090917
30
0.0
40
285.884647531923
210
0.0
220
0.0
230
1.0
100
AcDbArc
50
131.200746052263
51
131.396611119474
0
ARC
5
63F
330
70
100
AcDbEntity
67
0
8
0
62
256
6
ByLayer
370
-1
48
1.0
60
0
100
AcDbCircle
39
0.0
10
631.280761482702
20
399.56534062448
30
0.0
40
286.395155399036
210
0.0
220
0.0
230
1.0
100
AcDbArc
50
131.005134825301
51
131.200862037375
0
ARC
5
640
330
70
100
AcDbEntity
67
0
8
0
62
256
6
ByLayer
370
-1
48
1.0
60
0
100
AcDbCircle
39
0.0
10
631.602528438454
20
399.196104061719
30
0.0
40
286.884919939182
210
0.0
220
0.0
230
1.0
100
AcDbArc
50
130.809644799382
51
131.005245814152
0
ARC
5
641
330
70
100
AcDbEntity
67
0
8
0
62
256
6
ByLayer
370
-1
48
1.0
60
0
100
AcDbCircle
39
0.0
10
631.909447519937
20
398.841469503497
30
0.0
40
287.353923894566
210
0.0
220
0.0
230
1.0
100
AcDbArc
50
130.614264422576
51
130.809750825706
0
ARC
5
642
330
70
100
AcDbEntity
67
0
8
0
62
256
6
ByLayer
370
-1
48
1.0
60
0
100
AcDbCircle
39
0.0
10
632.201615437194
20
398.501543151499
30
0.0
40
287.802155708675
210
0.0
220
0.0
230
1.0
100
AcDbArc
50
130.418982212451
51
130.614365519318
0
ARC
5
643
330
70
100
AcDbEntity
67
0
8
0
62
256
6
ByLayer
370
-1
48
1.0
60
0
100
AcDbCircle
39
0.0
10
632.479133300129
20
398.176425946645
30
0.0
40
288.229609948673
210
0.0
220
0.0
230
1.0
100
AcDbArc
50
130.223786754631
51
130.419078411872
0
ARC
5
644
330
70
100
AcDbEntity
67
0
8
0
62
256
6
ByLayer
370
-1
48
1.0
60
0
100
AcDbCircle
39
0.0
10
632.742106484547
20
397.866213618963
30
0.0
40
288.636287182568
210
0.0
220
0.0
230
1.0
100
AcDbArc
50
130.028666701177
51
130.223878088271
0
ARC
5
645
330
70
100
AcDbEntity
67
0
8
0
62
256
6
ByLayer
370
-1
48
1.0
60
0
100
AcDbCircle
39
0.0
10
632.990644560042
20
397.570996667366
30
0.0
40
289.022193950258
210
0.0
220
0.0
230
1.0
100
AcDbArc
50
129.833610769036
51
130.028753199853
0
ARC
5
646
330
70
100
AcDbEntity
67
0
8
0
62
256
6
ByLayer
370
-1
48
1.0
60
0
100
AcDbCircle
39
0.0
10
633.224861109332
20
397.290860470563
30
0.0
40
289.387342564775
210
0.0
220
0.0
230
1.0
100
AcDbArc
50
129.638607738447
51
129.833692462877
0
ARC
5
647
330
70
100
AcDbEntity
67
0
8
0
62
256
6
ByLayer
370
-1
48
1.0
60
0
100
AcDbCircle
39
0.0
10
633.444873786194
20
397.025885115019
30
0.0
40
289.731751284055
210
0.0
220
0.0
230
1.0
100
AcDbArc
50
129.4436464515
51
129.638684656913
0
ARC
5
648
330
70
100
AcDbEntity
67
0
8
0
62
256
6
ByLayer
370
-1
48
1.0
60
0
100
AcDbCircle
39
0.0
10
633.650804121575
20
396.776145524462
30
0.0
40
290.055444090245
210
0.0
220
0.0
230
1.0
100
AcDbArc
50
129.248715810621
51
129.443718623419
0
ARC
5
649
330
70
100
AcDbEntity
67
0
8
0
62
256
6
ByLayer
370
-1
48
1.0
60
0
100
AcDbCircle
39
0.0
10
633.842777587505
20
396.541711279024
30
0.0
40
290.358450872885
210
0.0
220
0.0
230
1.0
100
AcDbArc
50
129.053804777162
51
129.248783264148
0
ARC
5
64A
330
70
100
AcDbEntity
67
0
8
0
62
256
6
ByLayer
370
-1
48
1.0
60
0
100
AcDbCircle
39
0.0
10
634.020923358647
20
396.322646802262
30
0.0
40
290.640807136305
210
0.0
220
0.0
230
1.0
100
AcDbArc
50
128.8589023699
51
129.053867539789
0
ARC
5
64B
330
70
100
AcDbEntity
67
0
8
0
62
256
6
ByLayer
370
-1
48
1.0
60
0
100
AcDbCircle
39
0.0
10
634.185374377685
20
396.119011179204
30
0.0
40
290.902554185394
210
0.0
220
0.0
230
1.0
100
AcDbArc
50
128.663997663764
51
128.858960468504
0
ARC
5
64C
330
70
100
AcDbEntity
67
0
8
0
62
256
6
ByLayer
370
-1
48
1.0
60
0
100
AcDbCircle
39
0.0
10
634.336266872655
20
395.930858653682
30
0.0
40
291.143738438948
210
0.0
220
0.0
230
1.0
100
AcDbArc
50
128.469079788122
51
128.664051124616
0
ARC
5
64D
330
70
100
AcDbEntity
67
0
8
0
62
256
6
ByLayer
370
-1
48
1.0
60
0
100
AcDbCircle
39
0.0
10
634.473741137165
20
395.758237555129
30
0.0
40
291.364412758722
210
0.0
220
0.0
230
1.0
100
AcDbArc
50
128.274137926063
51
128.46912863694
0
ARC
5
64E
330
70
100
AcDbEntity
67
0
8
0
62
256
6
ByLayer
370
-1
48
1.0
60
0
100
AcDbCircle
39
0.0
10
634.597940381654
20
395.601191631555
30
0.0
40
291.564634694947
210
0.0
220
0.0
230
1.0
100
AcDbArc
50
128.079161312354
51
128.274182187846
0
ARC
5
64F
330
70
100
AcDbEntity
67
0
8
0
62
256
6
ByLayer
370
-1
48
1.0
60
0
100
AcDbCircle
39
0.0
10
634.709011409567
20
395.459759104597
30
0.0
40
291.744467651009
210
0.0
220
0.0
230
1.0
100
AcDbArc
50
127.884139232628
51
128.079201011604
0
ARC
5
650
330
70
100
AcDbEntity
67
0
8
0
62
256
6
ByLayer
370
-1
48
1.0
60
0
100
AcDbCircle
39
0.0
10
634.807104085589
20
395.333973242425
30
0.0
40
291.903980108643
210
0.0
220
0.0
230
1.0
100
AcDbArc
50
127.689061021861
51
127.884174393313
0
ARC
5
651
330
70
100
AcDbEntity
67
0
8
0
62
256
6
ByLayer
370
-1
48
1.0
60
0
100
AcDbCircle
39
0.0
10
634.892371750363
20
395.223861728341
30
0.0
40
292.043246385257
210
0.0
220
0.0
230
1.0
100
AcDbArc
50
127.493916063382
51
127.689091667338
0
ARC
5
652
330
70
100
AcDbEntity
67
0
8
0
62
256
6
ByLayer
370
-1
48
1.0
60
0
100
AcDbCircle
39
0.0
10
634.964970459509
20
395.129447541241
30
0.0
40
292.162345476429
210
0.0
220
0.0
230
1.0
100
AcDbArc
50
127.298693787284
51
127.493942216422
0
ARC
5
653
330
70
100
AcDbEntity
67
0
8
0
62
256
6
ByLayer
370
-1
48
1.0
60
0
100
AcDbCircle
39
0.0
10
635.025059414343
20
395.050748304588
30
0.0
40
292.261361839289
210
0.0
220
0.0
230
1.0
100
AcDbArc
50
127.10338366953
51
127.2987154702
0
ARC
5
654
330
70
100
AcDbEntity
67
0
8
0
62
256
6
ByLayer
370
-1
48
1.0
60
0
100
AcDbCircle
39
0.0
10
635.072800668482
20
394.987776568526
30
0.0
40
292.340384995128
210
0.0
220
0.0
230
1.0
100
AcDbArc
50
126.907975230667
51
127.103400904111
0
ARC
5
655
330
70
100
AcDbEntity
67
0
8
0
62
256
6
ByLayer
370
-1
48
1.0
60
0
100
AcDbCircle
39
0.0
10
635.108359053154
20
394.940539811887
30
0.0
40
292.399509487744
210
0.0
220
0.0
230
1.0
100
AcDbArc
50
126.712458034628
51
126.907988038149
0
ARC
5
656
330
70
100
AcDbEntity
67
0
8
0
62
256
6
ByLayer
370
-1
48
1.0
60
0
100
AcDbCircle
39
0.0
10
635.131902187646
20
394.909040331705
30
0.0
40
292.438834983227
210
0.0
220
0.0
230
1.0
100
AcDbArc
50
126.516821687786
51
126.712466435782
0
ARC
5
657
330
70
100
AcDbEntity
67
0
8
0
62
256
6
ByLayer
370
-1
48
1.0
60
0
100
AcDbCircle
39
0.0
10
635.143600093239
20
394.893275663527
30
0.0
40
292.458465707565
210
0.0
220
0.0
230
1.0
100
AcDbArc
50
126.321055837554
51
126.516825702851
0
ARC
5
658
330
70
100
AcDbEntity
67
0
8
0
62
256
6
ByLayer
370
-1
48
1.0
60
0
100
AcDbCircle
39
0.0
10
635.143625493914
20
394.893238084849
30
0.0
40
292.458511030163
210
0.0
220
0.0
230
1.0
100
AcDbArc
50
126.125150171641
51
126.321055486363
0
ARC
5
659
330
70
100
AcDbEntity
67
0
8
0
62
256
6
ByLayer
370
-1
48
1.0
60
0
100
AcDbCircle
39
0.0
10
635.132153402404
20
394.908915078296
30
0.0
40
292.439084851123
210
0.0
220
0.0
230
1.0
100
AcDbArc
50
125.92909441676
51
126.125145473531
0
ARC
5
65A
330
70
100
AcDbEntity
67
0
8
0
62
256
6
ByLayer
370
-1
48
1.0
60
0
100
AcDbCircle
39
0.0
10
635.10936121284
20
394.940289114392
30
0.0
40
292.400305837159
210
0.0
220
0.0
230
1.0
100
AcDbArc
50
125.732878337733
51
125.929085390643
0
ARC
5
65B
330
70
100
AcDbEntity
67
0
8
0
62
256
6
ByLayer
370
-1
48
1.0
60
0
100
AcDbCircle
39
0.0
10
635.075428614634
20
394.987337674226
30
0.0
40
292.342297358705
210
0.0
220
0.0
230
1.0
100
AcDbArc
50
125.53649173651
51
125.732865002049
0
ARC
5
65C
330
70
100
AcDbEntity
67
0
8
0
62
256
6
ByLayer
370
-1
48
1.0
60
0
100
AcDbCircle
39
0.0
10
635.030537314128
20
395.050033542868
30
0.0
40
292.265187095323
210
0.0
220
0.0
230
1.0
100
AcDbArc
50
125.339924451059
51
125.536474109231
0
ARC
5
65D
330
70
100
AcDbEntity
67
0
8
0
62
256
6
ByLayer
370
-1
48
1.0
60
0
100
AcDbCircle
39
0.0
10
634.974871109332
20
395.128344616487
30
0.0
40
292.169107242436
210
0.0
220
0.0
230
1.0
100
AcDbArc
50
125.143166354531
51
125.339902549756
0
ARC
5
65E
330
70
100
AcDbEntity
67
0
8
0
62
256
6
ByLayer
370
-1
48
1.0
60
0
100
AcDbCircle
39
0.0
10
634.908615643502
20
395.222234158539
30
0.0
40
292.054194166271
210
0.0
220
0.0
230
1.0
100
AcDbArc
50
124.946207354251
51
125.143140196413
0
ARC
5
65F
330
70
100
AcDbEntity
67
0
8
0
62
256
6
ByLayer
370
-1
48
1.0
60
0
100
AcDbCircle
39
0.0
10
634.831958567016
20
395.331660480755
30
0.0
40
291.920588764542
210
0.0
220
0.0
230
1.0
100
AcDbArc
50
124.749037390964
51
124.94617695614
0
ARC
5
660
330
70
100
AcDbEntity
67
0
8
0
62
256
6
ByLayer
370
-1
48
1.0
60
0
100
AcDbCircle
39
0.0
10
634.745089167112
20
395.456577379687
30
0.0
40
291.768435903318
210
0.0
220
0.0
230
1.0
100
AcDbArc
50
124.551646437792
51
124.749002769273
0
ARC
5
661
330
70
100
AcDbEntity
67
0
8
0
62
256
6
ByLayer
370
-1
48
1.0
60
0
100
AcDbCircle
39
0.0
10
634.648198445017
20
395.596933940777
30
0.0
40
291.597884628932
210
0.0
220
0.0
230
1.0
100
AcDbArc
50
124.35402449952
51
124.55160760861
0
ARC
5
662
330
70
100
AcDbEntity
67
0
8
0
62
256
6
ByLayer
370
-1
48
1.0
60
0
100
AcDbCircle
39
0.0
10
634.541479012375
20
395.752674597948
30
0.0
40
291.40908806728
210
0.0
220
0.0
230
1.0
100
AcDbArc
50
124.156161611709
51
124.353981478509
0
ARC
5
663
330
70
100
AcDbEntity
67
0
8
0
62
256
6
ByLayer
370
-1
48
1.0
60
0
100
AcDbCircle
39
0.0
10
634.425124829072
20
395.923739431118
30
0.0
40
291.202203037523
210
0.0
220
0.0
230
1.0
100
AcDbArc
50
123.958047839853
51
124.156114414218
0
ARC
5
664
330
70
100
AcDbEntity
67
0
8
0
62
256
6
ByLayer
370
-1
48
1.0
60
0
100
AcDbCircle
39
0.0
10
634.299331335968
20
396.110063887483
30
0.0
40
290.977390364697
210
0.0
220
0.0
230
1.0
100
AcDbArc
50
123.759673278708
51
123.957996480914
0
ARC
5
665
330
70
100
AcDbEntity
67
0
8
0
62
256
6
ByLayer
370
-1
48
1.0
60
0
100
AcDbCircle
39
0.0
10
634.164295296073
20
396.311578927971
30
0.0
40
290.734814677086
210
0.0
220
0.0
230
1.0
100
AcDbArc
50
123.561028051532
51
123.759617772988
0
ARC
5
666
330
70
100
AcDbEntity
67
0
8
0
62
256
6
ByLayer
370
-1
48
1.0
60
0
100
AcDbCircle
39
0.0
10
634.020214519897
20
396.528211354896
30
0.0
40
290.474643988956
210
0.0
220
0.0
230
1.0
100
AcDbArc
50
123.362102309238
51
123.560968413402
0
ARC
5
667
330
70
100
AcDbEntity
67
0
8
0
62
256
6
ByLayer
370
-1
48
1.0
60
0
100
AcDbCircle
39
0.0
10
633.867287995495
20
396.759883536839
30
0.0
40
290.197050009599
210
0.0
220
0.0
230
1.0
100
AcDbArc
50
123.162886229799
51
123.362038552793
0
ARC
5
668
330
70
100
AcDbEntity
67
0
8
0
62
256
6
ByLayer
370
-1
48
1.0
60
0
100
AcDbCircle
39
0.0
10
633.705715816329
20
397.006513432154
30
0.0
40
289.902208092078
210
0.0
220
0.0
230
1.0
100
AcDbArc
50
122.963370017697
51
123.16281836887
0
ARC
5
669
330
70
100
AcDbEntity
67
0
8
0
62
256
6
ByLayer
370
-1
48
1.0
60
0
100
AcDbCircle
39
0.0
10
633.535698859855
20
397.268014996708
30
0.0
40
289.590296724287
210
0.0
220
0.0
230
1.0
100
AcDbArc
50
122.763543903004
51
122.96329806576
0
ARC
5
66A
330
70
100
AcDbEntity
67
0
8
0
62
256
6
ByLayer
370
-1
48
1.0
60
0
100
AcDbCircle
39
0.0
10
633.357438898502
20
397.544297937506
30
0.0
40
289.261497804435
210
0.0
220
0.0
230
1.0
100
AcDbArc
50
122.563398140998
51
122.763467873338
0
ARC
5
66B
330
70
100
AcDbEntity
67
0
8
0
62
256
6
ByLayer
370
-1
48
1.0
60
0
100
AcDbCircle
39
0.0
10
633.171138410073
20
397.835267925085
30
0.0
40
288.915996368334
210
0.0
220
0.0
230
1.0
100
AcDbArc
50
122.362923011444
51
122.56331804662
0
ARC
5
66C
330
70
100
AcDbEntity
67
0
8
0
62
256
6
ByLayer
370
-1
48
1.0
60
0
100
AcDbCircle
39
0.0
10
632.97700055589
20
398.140826550182
30
0.0
40
288.553980622842
210
0.0
220
0.0
230
1.0
100
AcDbArc
50
122.162108818108
51
122.362838865149
0
ARC
5
66D
330
70
100
AcDbEntity
67
0
8
0
62
256
6
ByLayer
370
-1
48
1.0
60
0
100
AcDbCircle
39
0.0
10
632.77522907711
20
398.46087140798
30
0.0
40
288.175641828022
210
0.0
220
0.0
230
1.0
100
AcDbArc
50
121.960945888209
51
122.162020632454
0
ARC
5
66E
330
70
100
AcDbEntity
67
0
8
0
62
256
6
ByLayer
370
-1
48
1.0
60
0
100
AcDbCircle
39
0.0
10
632.566028114731
20
398.79529630782
30
0.0
40
287.78117403278
210
0.0
220
0.0
230
1.0
100
AcDbArc
50
121.759424571811
51
121.960853675522
0
ARC
5
66F
330
70
100
AcDbEntity
67
0
8
0
62
256
6
ByLayer
370
-1
48
1.0
60
0
100
AcDbCircle
39
0.0
10
632.349602277626
20
399.143991090812
30
0.0
40
287.370774274761
210
0.0
220
0.0
230
1.0
100
AcDbArc
50
121.557535241505
51
121.759328344262
0
ARC
5
670
330
70
100
AcDbEntity
67
0
8
0
62
256
6
ByLayer
370
-1
48
1.0
60
0
100
AcDbCircle
39
0.0
10
632.126156421289
20
399.506841909688
30
0.0
40
286.944642235215
210
0.0
220
0.0
230
1.0
100
AcDbArc
50
121.355268291838
51
121.557435011073
0
ARC
5
671
330
70
100
AcDbEntity
67
0
8
0
62
256
6
ByLayer
370
-1
48
1.0
60
0
100
AcDbCircle
39
0.0
10
631.895895673009
20
399.883731114992
30
0.0
40
286.502980358598
210
0.0
220
0.0
230
1.0
100
AcDbArc
50
121.152614138909
51
121.355164070277
0
ARC
5
672
330
70
100
AcDbEntity
67
0
8
0
62
256
6
ByLayer
370
-1
48
1.0
60
0
100
AcDbCircle
39
0.0
10
631.65902520214
20
400.274537559482
30
0.0
40
286.045993482687
210
0.0
220
0.0
230
1.0
100
AcDbArc
50
120.949563219973
51
121.152505937878
0
ARC
5
673
330
70
100
AcDbEntity
67
0
8
0
62
256
6
ByLayer
370
-1
48
1.0
60
0
100
AcDbCircle
39
0.0
10
631.415750345871
20
400.679136319409
30
0.0
40
285.5738891519
210
0.0
220
0.0
230
1.0
100
AcDbArc
50
120.746105993137
51
120.949451050956
0
ARC
5
674
330
70
100
AcDbEntity
67
0
8
0
62
256
6
ByLayer
370
-1
48
1.0
60
0
100
AcDbCircle
39
0.0
10
631.166276293622
20
401.097399146898
30
0.0
40
285.086877076923
210
0.0
220
0.0
230
1.0
100
AcDbArc
50
120.542232936873
51
120.745989867461
0
ARC
5
675
330
70
100
AcDbEntity
67
0
8
0
62
256
6
ByLayer
370
-1
48
1.0
60
0
100
AcDbCircle
39
0.0
10
630.910808163936
20
401.529194275756
30
0.0
40
284.585169350965
210
0.0
220
0.0
230
1.0
100
AcDbArc
50
120.337934549846
51
120.542112865803
0
ARC
5
676
330
70
100
AcDbEntity
67
0
8
0
62
256
6
ByLayer
370
-1
48
1.0
60
0
100
AcDbCircle
39
0.0
10
630.649550860405
20
401.974386594862
30
0.0
40
284.068980237403
210
0.0
220
0.0
230
1.0
100
AcDbArc
50
120.133201350546
51
120.337810544537
0
ARC
5
677
330
70
100
AcDbEntity
67
0
8
0
62
256
6
ByLayer
370
-1
48
1.0
60
0
100
AcDbCircle
39
0.0
10
630.382709085796
20
402.432837555967
30
0.0
40
283.538526266847
210
0.0
220
0.0
230
1.0
100
AcDbArc
50
119.928023877128
51
120.13307342204
0
ARC
5
678
330
70
100
AcDbEntity
67
0
8
0
62
256
6
ByLayer
370
-1
48
1.0
60
0
100
AcDbCircle
39
0.0
10
630.110487066219
20
402.904405581119
30
0.0
40
282.99402575681
210
0.0
220
0.0
230
1.0
100
AcDbArc
50
119.72239268704
51
119.927892036394
0
ARC
5
679
330
70
100
AcDbEntity
67
0
8
0
62
256
6
ByLayer
370
-1
48
1.0
60
0
100
AcDbCircle
39
0.0
10
629.833088728242
20
403.388945692801
30
0.0
40
282.435699231273
210
0.0
220
0.0
230
1.0
100
AcDbArc
50
119.516298357024
51
119.722256944984
0
ARC
5
67A
330
70
100
AcDbEntity
67
0
8
0
62
256
6
ByLayer
370
-1
48
1.0
60
0
100
AcDbCircle
39
0.0
10
629.550717337409
20
403.88631007881
30
0.0
40
281.863768761703
210
0.0
220
0.0
230
1.0
100
AcDbArc
50
119.309731482704
51
119.516158724477
0
ARC
5
67B
330
70
100
AcDbEntity
67
0
8
0
62
256
6
ByLayer
370
-1
48
1.0
60
0
100
AcDbCircle
39
0.0
10
629.263575684706
20
404.396347705661
30
0.0
40
281.278458406321
210
0.0
220
0.0
230
1.0
100
AcDbArc
50
119.10268267872
51
119.309587970536
0
ARC
5
67C
330
70
100
AcDbEntity
67
0
8
0
62
256
6
ByLayer
370
-1
48
1.0
60
0
100
AcDbCircle
39
0.0
10
628.971865871625
20
404.918904633358
30
0.0
40
280.679993841494
210
0.0
220
0.0
230
1.0
100
AcDbArc
50
118.895142578449
51
119.102535297719
0
ARC
5
67D
330
70
100
AcDbEntity
67
0
8
0
62
256
6
ByLayer
370
-1
48
1.0
60
0
100
AcDbCircle
39
0.0
10
628.797762595768
20
405.233550645601
30
0.0
40
280.320391405068
210
0.0
220
0.0
230
1.0
100
AcDbArc
50
118.687361901877
51
118.895063099113
0
ARC
5
67E
330
70
100
AcDbEntity
67
0
8
0
62
256
6
ByLayer
370
-1
48
1.0
60
0
100
AcDbCircle
39
0.0
10
628.98311230045
20
404.895965392682
30
0.0
40
280.70551218719
210
0.0
220
0.0
230
1.0
100
AcDbArc
50
118.480020106447
51
118.687473625461
0
ARC
5
67F
330
70
100
AcDbEntity
67
0
8
0
62
256
6
ByLayer
370
-1
48
1.0
60
0
100
AcDbCircle
39
0.0
10
629.075548521748
20
404.726064164787
30
0.0
40
280.898930977395
210
0.0
220
0.0
230
1.0
100
AcDbArc
50
118.272721343919
51
118.480067453027
0
ARC
5
680
330
70
100
AcDbEntity
67
0
8
0
62
256
6
ByLayer
370
-1
48
1.0
60
0
100
AcDbCircle
39
0.0
10
629.161209001765
20
404.567250523434
30
0.0
40
281.079373333123
210
0.0
220
0.0
230
1.0
100
AcDbArc
50
118.065518766717
51
118.272765444522
0
ARC
5
681
330
70
100
AcDbEntity
67
0
8
0
62
256
6
ByLayer
370
-1
48
1.0
60
0
100
AcDbCircle
39
0.0
10
629.240159174859
20
404.419601856325
30
0.0
40
281.246804568359
210
0.0
220
0.0
230
1.0
100
AcDbArc
50
117.858404404688
51
118.065559623769
0
ARC
5
682
330
70
100
AcDbEntity
67
0
8
0
62
256
6
ByLayer
370
-1
48
1.0
60
0
100
AcDbCircle
39
0.0
10
629.312466394019
20
404.283192569382
30
0.0
40
281.401193018039
210
0.0
220
0.0
230
1.0
100
AcDbArc
50
117.651370293454
51
117.858442020568
0
ARC
5
683
330
70
100
AcDbEntity
67
0
8
0
62
256
6
ByLayer
370
-1
48
1.0
60
0
100
AcDbCircle
39
0.0
10
629.378199913022
20
404.158094036099
30
0.0
40
281.542510073024
210
0.0
220
0.0
230
1.0
100
AcDbArc
50
117.444408474201
51
117.651404670468
0
ARC
5
684
330
70
100
AcDbEntity
67
0
8
0
62
256
6
ByLayer
370
-1
48
1.0
60
0
100
AcDbCircle
39
0.0
10
629.437430813413
20
404.044374652338
30
0.0
40
281.670730096337
210
0.0
220
0.0
230
1.0
100
AcDbArc
50
117.237510993443
51
117.444439614601
0
ARC
5
685
330
70
100
AcDbEntity
67
0
8
0
62
256
6
ByLayer
370
-1
48
1.0
60
0
100
AcDbCircle
39
0.0
10
629.490232010466
20
403.942099740667
30
0.0
40
281.785830509626
210
0.0
220
0.0
230
1.0
100
AcDbArc
50
117.030669902785
51
117.237538899391
0
ARC
5
686
330
70
100
AcDbEntity
67
0
8
0
62
256
6
ByLayer
370
-1
48
1.0
60
0
100
AcDbCircle
39
0.0
10
629.53667826145
20
403.851331446715
30
0.0
40
281.887791888035
210
0.0
220
0.0
230
1.0
100
AcDbArc
50
116.823877258744
51
117.030694576313
0
ARC
5
687
330
70
100
AcDbEntity
67
0
8
0
62
256
6
ByLayer
370
-1
48
1.0
60
0
100
AcDbCircle
39
0.0
10
629.576845880993
20
403.772129212701
30
0.0
40
281.97659740813
210
0.0
220
0.0
230
1.0
100
AcDbArc
50
116.617125122305
51
116.823898701855
0
ARC
5
688
330
70
100
AcDbEntity
67
0
8
0
62
256
6
ByLayer
370
-1
48
1.0
60
0
100
AcDbCircle
39
0.0
10
629.610813141153
20
403.704548905703
30
0.0
40
282.052233805579
210
0.0
220
0.0
230
1.0
100
AcDbArc
50
116.410405559059
51
116.617143336963
0
ARC
5
689
330
70
100
AcDbEntity
67
0
8
0
62
256
6
ByLayer
370
-1
48
1.0
60
0
100
AcDbCircle
39
0.0
10
629.638659897798
20
403.648643463749
30
0.0
40
282.114690629471
210
0.0
220
0.0
230
1.0
100
AcDbArc
50
116.203710638668
51
116.410420547055
0
ARC
5
68A
330
70
100
AcDbEntity
67
0
8
0
62
256
6
ByLayer
370
-1
48
1.0
60
0
100
AcDbCircle
39
0.0
10
629.660467591002
20
403.604462815417
30
0.0
40
282.163960314011
210
0.0
220
0.0
230
1.0
100
AcDbArc
50
115.997032434653
51
116.20372240176
0
ARC
5
68B
330
70
100
AcDbEntity
67
0
8
0
62
256
6
ByLayer
370
-1
48
1.0
60
0
100
AcDbCircle
39
0.0
10
629.676319420108
20
403.572053436779
30
0.0
40
282.200038652951
210
0.0
220
0.0
230
1.0
100
AcDbArc
50
115.790363024389
51
115.997040974561
0
ARC
5
68C
330
70
100
AcDbEntity
67
0
8
0
62
256
6
ByLayer
370
-1
48
1.0
60
0
100
AcDbCircle
39
0.0
10
629.686300048212
20
403.551458861566
30
0.0
40
282.222924211265
210
0.0
220
0.0
230
1.0
100
AcDbArc
50
115.583694488571
51
115.790368342699
0
ARC
5
68D
330
70
100
AcDbEntity
67
0
8
0
62
256
6
ByLayer
370
-1
48
1.0
60
0
100
AcDbCircle
39
0.0
10
629.690495783469
20
403.542719222191
30
0.0
40
282.232618817185
210
0.0
220
0.0
230
1.0
100
AcDbArc
50
115.377018911244
51
115.583696586841
0
ARC
5
68E
330
70
100
AcDbEntity
67
0
8
0
62
256
6
ByLayer
370
-1
48
1.0
60
0
100
AcDbCircle
39
0.0
10
629.688994396182
20
403.545871535668
30
0.0
40
282.229127225344
210
0.0
220
0.0
230
1.0
100
AcDbArc
50
115.170328379392
51
115.377017790908
0
ARC
5
68F
330
70
100
AcDbEntity
67
0
8
0
62
256
6
ByLayer
370
-1
48
1.0
60
0
100
AcDbCircle
39
0.0
10
629.68188516438
20
403.560949519318
30
0.0
40
282.21245730299
210
0.0
220
0.0
230
1.0
100
AcDbArc
50
114.963614982816
51
115.170324041819
0
ARC
5
690
330
70
100
AcDbEntity
67
0
8
0
62
256
6
ByLayer
370
-1
48
1.0
60
0
100
AcDbCircle
39
0.0
10
629.669258788217
20
403.587983678889
30
0.0
40
282.182619914119
210
0.0
220
0.0
230
1.0
100
AcDbArc
50
114.756870813816
51
114.963607429255
0
ARC
5
691
330
70
100
AcDbEntity
67
0
8
0
62
256
6
ByLayer
370
-1
48
1.0
60
0
100
AcDbCircle
39
0.0
10
629.651207356409
20
403.627001290401
30
0.0
40
282.1396289222
210
0.0
220
0.0
230
1.0
100
AcDbArc
50
114.550087967018
51
114.756860045474
0
ARC
5
692
330
70
100
AcDbEntity
67
0
8
0
62
256
6
ByLayer
370
-1
48
1.0
60
0
100
AcDbCircle
39
0.0
10
629.627824260575
20
403.6780264952
30
0.0
40
282.083501068543
210
0.0
220
0.0
230
1.0
100
AcDbArc
50
114.343258539069
51
114.550073985089
0
ARC
5
693
330
70
100
AcDbEntity
67
0
8
0
62
256
6
ByLayer
370
-1
48
1.0
60
0
100
AcDbCircle
39
0.0
10
629.599204464578
20
403.741079613927
30
0.0
40
282.014256708919
210
0.0
220
0.0
230
1.0
100
AcDbArc
50
114.136374628733
51
114.343241344622
0
ARC
5
694
330
70
100
AcDbEntity
67
0
8
0
62
256
6
ByLayer
370
-1
48
1.0
60
0
100
AcDbCircle
39
0.0
10
629.565443899387
20
403.816178380533
30
0.0
40
281.931918440644
210
0.0
220
0.0
230
1.0
100
AcDbArc
50
113.929428336084
51
114.136354222689
0
ARC
5
695
330
70
100
AcDbEntity
67
0
8
0
62
256
6
ByLayer
370
-1
48
1.0
60
0
100
AcDbCircle
39
0.0
10
629.526639950427
20
403.903336777774
30
0.0
40
281.836512365552
210
0.0
220
0.0
230
1.0
100
AcDbArc
50
113.722411762838
51
113.929404719401
0
ARC
5
696
330
70
100
AcDbEntity
67
0
8
0
62
256
6
ByLayer
370
-1
48
1.0
60
0
100
AcDbCircle
39
0.0
10
629.482891137812
20
404.002565648634
30
0.0
40
281.728067402502
210
0.0
220
0.0
230
1.0
100
AcDbArc
50
113.515317011863
51
113.722384936366
0
ARC
5
697
330
70
100
AcDbEntity
67
0
8
0
62
256
6
ByLayer
370
-1
48
1.0
60
0
100
AcDbCircle
39
0.0
10
629.434297153401
20
404.113872520821
30
0.0
40
281.60661546421
210
0.0
220
0.0
230
1.0
100
AcDbArc
50
113.308136187011
51
113.515286976377
0
ARC
5
698
330
70
100
AcDbEntity
67
0
8
0
62
256
6
ByLayer
370
-1
48
1.0
60
0
100
AcDbCircle
39
0.0
10
629.380958848208
20
404.237261537844
30
0.0
40
281.472191516795
210
0.0
220
0.0
230
1.0
100
AcDbArc
50
113.100861392975
51
113.308102943218
0
ARC
5
699
330
70
100
AcDbEntity
67
0
8
0
62
256
6
ByLayer
370
-1
48
1.0
60
0
100
AcDbCircle
39
0.0
10
629.322978078421
20
404.372733718432
30
0.0
40
281.324833282114
210
0.0
220
0.0
230
1.0
100
AcDbArc
50
112.893484734926
51
113.100824941501
0
ARC
5
69A
330
70
100
AcDbEntity
67
0
8
0
62
256
6
ByLayer
370
-1
48
1.0
60
0
100
AcDbCircle
39
0.0
10
629.260457853168
20
404.520286515663
30
0.0
40
281.164581702902
210
0.0
220
0.0
230
1.0
100
AcDbArc
50
112.685998318562
51
112.89344507636
0
ARC
5
69B
330
70
100
AcDbEntity
67
0
8
0
62
256
6
ByLayer
370
-1
48
1.0
60
0
100
AcDbCircle
39
0.0
10
629.1935020509
20
404.679914384917
30
0.0
40
280.991480310995
210
0.0
220
0.0
230
1.0
100
AcDbArc
50
112.478394249626
51
112.685955453419
0
ARC
5
69C
330
70
100
AcDbEntity
67
0
8
0
62
256
6
ByLayer
370
-1
48
1.0
60
0
100
AcDbCircle
39
0.0
10
629.122215631977
20
404.851608182817
30
0.0
40
280.8055758658
210
0.0
220
0.0
230
1.0
100
AcDbArc
50
112.270664633953
51
112.47834817835
0
ARC
5
69D
330
70
100
AcDbEntity
67
0
8
0
62
256
6
ByLayer
370
-1
48
1.0
60
0
100
AcDbCircle
39
0.0
10
629.046704362767
20
405.035355728638
30
0.0
40
280.606917732089
210
0.0
220
0.0
230
1.0
100
AcDbArc
50
112.062801577113
51
112.270615356959
0
ARC
5
69E
330
70
100
AcDbEntity
67
0
8
0
62
256
6
ByLayer
370
-1
48
1.0
60
0
100
AcDbCircle
39
0.0
10
628.967074990948
20
405.231141280833
30
0.0
40
280.395558433055
210
0.0
220
0.0
230
1.0
100
AcDbArc
50
111.854797184386
51
112.062749094731
0
ARC
5
69F
330
70
100
AcDbEntity
67
0
8
0
62
256
6
ByLayer
370
-1
48
1.0
60
0
100
AcDbCircle
39
0.0
10
628.883434988116
20
405.438946066231
30
0.0
40
280.171553065491
210
0.0
220
0.0
230
1.0
100
AcDbArc
50
111.646643560407
51
111.854741496888
0
ARC
5
6A0
330
70
100
AcDbEntity
67
0
8
0
62
256
6
ByLayer
370
-1
48
1.0
60
0
100
AcDbCircle
39
0.0
10
628.795892696299
20
405.658747819717
30
0.0
40
279.934959784035
210
0.0
220
0.0
230
1.0
100
AcDbArc
50
111.438332809174
51
111.646584668019
0
ARC
5
6A1
330
70
100
AcDbEntity
67
0
8
0
62
256
6
ByLayer
370
-1
48
1.0
60
0
100
AcDbCircle
39
0.0
10
628.704557073914
20
405.890521319544
30
0.0
40
279.685839212477
210
0.0
220
0.0
230
1.0
100
AcDbArc
50
111.229857033641
51
111.438270712088
0
ARC
5
6A2
330
70
100
AcDbEntity
67
0
8
0
62
256
6
ByLayer
370
-1
48
1.0
60
0
100
AcDbCircle
39
0.0
10
628.609537936602
20
406.134237678173
30
0.0
40
279.424255194613
210
0.0
220
0.0
230
1.0
100
AcDbArc
50
111.021208335924
51
111.229791732054
0
ARC
5
6A3
330
70
100
AcDbEntity
67
0
8
0
62
256
6
ByLayer
370
-1
48
1.0
60
0
100
AcDbCircle
39
0.0
10
628.510945678668
20
406.38986494362
30
0.0
40
279.15027413568
210
0.0
220
0.0
230
1.0
100
AcDbArc
50
110.812378816832
51
111.021139829875
0
ARC
5
6A4
330
70
100
AcDbEntity
67
0
8
0
62
256
6
ByLayer
370
-1
48
1.0
60
0
100
AcDbCircle
39
0.0
10
628.408891234499
20
406.657368107324
30
0.0
40
278.863964984192
210
0.0
220
0.0
230
1.0
100
AcDbArc
50
110.603360575767
51
110.812307106387
0
ARC
5
6A5
330
70
100
AcDbEntity
67
0
8
0
62
256
6
ByLayer
370
-1
48
1.0
60
0
100
AcDbCircle
39
0.0
10
628.303486190911
20
406.936708708186
30
0.0
40
278.565399645111
210
0.0
220
0.0
230
1.0
100
AcDbArc
50
110.394145710731
51
110.603285660991
0
ARC
5
6A6
330
70
100
AcDbEntity
67
0
8
0
62
256
6
ByLayer
370
-1
48
1.0
60
0
100
AcDbCircle
39
0.0
10
628.19484263246
20
407.227845132482
30
0.0
40
278.254652647937
210
0.0
220
0.0
230
1.0
100
AcDbArc
50
110.184726318113
51
110.394067591641
0
ARC
5
6A7
330
70
100
AcDbEntity
67
0
8
0
62
256
6
ByLayer
370
-1
48
1.0
60
0
100
AcDbCircle
39
0.0
10
628.083073135202
20
407.530732527282
30
0.0
40
277.931801229098
210
0.0
220
0.0
230
1.0
100
AcDbArc
50
109.975094492569
51
110.184644994653
0
ARC
5
6A8
330
70
100
AcDbEntity
67
0
8
0
62
256
6
ByLayer
370
-1
48
1.0
60
0
100
AcDbCircle
39
0.0
10
627.96829063755
20
407.845323048198
30
0.0
40
277.596925058409
210
0.0
220
0.0
230
1.0
100
AcDbArc
50
109.765242326817
51
109.975009964664
0
ARC
5
6A9
330
70
100
AcDbEntity
67
0
8
0
62
256
6
ByLayer
370
-1
48
1.0
60
0
100
AcDbCircle
39
0.0
10
627.850608541108
20
408.171565481256
30
0.0
40
277.250106632574
210
0.0
220
0.0
230
1.0
100
AcDbArc
50
109.555161911746
51
109.765154594422
0
ARC
5
6AA
330
70
100
AcDbEntity
67
0
8
0
62
256
6
ByLayer
370
-1
48
1.0
60
0
100
AcDbCircle
39
0.0
10
627.730140503675
20
408.509405707431
30
0.0
40
276.891430771826
210
0.0
220
0.0
230
1.0
100
AcDbArc
50
109.344845336053
51
109.555070974761
0
ARC
5
6AB
330
70
100
AcDbEntity
67
0
8
0
62
256
6
ByLayer
370
-1
48
1.0
60
0
100
AcDbCircle
39
0.0
10
627.607000532081
20
408.858786343378
30
0.0
40
276.520984993511
210
0.0
220
0.0
230
1.0
100
AcDbArc
50
109.134284686389
51
109.344751194449
0
ARC
5
6AC
330
70
100
AcDbEntity
67
0
8
0
62
256
6
ByLayer
370
-1
48
1.0
60
0
100
AcDbCircle
39
0.0
10
627.481302946805
20
409.219646725603
30
0.0
40
276.138859519375
210
0.0
220
0.0
230
1.0
100
AcDbArc
50
108.923472047246
51
109.134187340019
0
ARC
5
6AD
330
70
100
AcDbEntity
67
0
8
0
62
256
6
ByLayer
370
-1
48
1.0
60
0
100
AcDbCircle
39
0.0
10
627.353162099447
20
409.591923619176
30
0.0
40
275.745146517636
210
0.0
220
0.0
230
1.0
100
AcDbArc
50
108.712399500613
51
108.923371495978
0
ARC
5
6AE
330
70
100
AcDbEntity
67
0
8
0
62
256
6
ByLayer
370
-1
48
1.0
60
0
100
AcDbCircle
39
0.0
10
627.222692680774
20
409.975550224427
30
0.0
40
275.339941146882
210
0.0
220
0.0
230
1.0
100
AcDbArc
50
108.501059126382
51
108.712295744376
0
ARC
5
6AF
330
70
100
AcDbEntity
67
0
8
0
62
256
6
ByLayer
370
-1
48
1.0
60
0
100
AcDbCircle
39
0.0
10
627.090009357594
20
410.370457125608
30
0.0
40
274.923340545536
210
0.0
220
0.0
230
1.0
100
AcDbArc
50
108.289443001841
51
108.500952165042
0
ARC
5
6B0
330
70
100
AcDbEntity
67
0
8
0
62
256
6
ByLayer
370
-1
48
1.0
60
0
100
AcDbCircle
39
0.0
10
626.955226936048
20
410.776571709593
30
0.0
40
274.495444439589
210
0.0
220
0.0
230
1.0
100
AcDbArc
50
108.077543201951
51
108.289332835349
0
ARC
5
6B1
330
70
100
AcDbEntity
67
0
8
0
62
256
6
ByLayer
370
-1
48
1.0
60
0
100
AcDbCircle
39
0.0
10
626.818460234377
20
411.193818434225
30
0.0
40
274.056354852641
210
0.0
220
0.0
230
1.0
100
AcDbArc
50
107.865351799201
51
108.077429830261
0
ARC
5
6B2
330
70
100
AcDbEntity
67
0
8
0
62
256
6
ByLayer
370
-1
48
1.0
60
0
100
AcDbCircle
39
0.0
10
626.679824080305
20
411.622118727364
30
0.0
40
273.606176205989
210
0.0
220
0.0
230
1.0
100
AcDbArc
50
107.652860863623
51
107.865235222231
0
ARC
5
6B3
330
70
100
AcDbEntity
67
0
8
0
62
256
6
ByLayer
370
-1
48
1.0
60
0
100
AcDbCircle
39
0.0
10
626.539433145984
20
412.061391392311
30
0.0
40
273.145014887168
210
0.0
220
0.0
230
1.0
100
AcDbArc
50
107.440062462698
51
107.652741081397
0
ARC
5
6B4
330
70
100
AcDbEntity
67
0
8
0
62
256
6
ByLayer
370
-1
48
1.0
60
0
100
AcDbCircle
39
0.0
10
626.397402105907
20
412.511552007409
30
0.0
40
272.672979875162
210
0.0
220
0.0
230
1.0
100
AcDbArc
50
107.22694866155
51
107.439939475254
0
ARC
5
6B5
330
70
100
AcDbEntity
67
0
8
0
62
256
6
ByLayer
370
-1
48
1.0
60
0
100
AcDbCircle
39
0.0
10
626.253845398303
20
412.972513565566
30
0.0
40
272.190182064099
210
0.0
220
0.0
230
1.0
100
AcDbArc
50
107.013511522736
51
107.226822468924
0
ARC
5
6B6
330
70
100
AcDbEntity
67
0
8
0
62
256
6
ByLayer
370
-1
48
1.0
60
0
100
AcDbCircle
39
0.0
10
626.108877330144
20
413.444186035004
30
0.0
40
271.696734719372
210
0.0
220
0.0
230
1.0
100
AcDbArc
50
106.799743106554
51
107.013382125069
0
ARC
5
6B7
330
70
100
AcDbEntity
67
0
8
0
62
256
6
ByLayer
370
-1
48
1.0
60
0
100
AcDbCircle
39
0.0
10
625.962611877516
20
413.926476895254
30
0.0
40
271.192752912305
210
0.0
220
0.0
230
1.0
100
AcDbArc
50
106.585635470744
51
106.799610503992
0
ARC
5
6B8
330
70
100
AcDbEntity
67
0
8
0
62
256
6
ByLayer
370
-1
48
1.0
60
0
100
AcDbCircle
39
0.0
10
625.815162836885
20
414.419290534999
30
0.0
40
270.678354146084
210
0.0
220
0.0
230
1.0
100
AcDbArc
50
106.371180670962
51
106.58549966357
0
ARC
5
6B9
330
70
100
AcDbEntity
67
0
8
0
62
256
6
ByLayer
370
-1
48
1.0
60
0
100
AcDbCircle
39
0.0
10
625.666643620016
20
414.922528815464
30
0.0
40
270.153657763157
210
0.0
220
0.0
230
1.0
100
AcDbArc
50
106.156370760526
51
106.371041659426
0
ARC
5
6BA
330
70
100
AcDbEntity
67
0
8
0
62
256
6
ByLayer
370
-1
48
1.0
60
0
100
AcDbCircle
39
0.0
10
625.517167244835
20
415.436091001678
30
0.0
40
269.618785014655
210
0.0
220
0.0
230
1.0
100
AcDbArc
50
105.941197790587
51
106.156228544995
0
ARC
5
6BB
330
70
100
AcDbEntity
67
0
8
0
62
256
6
ByLayer
370
-1
48
1.0
60
0
100
AcDbCircle
39
0.0
10
625.366846345289
20
415.95987361966
30
0.0
40
269.073859206479
210
0.0
220
0.0
230
1.0
100
AcDbArc
50
105.725653810345
51
105.941052371581
0
ARC
5
6BC
330
70
100
AcDbEntity
67
0
8
0
62
256
6
ByLayer
370
-1
48
1.0
60
0
100
AcDbCircle
39
0.0
10
625.215793150376
20
416.493770408437
30
0.0
40
268.519005745993
210
0.0
220
0.0
230
1.0
100
AcDbArc
50
105.509730867153
51
105.725505188371
0
ARC
5
6BD
330
70
100
AcDbEntity
67
0
8
0
62
256
6
ByLayer
370
-1
48
1.0
60
0
100
AcDbCircle
39
0.0
10
625.064119260421
20
417.037673004226
30
0.0
40
267.954351429274
210
0.0
220
0.0
230
1.0
100
AcDbArc
50
105.293421006429
51
105.509579042872
0
ARC
5
6BE
330
70
100
AcDbEntity
67
0
8
0
62
256
6
ByLayer
370
-1
48
1.0
60
0
100
AcDbCircle
39
0.0
10
624.812975930522
20
417.954087086942
30
0.0
40
267.004147526593
210
0.0
220
0.0
230
1.0
100
AcDbArc
50
105.076454514041
51
105.293306354383
0
ARC
5
6BF
330
70
100
AcDbEntity
67
0
8
0
62
256
6
ByLayer
370
-1
48
1.0
60
0
100
AcDbCircle
39
0.0
10
624.848767595644
20
417.821588069661
30
0.0
40
267.141395563818
210
0.0
220
0.0
230
1.0
100
AcDbArc
50
104.859815255264
51
105.076475035936
0
ARC
5
6C0
330
70
100
AcDbEntity
67
0
8
0
62
256
6
ByLayer
370
-1
48
1.0
60
0
100
AcDbCircle
39
0.0
10
624.914933074356
20
417.573473338089
30
0.0
40
267.398180856922
210
0.0
220
0.0
230
1.0
100
AcDbArc
50
104.643514929585
51
104.85988433635
0
ARC
5
6C1
330
70
100
AcDbEntity
67
0
8
0
62
256
6
ByLayer
370
-1
48
1.0
60
0
100
AcDbCircle
39
0.0
10
624.977284721652
20
417.336061969903
30
0.0
40
267.643643259476
210
0.0
220
0.0
230
1.0
100
AcDbArc
50
104.427493809123
51
104.643580801769
0
ARC
5
6C2
330
70
100
AcDbEntity
67
0
8
0
62
256
6
ByLayer
370
-1
48
1.0
60
0
100
AcDbCircle
39
0.0
10
625.035872754498
20
417.109505937914
30
0.0
40
267.877652036042
210
0.0
220
0.0
230
1.0
100
AcDbArc
50
104.211743885825
51
104.42755645628
0
ARC
5
6C3
330
70
100
AcDbEntity
67
0
8
0
62
256
6
ByLayer
370
-1
48
1.0
60
0
100
AcDbCircle
39
0.0
10
625.09074917793
20
416.893955441735
30
0.0
40
268.100078116001
210
0.0
220
0.0
230
1.0
100
AcDbArc
50
103.996257119133
51
104.211803291812
0
ARC
5
6C4
330
70
100
AcDbEntity
67
0
8
0
62
256
6
ByLayer
370
-1
48
1.0
60
0
100
AcDbCircle
39
0.0
10
625.141967956275
20
416.689558120317
30
0.0
40
268.310794890785
210
0.0
220
0.0
230
1.0
100
AcDbArc
50
103.781025436337
51
103.996313267908
0
ARC
5
6C5
330
70
100
AcDbEntity
67
0
8
0
62
256
6
ByLayer
370
-1
48
1.0
60
0
100
AcDbCircle
39
0.0
10
625.189584883103
20
416.496459425566
30
0.0
40
268.509677811818
210
0.0
220
0.0
230
1.0
100
AcDbArc
50
103.566040732267
51
103.781078311805
0
ARC
5
6C6
330
70
100
AcDbEntity
67
0
8
0
62
256
6
ByLayer
370
-1
48
1.0
60
0
100
AcDbCircle
39
0.0
10
625.233657620986
20
416.314802330107
30
0.0
40
268.696604675904
210
0.0
220
0.0
230
1.0
100
AcDbArc
50
103.351294869381
51
103.566090318351
0
ARC
5
6C7
330
70
100
AcDbEntity
67
0
8
0
62
256
6
ByLayer
370
-1
48
1.0
60
0
100
AcDbCircle
39
0.0
10
625.274245645216
20
416.144727415311
30
0.0
40
268.871455518673
210
0.0
220
0.0
230
1.0
100
AcDbArc
50
103.136779677589
51
103.351341149979
0
ARC
5
6C8
330
70
100
AcDbEntity
67
0
8
0
62
256
6
ByLayer
370
-1
48
1.0
60
0
100
AcDbCircle
39
0.0
10
625.311410236015
20
415.986372762969
30
0.0
40
269.034112710531
210
0.0
220
0.0
230
1.0
100
AcDbArc
50
102.922486954165
51
103.1368226366
0
ARC
5
6C9
330
70
100
AcDbEntity
67
0
8
0
62
256
6
ByLayer
370
-1
48
1.0
60
0
100
AcDbCircle
39
0.0
10
625.345214483256
20
415.839873784838
30
0.0
40
269.184461116221
210
0.0
220
0.0
230
1.0
100
AcDbArc
50
102.708408463694
51
102.922526575486
0
ARC
5
6CA
330
70
100
AcDbEntity
67
0
8
0
62
256
6
ByLayer
370
-1
48
1.0
60
0
100
AcDbCircle
39
0.0
10
625.375723270441
20
415.705363129826
30
0.0
40
269.322388174334
210
0.0
220
0.0
230
1.0
100
AcDbArc
50
102.494535937933
51
102.708444731122
0
ARC
5
6CB
330
70
100
AcDbEntity
67
0
8
0
62
256
6
ByLayer
370
-1
48
1.0
60
0
100
AcDbCircle
39
0.0
10
625.403003127128
20
415.582971183344
30
0.0
40
269.447783370499
210
0.0
220
0.0
230
1.0
100
AcDbArc
50
102.280861075383
51
102.49456883526
0
ARC
5
6CC
330
70
100
AcDbEntity
67
0
8
0
62
256
6
ByLayer
370
-1
48
1.0
60
0
100
AcDbCircle
39
0.0
10
625.427122463884
20
415.472824854413
30
0.0
40
269.560539465295
210
0.0
220
0.0
230
1.0
100
AcDbArc
50
102.067375541675
51
102.280890586387
0
ARC
5
6CD
330
70
100
AcDbEntity
67
0
8
0
62
256
6
ByLayer
370
-1
48
1.0
60
0
100
AcDbCircle
39
0.0
10
625.448151251126
20
415.375048852891
30
0.0
40
269.660551170976
210
0.0
220
0.0
230
1.0
100
AcDbArc
50
101.854070968725
51
102.067401649985
0
ARC
5
6CE
330
70
100
AcDbEntity
67
0
8
0
62
256
6
ByLayer
370
-1
48
1.0
60
0
100
AcDbCircle
39
0.0
10
625.466161231862
20
415.289764551855
30
0.0
40
269.747716301632
210
0.0
220
0.0
230
1.0
100
AcDbArc
50
101.640938955071
51
101.854093658016
0
ARC
5
6CF
330
70
100
AcDbEntity
67
0
8
0
62
256
6
ByLayer
370
-1
48
1.0
60
0
100
AcDbCircle
39
0.0
10
625.481225751066
20
415.217090596625
30
0.0
40
269.821935135418
210
0.0
220
0.0
230
1.0
100
AcDbArc
50
101.427971065256
51
101.640958208867
0
ARC
5
6D0
330
70
100
AcDbEntity
67
0
8
0
62
256
6
ByLayer
370
-1
48
1.0
60
0
100
AcDbCircle
39
0.0
10
625.493419843381
20
415.157142303727
30
0.0
40
269.883111014406
210
0.0
220
0.0
230
1.0
100
AcDbArc
50
101.215158829915
51
101.427986867013
0
ARC
5
6D1
330
70
100
AcDbEntity
67
0
8
0
62
256
6
ByLayer
370
-1
48
1.0
60
0
100
AcDbCircle
39
0.0
10
625.502820069392
20
415.110032267984
30
0.0
40
269.931149710698
210
0.0
220
0.0
230
1.0
100
AcDbArc
50
101.002493745155
51
101.215171162957
0
ARC
5
6D2
330
70
100
AcDbEntity
67
0
8
0
62
256
6
ByLayer
370
-1
48
1.0
60
0
100
AcDbCircle
39
0.0
10
625.509504626897
20
415.075869622581
30
0.0
40
269.965960167636
210
0.0
220
0.0
230
1.0
100
AcDbArc
50
100.789967272642
51
101.002502592785
0
ARC
5
6D3
330
70
100
AcDbEntity
67
0
8
0
62
256
6
ByLayer
370
-1
48
1.0
60
0
100
AcDbCircle
39
0.0
10
625.51355319882
20
415.05476060285
30
0.0
40
269.987453911242
210
0.0
220
0.0
230
1.0
100
AcDbArc
50
100.577570838945
51
100.789972618026
0
ARC
5
6D4
330
70
100
AcDbEntity
67
0
8
0
62
256
6
ByLayer
370
-1
48
1.0
60
0
100
AcDbCircle
39
0.0
10
625.515047062413
20
415.046807776361
30
0.0
40
269.995545821001
210
0.0
220
0.0
230
1.0
100
AcDbArc
50
100.365295835629
51
100.577572665192
0
ARC
5
6D5
330
70
100
AcDbEntity
67
0
8
0
62
256
6
ByLayer
370
-1
48
1.0
60
0
100
AcDbCircle
39
0.0
10
625.514068956713
20
415.052110509739
30
0.0
40
269.99015364082
210
0.0
220
0.0
230
1.0
100
AcDbArc
50
100.153133618645
51
100.365294125602
0
ARC
5
6D6
330
70
100
AcDbEntity
67
0
8
0
62
256
6
ByLayer
370
-1
48
1.0
60
0
100
AcDbCircle
39
0.0
10
625.510703027699
20
415.07076506376
30
0.0
40
269.971197869965
210
0.0
220
0.0
230
1.0
100
AcDbArc
50
99.9410755079558
51
100.153128355147
0
ARC
5
6D7
330
70
100
AcDbEntity
67
0
8
0
62
256
6
ByLayer
370
-1
48
1.0
60
0
100
AcDbCircle
39
0.0
10
625.505034906036
20
415.102863939
30
0.0
40
269.938602415338
210
0.0
220
0.0
230
1.0
100
AcDbArc
50
99.7291127874039
51
99.9410666736942
0
ARC
5
6D8
330
70
100
AcDbEntity
67
0
8
0
62
256
6
ByLayer
370
-1
48
1.0
60
0
100
AcDbCircle
39
0.0
10
625.497151618433
20
415.148496119524
30
0.0
40
269.892294330752
210
0.0
220
0.0
230
1.0
100
AcDbArc
50
99.5172367042596
51
99.7291003648877
0
ARC
5
6D9
330
70
100
AcDbEntity
67
0
8
0
62
256
6
ByLayer
370
-1
48
1.0
60
0
100
AcDbCircle
39
0.0
10
625.487141495195
20
415.207747374073
30
0.0
40
269.832203499225
210
0.0
220
0.0
230
1.0
100
AcDbArc
50
99.3054384686254
51
99.5172206758511
0
ARC
5
6DA
330
70
100
AcDbEntity
67
0
8
0
62
256
6
ByLayer
370
-1
48
1.0
60
0
100
AcDbCircle
39
0.0
10
625.475094265632
20
415.280699448039
30
0.0
40
269.758263440577
210
0.0
220
0.0
230
1.0
100
AcDbArc
50
99.0937092534249
51
99.30541881659
0
ARC
5
6DB
330
70
100
AcDbEntity
67
0
8
0
62
256
6
ByLayer
370
-1
48
1.0
60
0
100
AcDbCircle
39
0.0
10
625.461100914579
20
415.367430647828
30
0.0
40
269.670410706602
210
0.0
220
0.0
230
1.0
100
AcDbArc
50
98.8820401936472
51
99.093685959757
0
ARC
5
6DC
330
70
100
AcDbEntity
67
0
8
0
62
256
6
ByLayer
370
-1
48
1.0
60
0
100
AcDbCircle
39
0.0
10
625.445253667183
20
415.468015689226
30
0.0
40
269.568585023615
210
0.0
220
0.0
230
1.0
100
AcDbArc
50
98.6704223860312
51
98.8820132402688
0
ARC
5
6DD
330
70
100
AcDbEntity
67
0
8
0
62
256
6
ByLayer
370
-1
48
1.0
60
0
100
AcDbCircle
39
0.0
10
625.427645997126
20
415.582525366123
30
0.0
40
269.452729616373
210
0.0
220
0.0
230
1.0
100
AcDbArc
50
98.4588468886538
51
98.6703917546855
0
ARC
5
6DE
330
70
100
AcDbEntity
67
0
8
0
62
256
6
ByLayer
370
-1
48
1.0
60
0
100
AcDbCircle
39
0.0
10
625.408372582138
20
415.711026536431
30
0.0
40
269.322791210787
210
0.0
220
0.0
230
1.0
100
AcDbArc
50
98.2473047205581
51
98.4588125608785
0
ARC
5
6DF
330
70
100
AcDbEntity
67
0
8
0
62
256
6
ByLayer
370
-1
48
1.0
60
0
100
AcDbCircle
39
0.0
10
625.387529188017
20
415.853582602733
30
0.0
40
269.178719537105
210
0.0
220
0.0
230
1.0
100
AcDbArc
50
98.035786860974
51
98.2472666776843
0
ARC
5
6E0
330
70
100
AcDbEntity
67
0
8
0
62
256
6
ByLayer
370
-1
48
1.0
60
0
100
AcDbCircle
39
0.0
10
625.365212756289
20
416.010252618529
30
0.0
40
269.020468222813
210
0.0
220
0.0
230
1.0
100
AcDbArc
50
97.8242842492457
51
98.0357450841715
0
ARC
5
6E1
330
70
100
AcDbEntity
67
0
8
0
62
256
6
ByLayer
370
-1
48
1.0
60
0
100
AcDbCircle
39
0.0
10
625.341521231159
20
416.181092167405
30
0.0
40
268.847993893846
210
0.0
220
0.0
230
1.0
100
AcDbArc
50
97.6127877838943
51
97.8242387194496
0
ARC
5
6E2
330
70
100
AcDbEntity
67
0
8
0
62
256
6
ByLayer
370
-1
48
1.0
60
0
100
AcDbCircle
39
0.0
10
625.316553652317
20
416.366152384276
30
0.0
40
268.661257153002
210
0.0
220
0.0
230
1.0
100
AcDbArc
50
97.4012883225559
51
97.6127384818767
0
ARC
5
6E3
330
70
100
AcDbEntity
67
0
8
0
62
256
6
ByLayer
370
-1
48
1.0
60
0
100
AcDbCircle
39
0.0
10
625.290409999587
20
416.56548074144
30
0.0
40
268.460221776478
210
0.0
220
0.0
230
1.0
100
AcDbArc
50
97.1897766810814
51
97.4012352288293
0
ARC
5
6E4
330
70
100
AcDbEntity
67
0
8
0
62
256
6
ByLayer
370
-1
48
1.0
60
0
100
AcDbCircle
39
0.0
10
625.263191214677
20
416.779120556557
30
0.0
40
268.244855201028
210
0.0
220
0.0
230
1.0
100
AcDbArc
50
96.9782436331604
51
97.189719775979
0
ARC
5
6E5
330
70
100
AcDbEntity
67
0
8
0
62
256
6
ByLayer
370
-1
48
1.0
60
0
100
AcDbCircle
39
0.0
10
625.234999158962
20
417.007110945018
30
0.0
40
268.015128562502
210
0.0
220
0.0
230
1.0
100
AcDbArc
50
96.7666799098143
51
96.9781828967913
0
ARC
5
6E6
330
70
100
AcDbEntity
67
0
8
0
62
256
6
ByLayer
370
-1
48
1.0
60
0
100
AcDbCircle
39
0.0
10
625.205936543096
20
417.249487006096
30
0.0
40
267.771016499244
210
0.0
220
0.0
230
1.0
100
AcDbArc
50
96.5550761987467
51
96.7666153220645
0
ARC
5
6E7
330
70
100
AcDbEntity
67
0
8
0
62
256
6
ByLayer
370
-1
48
1.0
60
0
100
AcDbCircle
39
0.0
10
625.176106912828
20
417.506279549971
30
0.0
40
267.512497418389
210
0.0
220
0.0
230
1.0
100
AcDbArc
50
96.3434231438121
51
96.5550077392214
0
ARC
5
6E8
330
70
100
AcDbEntity
67
0
8
0
62
256
6
ByLayer
370
-1
48
1.0
60
0
100
AcDbCircle
39
0.0
10
625.145614570108
20
417.777515368348
30
0.0
40
267.239553215049
210
0.0
220
0.0
230
1.0
100
AcDbArc
50
96.1317113443652
51
96.3433507919126
0
ARC
5
6E9
330
70
100
AcDbEntity
67
0
8
0
62
256
6
ByLayer
370
-1
48
1.0
60
0
100
AcDbCircle
39
0.0
10
625.114564575136
20
418.063216794434
30
0.0
40
266.952169707073
210
0.0
220
0.0
230
1.0
100
AcDbArc
50
95.9199313547819
51
96.1316350792239
0
ARC
5
6EA
330
70
100
AcDbEntity
67
0
8
0
62
256
6
ByLayer
370
-1
48
1.0
60
0
100
AcDbCircle
39
0.0
10
625.08306264831
20
418.363402156
30
0.0
40
266.650336171453
210
0.0
220
0.0
230
1.0
100
AcDbArc
50
95.7080736837033
51
95.9198511553162
0
ARC
5
6EB
330
70
100
AcDbEntity
67
0
8
0
62
256
6
ByLayer
370
-1
48
1.0
60
0
100
AcDbCircle
39
0.0
10
625.051215182119
20
418.678085208462
30
0.0
40
266.33404590698
210
0.0
220
0.0
230
1.0
100
AcDbArc
50
95.4961287935611
51
95.7079895285333
0
ARC
5
6EC
330
70
100
AcDbEntity
67
0
8
0
62
256
6
ByLayer
370
-1
48
1.0
60
0
100
AcDbCircle
39
0.0
10
625.019129136641
20
419.007275675744
30
0.0
40
266.00329568334
210
0.0
220
0.0
230
1.0
100
AcDbArc
50
95.2840870997762
51
95.4960406610639
0
ARC
5
6ED
330
70
100
AcDbEntity
67
0
8
0
62
256
6
ByLayer
370
-1
48
1.0
60
0
100
AcDbCircle
39
0.0
10
624.986912041365
20
419.350978750721
30
0.0
40
265.658086236397
210
0.0
220
0.0
230
1.0
100
AcDbArc
50
95.0719389702998
51
95.2839949681145
0
ARC
5
6EE
330
70
100
AcDbEntity
67
0
8
0
62
256
6
ByLayer
370
-1
48
1.0
60
0
100
AcDbCircle
39
0.0
10
624.954671928381
20
419.709195257297
30
0.0
40
265.298422098654
210
0.0
220
0.0
230
1.0
100
AcDbArc
50
94.8596747248459
51
95.0718428173
0
ARC
5
6EF
330
70
100
AcDbEntity
67
0
8
0
62
256
6
ByLayer
370
-1
48
1.0
60
0
100
AcDbCircle
39
0.0
10
624.922517275594
20
420.081921740735
30
0.0
40
264.924311502424
210
0.0
220
0.0
230
1.0
100
AcDbArc
50
94.647284634197
51
94.8595745280493
0
ARC
5
6F0
330
70
100
AcDbEntity
67
0
8
0
62
256
6
ByLayer
370
-1
48
1.0
60
0
100
AcDbCircle
39
0.0
10
624.890556975219
20
420.469150269091
30
0.0
40
264.535766573362
210
0.0
220
0.0
230
1.0
100
AcDbArc
50
94.4347589196509
51
94.6471803709186
0
ARC
5
6F1
330
70
100
AcDbEntity
67
0
8
0
62
256
6
ByLayer
370
-1
48
1.0
60
0
100
AcDbCircle
39
0.0
10
624.85890027322
20
420.870868553725
30
0.0
40
264.132803203929
210
0.0
220
0.0
230
1.0
100
AcDbArc
50
94.2220877522057
51
94.4346505668968
0
ARC
5
6F2
330
70
100
AcDbEntity
67
0
8
0
62
256
6
ByLayer
370
-1
48
1.0
60
0
100
AcDbCircle
39
0.0
10
624.827656727321
20
421.287059857704
30
0.0
40
263.715441140143
210
0.0
220
0.0
230
1.0
100
AcDbArc
50
94.0092612519298
51
94.2219752867244
0
ARC
5
6F3
330
70
100
AcDbEntity
67
0
8
0
62
256
6
ByLayer
370
-1
48
1.0
60
0
100
AcDbCircle
39
0.0
10
624.796936166447
20
421.71770285256
30
0.0
40
263.283704120278
210
0.0
220
0.0
230
1.0
100
AcDbArc
50
93.7962694873188
51
94.0091446501545
0
ARC
5
6F4
330
70
100
AcDbEntity
67
0
8
0
62
256
6
ByLayer
370
-1
48
1.0
60
0
100
AcDbCircle
39
0.0
10
624.766848621155
20
422.162771876307
30
0.0
40
262.83761961162
210
0.0
220
0.0
230
1.0
100
AcDbArc
50
93.5831024744888
51
93.7961487253726
0
ARC
5
6F5
330
70
100
AcDbEntity
67
0
8
0
62
256
6
ByLayer
370
-1
48
1.0
60
0
100
AcDbCircle
39
0.0
10
624.737504278402
20
422.622236878622
30
0.0
40
262.377218861351
210
0.0
220
0.0
230
1.0
100
AcDbArc
50
93.369750176383
51
93.5829775281774
0
ARC
5
6F6
330
70
100
AcDbEntity
67
0
8
0
62
256
6
ByLayer
370
-1
48
1.0
60
0
100
AcDbCircle
39
0.0
10
624.709013446529
20
423.096063184506
30
0.0
40
261.902537129584
210
0.0
220
0.0
230
1.0
100
AcDbArc
50
93.1562025022837
51
93.3696210213145
0
ARC
5
6F7
330
70
100
AcDbEntity
67
0
8
0
62
256
6
ByLayer
370
-1
48
1.0
60
0
100
AcDbCircle
39
0.0
10
624.681486492879
20
423.584211645629
30
0.0
40
261.413613534121
210
0.0
220
0.0
230
1.0
100
AcDbArc
50
92.9424493068592
51
93.1560691136594
0
ARC
5
6F8
330
70
100
AcDbEntity
67
0
8
0
62
256
6
ByLayer
370
-1
48
1.0
60
0
100
AcDbCircle
39
0.0
10
624.655033789798
20
424.086638712751
30
0.0
40
260.91049097487
210
0.0
220
0.0
230
1.0
100
AcDbArc
50
92.7284803894793
51
92.9423116596033
0
ARC
5
6F9
330
70
100
AcDbEntity
67
0
8
0
62
256
6
ByLayer
370
-1
48
1.0
60
0
100
AcDbCircle
39
0.0
10
624.629765677115
20
424.60329617069
30
0.0
40
260.393216396467
210
0.0
220
0.0
230
1.0
100
AcDbArc
50
92.5142854935522
51
92.7283384581821
0
ARC
5
6FA
330
70
100
AcDbEntity
67
0
8
0
62
256
6
ByLayer
370
-1
48
1.0
60
0
100
AcDbCircle
39
0.0
10
624.553924919676
20
426.408839271967
30
0.0
40
258.586084468826
210
0.0
220
0.0
230
1.0
100
AcDbArc
50
92.2997101344809
51
92.5150474134186
0
ARC
5
6FB
330
70
100
AcDbEntity
67
0
8
0
62
256
6
ByLayer
370
-1
48
1.0
60
0
100
AcDbCircle
39
0.0
10
625.025990135242
20
414.94953398201
30
0.0
40
270.055103110342
210
0.0
220
0.0
230
1.0
100
AcDbArc
50
92.0963074288452
51
92.302226492543
0
ARC
5
6FC
330
70
100
AcDbEntity
67
0
8
0
62
256
6
ByLayer
370
-1
48
1.0
60
0
100
AcDbCircle
39
0.0
10
624.970056776372
20
416.429483504366
30
0.0
40
268.574098041729
210
0.0
220
0.0
230
1.0
100
AcDbArc
50
91.8891540813024
51
92.0959318766889
0
ARC
5
6FD
330
70
100
AcDbEntity
67
0
8
0
62
256
6
ByLayer
370
-1
48
1.0
60
0
100
AcDbCircle
39
0.0
10
624.924429932426
20
417.764465774154
30
0.0
40
267.238337240135
210
0.0
220
0.0
230
1.0
100
AcDbArc
50
91.6812518862177
51
91.8888125343996
0
ARC
5
6FE
330
70
100
AcDbEntity
67
0
8
0
62
256
6
ByLayer
370
-1
48
1.0
60
0
100
AcDbCircle
39
0.0
10
624.88802492721
20
418.956167054328
30
0.0
40
266.046080881989
210
0.0
220
0.0
230
1.0
100
AcDbArc
50
91.4726782453015
51
91.6809448239815
0
ARC
5
6FF
330
70
100
AcDbEntity
67
0
8
0
62
256
6
ByLayer
370
-1
48
1.0
60
0
100
AcDbCircle
39
0.0
10
624.859773623854
20
420.006090133232
30
0.0
40
264.995778536377
210
0.0
220
0.0
230
1.0
100
AcDbArc
50
91.2635114590013
51
91.4724061007631
0
ARC
5
700
330
70
100
AcDbEntity
67
0
8
0
62
256
6
ByLayer
370
-1
48
1.0
60
0
100
AcDbCircle
39
0.0
10
624.83862248826
20
420.915557730406
30
0.0
40
264.086065677803
210
0.0
220
0.0
230
1.0
100
AcDbArc
50
91.0538306238942
51
91.2632746174767
0
ARC
5
701
330
70
100
AcDbEntity
67
0
8
0
62
256
6
ByLayer
370
-1
48
1.0
60
0
100
AcDbCircle
39
0.0
10
624.823530703443
20
421.685715072476
30
0.0
40
263.315761039366
210
0.0
220
0.0
230
1.0
100
AcDbArc
50
90.843715527858
51
91.0536294217868
0
ARC
5
702
330
70
100
AcDbEntity
67
0
8
0
62
256
6
ByLayer
370
-1
48
1.0
60
0
100
AcDbCircle
39
0.0
10
624.813468308495
20
422.317532452276
30
0.0
40
262.683863992644
210
0.0
220
0.0
230
1.0
100
AcDbArc
50
90.6332465431145
51
90.8435502516764
0
ARC
5
703
330
70
100
AcDbEntity
67
0
8
0
62
256
6
ByLayer
370
-1
48
1.0
60
0
100
AcDbCircle
39
0.0
10
624.807414372192
20
422.811807081316
30
0.0
40
262.189552644088
210
0.0
220
0.0
230
1.0
100
AcDbArc
50
90.4225045175799
51
90.6331174285623
0
ARC
5
704
330
70
100
AcDbEntity
67
0
8
0
62
256
6
ByLayer
370
-1
48
1.0
60
0
100
AcDbCircle
39
0.0
10
624.804355184717
20
423.169164868188
30
0.0
40
261.832182015053
210
0.0
220
0.0
230
1.0
100
AcDbArc
50
90.2115706646885
51
90.4224117487906
0
ARC
5
705
330
70
100
AcDbEntity
67
0
8
0
62
256
6
ByLayer
370
-1
48
1.0
60
0
100
AcDbCircle
39
0.0
10
624.803282470152
20
423.390062010866
30
0.0
40
261.6112824174
210
0.0
220
0.0
230
1.0
100
AcDbArc
50
90.0005264520057
51
90.2115143737329
0
ARC
5
706
330
70
100
AcDbEntity
67
0
8
0
62
256
6
ByLayer
370
-1
48
1.0
60
0
100
AcDbCircle
39
0.0
10
624.803191617851
20
423.474785237082
30
0.0
40
261.526559190368
210
0.0
220
0.0
230
1.0
100
AcDbArc
50
89.7894534895465
51
90.0005067184432
0
ARC
5
707
330
70
100
AcDbEntity
67
0
8
0
62
256
6
ByLayer
370
-1
48
1.0
60
0
100
AcDbCircle
39
0.0
10
624.803079916757
20
423.423453464387
30
0.0
40
261.577891026962
210
0.0
220
0.0
230
1.0
100
AcDbArc
50
89.578433416835
51
89.7894703401421
0
ARC
5
708
330
70
100
AcDbEntity
67
0
8
0
62
256
6
ByLayer
370
-1
48
1.0
60
0
100
AcDbCircle
39
0.0
10
624.801944799773
20
423.236017029614
30
0.0
40
261.765330740135
210
0.0
220
0.0
230
1.0
100
AcDbArc
50
89.3675477909278
51
89.5784868256358
0
ARC
5
709
330
70
100
AcDbEntity
67
0
8
0
62
256
6
ByLayer
370
-1
48
1.0
60
0
100
AcDbCircle
39
0.0
10
624.798782088451
20
422.912258426876
30
0.0
40
262.089104529581
210
0.0
220
0.0
230
1.0
100
AcDbArc
50
89.156877973665
51
89.3676376791148
0
ARC
5
70A
330
70
100
AcDbEntity
67
0
8
0
62
256
6
ByLayer
370
-1
48
1.0
60
0
100
AcDbCircle
39
0.0
10
624.792584231407
20
422.451791373316
30
0.0
40
262.549612929957
210
0.0
220
0.0
230
1.0
100
AcDbArc
50
88.9465050203841
51
89.157004209999
0
ARC
5
70B
330
70
100
AcDbEntity
67
0
8
0
62
256
6
ByLayer
370
-1
48
1.0
60
0
100
AcDbCircle
39
0.0
10
624.782338543084
20
421.854060579357
30
0.0
40
263.147431063767
210
0.0
220
0.0
230
1.0
100
AcDbArc
50
88.7365095688626
51
88.9466674215126
0
ARC
5
70C
330
70
100
AcDbEntity
67
0
8
0
62
256
6
ByLayer
370
-1
48
1.0
60
0
100
AcDbCircle
39
0.0
10
624.767025411132
20
421.11833984633
30
0.0
40
263.883310576303
210
0.0
220
0.0
230
1.0
100
AcDbArc
50
88.5269717303258
51
88.7367078999271
0
ARC
5
70D
330
70
100
AcDbEntity
67
0
8
0
62
256
6
ByLayer
370
-1
48
1.0
60
0
100
AcDbCircle
39
0.0
10
624.745616526887
20
420.243731949796
30
0.0
40
264.758179793913
210
0.0
220
0.0
230
1.0
100
AcDbArc
50
88.3179709809496
51
88.5272057056712
0
ARC
5
70E
330
70
100
AcDbEntity
67
0
8
0
62
256
6
ByLayer
370
-1
48
1.0
60
0
100
AcDbCircle
39
0.0
10
624.71707302535
20
419.229164968371
30
0.0
40
265.773147447078
210
0.0
220
0.0
230
1.0
100
AcDbArc
50
88.1095860568994
51
88.3182402651093
0
ARC
5
70F
330
70
100
AcDbEntity
67
0
8
0
62
256
6
ByLayer
370
-1
48
1.0
60
0
100
AcDbCircle
39
0.0
10
624.6803436917
20
418.073392141613
30
0.0
40
266.929502873034
210
0.0
220
0.0
230
1.0
100
AcDbArc
50
87.9018948496433
51
88.1098902653671
0
ARC
5
710
330
70
100
AcDbEntity
67
0
8
0
62
256
6
ByLayer
370
-1
48
1.0
60
0
100
AcDbCircle
39
0.0
10
624.634363048702
20
416.774987863517
30
0.0
40
268.228720093863
210
0.0
220
0.0
230
1.0
100
AcDbArc
50
87.694974305634
51
87.9022335504554
0
ARC
5
711
330
70
100
AcDbEntity
67
0
8
0
62
256
6
ByLayer
370
-1
48
1.0
60
0
100
AcDbCircle
39
0.0
10
624.533495363617
20
414.279447153462
30
0.0
40
270.726298431632
210
0.0
220
0.0
230
1.0
100
AcDbArc
50
87.4892438187571
51
87.6948860891416
0
ARC
5
712
330
70
100
AcDbEntity
67
0
8
0
62
256
6
ByLayer
370
-1
48
1.0
60
0
100
AcDbCircle
39
0.0
10
625.020883283625
20
425.502769658834
30
0.0
40
259.492399214968
210
0.0
220
0.0
230
1.0
100
AcDbArc
50
87.2734000895393
51
87.4881973693645
0
ARC
5
713
330
70
100
AcDbEntity
67
0
8
0
62
256
6
ByLayer
370
-1
48
1.0
60
0
100
AcDbCircle
39
0.0
10
624.995509123773
20
424.955611697465
30
0.0
40
260.040144792046
210
0.0
220
0.0
230
1.0
100
AcDbArc
50
87.0590026201415
51
87.2735505718321
0
ARC
5
714
330
70
100
AcDbEntity
67
0
8
0
62
256
6
ByLayer
370
-1
48
1.0
60
0
100
AcDbCircle
39
0.0
10
624.968784066801
20
424.422461020665
30
0.0
40
260.573964454284
210
0.0
220
0.0
230
1.0
100
AcDbArc
50
86.8448398699485
51
87.0591487978156
0
ARC
5
715
330
70
100
AcDbEntity
67
0
8
0
62
256
6
ByLayer
370
-1
48
1.0
60
0
100
AcDbCircle
39
0.0
10
624.940817861837
20
423.903377069811
30
0.0
40
261.093800812541
210
0.0
220
0.0
230
1.0
100
AcDbArc
50
86.6309016156953
51
86.8449817682257
0
ARC
5
716
330
70
100
AcDbEntity
67
0
8
0
62
256
6
ByLayer
370
-1
48
1.0
60
0
100
AcDbCircle
39
0.0
10
624.911720412028
20
423.39841482973
30
0.0
40
261.59960030968
210
0.0
220
0.0
230
1.0
100
AcDbArc
50
86.4171776889644
51
86.6310392595381
0
ARC
5
717
330
70
100
AcDbEntity
67
0
8
0
62
256
6
ByLayer
370
-1
48
1.0
60
0
100
AcDbCircle
39
0.0
10
624.881601720708
20
422.907624789135
30
0.0
40
262.091313262293
210
0.0
220
0.0
230
1.0
100
AcDbArc
50
86.2036579754826
51
86.4173111030557
0
ARC
5
718
330
70
100
AcDbEntity
67
0
8
0
62
256
6
ByLayer
370
-1
48
1.0
60
0
100
AcDbCircle
39
0.0
10
624.85057183152
20
422.431052826544
30
0.0
40
262.568893977543
210
0.0
220
0.0
230
1.0
100
AcDbArc
50
85.9903324144101
51
86.2037871841008
0
ARC
5
719
330
70
100
AcDbEntity
67
0
8
0
62
256
6
ByLayer
370
-1
48
1.0
60
0
100
AcDbCircle
39
0.0
10
624.818740819852
20
421.968740837148
30
0.0
40
263.032300127674
210
0.0
220
0.0
230
1.0
100
AcDbArc
50
85.777190997427
51
85.9904574416061
0
ARC
5
71A
330
70
100
AcDbEntity
67
0
8
0
62
256
6
ByLayer
370
-1
48
1.0
60
0
100
AcDbCircle
39
0.0
10
624.786218678921
20
421.520725787493
30
0.0
40
263.481493700585
210
0.0
220
0.0
230
1.0
100
AcDbArc
50
85.5642237683652
51
85.7773118669674
0
ARC
5
71B
330
70
100
AcDbEntity
67
0
8
0
62
256
6
ByLayer
370
-1
48
1.0
60
0
100
AcDbCircle
39
0.0
10
624.753115321564
20
421.087040490041
30
0.0
40
263.916440227
210
0.0
220
0.0
230
1.0
100
AcDbArc
50
85.3514208221951
51
85.5643405036516
0
ARC
5
71C
330
70
100
AcDbEntity
67
0
8
0
62
256
6
ByLayer
370
-1
48
1.0
60
0
100
AcDbCircle
39
0.0
10
624.719540514047
20
420.667713349097
30
0.0
40
264.33710903887
210
0.0
220
0.0
230
1.0
100
AcDbArc
50
85.1387723044751
51
85.3515334464254
0
ARC
5
71D
330
70
100
AcDbEntity
67
0
8
0
62
256
6
ByLayer
370
-1
48
1.0
60
0
100
AcDbCircle
39
0.0
10
624.685603810019
20
420.262768177113
30
0.0
40
264.743473457921
210
0.0
220
0.0
230
1.0
100
AcDbArc
50
84.9262684107207
51
85.1388808405625
0
ARC
5
71E
330
70
100
AcDbEntity
67
0
8
0
62
256
6
ByLayer
370
-1
48
1.0
60
0
100
AcDbCircle
39
0.0
10
624.651414516341
20
419.872224405982
30
0.0
40
265.135510588313
210
0.0
220
0.0
230
1.0
100
AcDbArc
50
84.7138993856646
51
84.9263728812592
0
ARC
5
71F
330
70
100
AcDbEntity
67
0
8
0
62
256
6
ByLayer
370
-1
48
1.0
60
0
100
AcDbCircle
39
0.0
10
624.617081654036
20
419.49609720043
30
0.0
40
265.513201207621
210
0.0
220
0.0
230
1.0
100
AcDbArc
50
84.5016555224938
51
84.7139998129445
0
ARC
5
720
330
70
100
AcDbEntity
67
0
8
0
62
256
6
ByLayer
370
-1
48
1.0
60
0
100
AcDbCircle
39
0.0
10
624.582713891079
20
419.134397253415
30
0.0
40
265.876529977386
210
0.0
220
0.0
230
1.0
100
AcDbArc
50
84.2895271623484
51
84.5017519285941
0
ARC
5
721
330
70
100
AcDbEntity
67
0
8
0
62
256
6
ByLayer
370
-1
48
1.0
60
0
100
AcDbCircle
39
0.0
10
624.548419497065
20
418.787130845492
30
0.0
40
266.225485389176
210
0.0
220
0.0
230
1.0
100
AcDbArc
50
84.077504693649
51
84.2896195690848
0
ARC
5
722
330
70
100
AcDbEntity
67
0
8
0
62
256
6
ByLayer
370
-1
48
1.0
60
0
100
AcDbCircle
39
0.0
10
624.514306297438
20
418.454299890983
30
0.0
40
266.560059724158
210
0.0
220
0.0
230
1.0
100
AcDbArc
50
83.8655785513865
51
84.0775931224986
0
ARC
5
723
330
70
100
AcDbEntity
67
0
8
0
62
256
6
ByLayer
370
-1
48
1.0
60
0
100
AcDbCircle
39
0.0
10
624.480481646029
20
418.135902138919
30
0.0
40
266.880248857222
210
0.0
220
0.0
230
1.0
100
AcDbArc
50
83.6537392164628
51
83.8656630235987
0
ARC
5
724
330
70
100
AcDbEntity
67
0
8
0
62
256
6
ByLayer
370
-1
48
1.0
60
0
100
AcDbCircle
39
0.0
10
624.447052341387
20
417.831930839091
30
0.0
40
267.186052599254
210
0.0
220
0.0
230
1.0
100
AcDbArc
50
83.4419772152444
51
83.6538197530897
0
ARC
5
725
330
70
100
AcDbEntity
67
0
8
0
62
256
6
ByLayer
370
-1
48
1.0
60
0
100
AcDbCircle
39
0.0
10
624.414124614978
20
417.542375094126
30
0.0
40
267.477474349986
210
0.0
220
0.0
230
1.0
100
AcDbArc
50
83.2302831187241
51
83.4420538370327
0
ARC
5
726
330
70
100
AcDbEntity
67
0
8
0
62
256
6
ByLayer
370
-1
48
1.0
60
0
100
AcDbCircle
39
0.0
10
624.381804046285
20
417.267219532704
30
0.0
40
267.754521433981
210
0.0
220
0.0
230
1.0
100
AcDbArc
50
83.0186475421916
51
83.2303558462254
0
ARC
5
727
330
70
100
AcDbEntity
67
0
8
0
62
256
6
ByLayer
370
-1
48
1.0
60
0
100
AcDbCircle
39
0.0
10
624.350195557427
20
417.006444692968
30
0.0
40
268.01720472232
210
0.0
220
0.0
230
1.0
100
AcDbArc
50
82.8070611443762
51
83.0187163956191
0
ARC
5
728
330
70
100
AcDbEntity
67
0
8
0
62
256
6
ByLayer
370
-1
48
1.0
60
0
100
AcDbCircle
39
0.0
10
624.319403344242
20
416.760026836359
30
0.0
40
268.26553882774
210
0.0
220
0.0
230
1.0
100
AcDbArc
50
82.595514627054
51
82.8071261437446
0
ARC
5
729
330
70
100
AcDbEntity
67
0
8
0
62
256
6
ByLayer
370
-1
48
1.0
60
0
100
AcDbCircle
39
0.0
10
624.289530865837
20
416.527938244937
30
0.0
40
268.49954181308
210
0.0
220
0.0
230
1.0
100
AcDbArc
50
82.3839987343018
51
82.5955757921681
0
ARC
5
72A
330
70
100
AcDbEntity
67
0
8
0
62
256
6
ByLayer
370
-1
48
1.0
60
0
100
AcDbCircle
39
0.0
10
624.260680726784
20
416.310146674715
30
0.0
40
268.719235750853
210
0.0
220
0.0
230
1.0
100
AcDbArc
50
82.1725042522454
51
82.3840560847689
0
ARC
5
72B
330
70
100
AcDbEntity
67
0
8
0
62
256
6
ByLayer
370
-1
48
1.0
60
0
100
AcDbCircle
39
0.0
10
624.23295472093
20
416.106616065055
30
0.0
40
268.92464601674
210
0.0
220
0.0
230
1.0
100
AcDbArc
50
81.961022008158
51
82.1725578073641
0
ARC
5
72C
330
70
100
AcDbEntity
67
0
8
0
62
256
6
ByLayer
370
-1
48
1.0
60
0
100
AcDbCircle
39
0.0
10
624.206453735193
20
415.917306154729
30
0.0
40
269.115801685671
210
0.0
220
0.0
230
1.0
100
AcDbArc
50
81.7495428701765
51
81.9610717870812
0
ARC
5
72D
330
70
100
AcDbEntity
67
0
8
0
62
256
6
ByLayer
370
-1
48
1.0
60
0
100
AcDbCircle
39
0.0
10
624.181277727131
20
415.74217266543
30
0.0
40
269.29273535601
210
0.0
220
0.0
230
1.0
100
AcDbArc
50
81.5380577466896
51
81.749588891851
0
ARC
5
72E
330
70
100
AcDbEntity
67
0
8
0
62
256
6
ByLayer
370
-1
48
1.0
60
0
100
AcDbCircle
39
0.0
10
624.157525666742
20
415.581167222479
30
0.0
40
269.455483239295
210
0.0
220
0.0
230
1.0
100
AcDbArc
50
81.3265575858594
51
81.5381000298248
0
ARC
5
72F
330
70
100
AcDbEntity
67
0
8
0
62
256
6
ByLayer
370
-1
48
1.0
60
0
100
AcDbCircle
39
0.0
10
624.135295507694
20
415.434237478289
30
0.0
40
269.604085045443
210
0.0
220
0.0
230
1.0
100
AcDbArc
50
81.1150333751433
51
81.3265961489509
0
ARC
5
730
330
70
100
AcDbEntity
67
0
8
0
62
256
6
ByLayer
370
-1
48
1.0
60
0
100
AcDbCircle
39
0.0
10
624.114684175847
20
415.301327333895
30
0.0
40
269.738583768712
210
0.0
220
0.0
230
1.0
100
AcDbArc
50
80.9034761406661
51
81.1150682364783
0
ARC
5
731
330
70
100
AcDbEntity
67
0
8
0
62
256
6
ByLayer
370
-1
48
1.0
60
0
100
AcDbCircle
39
0.0
10
624.09578747034
20
415.182376587689
30
0.0
40
269.859026053431
210
0.0
220
0.0
230
1.0
100
AcDbArc
50
80.6918769470005
51
80.9035073184118
0
ARC
5
732
330
70
100
AcDbEntity
67
0
8
0
62
256
6
ByLayer
370
-1
48
1.0
60
0
100
AcDbCircle
39
0.0
10
624.078700065583
20
415.077321248725
30
0.0
40
269.96546188785
210
0.0
220
0.0
230
1.0
100
AcDbArc
50
80.4802268965207
51
80.6919044590678
0
ARC
5
733
330
70
100
AcDbEntity
67
0
8
0
62
256
6
ByLayer
370
-1
48
1.0
60
0
100
AcDbCircle
39
0.0
10
624.063515487261
20
414.986093654708
30
0.0
40
270.057944495303
210
0.0
220
0.0
230
1.0
100
AcDbArc
50
80.2685171289565
51
80.4802507606731
0
ARC
5
734
330
70
100
AcDbEntity
67
0
8
0
62
256
6
ByLayer
370
-1
48
1.0
60
0
100
AcDbCircle
39
0.0
10
624.050326028411
20
414.908622231196
30
0.0
40
270.136530589414
210
0.0
220
0.0
230
1.0
100
AcDbArc
50
80.0567388211245
51
80.2685373628553
0
ARC
5
735
330
70
100
AcDbEntity
67
0
8
0
62
256
6
ByLayer
370
-1
48
1.0
60
0
100
AcDbCircle
39
0.0
10
624.039222709571
20
414.844831536773
30
0.0
40
270.201280340315
210
0.0
220
0.0
230
1.0
100
AcDbArc
50
79.8448831864403
51
80.0567554421391
0
ARC
5
736
330
70
100
AcDbEntity
67
0
8
0
62
256
6
ByLayer
370
-1
48
1.0
60
0
100
AcDbCircle
39
0.0
10
624.03029536805
20
414.794643015632
30
0.0
40
270.252256622123
210
0.0
220
0.0
230
1.0
100
AcDbArc
50
79.6329414742847
51
79.8448962118602
0
ARC
5
737
330
70
100
AcDbEntity
67
0
8
0
62
256
6
ByLayer
370
-1
48
1.0
60
0
100
AcDbCircle
39
0.0
10
624.023632407718
20
414.757973824892
30
0.0
40
270.289526215683
210
0.0
220
0.0
230
1.0
100
AcDbArc
50
79.4209049700972
51
79.6329509212704
0
ARC
5
738
330
70
100
AcDbEntity
67
0
8
0
62
256
6
ByLayer
370
-1
48
1.0
60
0
100
AcDbCircle
39
0.0
10
624.019320963181
20
414.734738004359
30
0.0
40
270.313158632803
210
0.0
220
0.0
230
1.0
100
AcDbArc
50
79.2087649945275
51
79.4209108555676
0
ARC
5
739
330
70
100
AcDbEntity
67
0
8
0
62
256
6
ByLayer
370
-1
48
1.0
60
0
100
AcDbCircle
39
0.0
10
624.017446774131
20
414.724846002485
30
0.0
40
270.323226609942
210
0.0
220
0.0
230
1.0
100
AcDbArc
50
78.9965129033358
51
79.2087673353615
0
ARC
5
73A
330
70
100
AcDbEntity
67
0
8
0
62
256
6
ByLayer
370
-1
48
1.0
60
0
100
AcDbCircle
39
0.0
10
624.018094122399
20
414.728204582519
30
0.0
40
270.319806216945
210
0.0
220
0.0
230
1.0
100
AcDbArc
50
78.784140087067
51
78.9965117162163
0
ARC
5
73B
330
70
100
AcDbEntity
67
0
8
0
62
256
6
ByLayer
370
-1
48
1.0
60
0
100
AcDbCircle
39
0.0
10
624.021345914835
20
414.744717469648
30
0.0
40
270.302976210884
210
0.0
220
0.0
230
1.0
100
AcDbArc
50
78.5716379705008
51
78.7841353885597
0
ARC
5
73C
330
70
100
AcDbEntity
67
0
8
0
62
256
6
ByLayer
370
-1
48
1.0
60
0
100
AcDbCircle
39
0.0
10
624.027283525673
20
414.774284749564
30
0.0
40
270.272818661744
210
0.0
220
0.0
230
1.0
100
AcDbArc
50
78.3589980126141
51
78.571629777106
0
ARC
5
73D
330
70
100
AcDbEntity
67
0
8
0
62
256
6
ByLayer
370
-1
48
1.0
60
0
100
AcDbCircle
39
0.0
10
624.035986839127
20
414.81680330144
30
0.0
40
270.229418524789
210
0.0
220
0.0
230
1.0
100
AcDbArc
50
78.1462117060886
51
78.3589863406489
0
ARC
5
73E
330
70
100
AcDbEntity
67
0
8
0
62
256
6
ByLayer
370
-1
48
1.0
60
0
100
AcDbCircle
39
0.0
10
624.047534211698
20
414.872166805115
30
0.0
40
270.172863646498
210
0.0
220
0.0
230
1.0
100
AcDbArc
50
77.9332705771165
51
78.146196571813
0
ARC
5
73F
330
70
100
AcDbEntity
67
0
8
0
62
256
6
ByLayer
370
-1
48
1.0
60
0
100
AcDbCircle
39
0.0
10
624.06200243309
20
414.940265747318
30
0.0
40
270.103244772008
210
0.0
220
0.0
230
1.0
100
AcDbArc
50
77.7201661850879
51
77.9332519966838
0
ARC
5
740
330
70
100
AcDbEntity
67
0
8
0
62
256
6
ByLayer
370
-1
48
1.0
60
0
100
AcDbCircle
39
0.0
10
624.079466688074
20
415.020987432494
30
0.0
40
270.020655548156
210
0.0
220
0.0
230
1.0
100
AcDbArc
50
77.5068901223961
51
77.7201441745582
0
ARC
5
741
330
70
100
AcDbEntity
67
0
8
0
62
256
6
ByLayer
370
-1
48
1.0
60
0
100
AcDbCircle
39
0.0
10
624.100000568363
20
415.114216220424
30
0.0
40
269.925192294561
210
0.0
220
0.0
230
1.0
100
AcDbArc
50
77.2934340141275
51
77.5068646977627
0
ARC
5
742
330
70
100
AcDbEntity
67
0
8
0
62
256
6
ByLayer
370
-1
48
1.0
60
0
100
AcDbCircle
39
0.0
10
624.123675965388
20
415.21983321872
30
0.0
40
269.816954333001
210
0.0
220
0.0
230
1.0
100
AcDbArc
50
77.079789517997
51
77.2934051912743
0
ARC
5
743
330
70
100
AcDbEntity
67
0
8
0
62
256
6
ByLayer
370
-1
48
1.0
60
0
100
AcDbCircle
39
0.0
10
624.150563195206
20
415.337717014028
30
0.0
40
269.696043252727
210
0.0
220
0.0
230
1.0
100
AcDbArc
50
76.8659483238405
51
77.0797573127396
0
ARC
5
744
330
70
100
AcDbEntity
67
0
8
0
62
256
6
ByLayer
370
-1
48
1.0
60
0
100
AcDbCircle
39
0.0
10
624.180730786786
20
415.467742900749
30
0.0
40
269.562563715805
210
0.0
220
0.0
230
1.0
100
AcDbArc
50
76.6519021538251
51
76.8659127519932
0
ARC
5
745
330
70
100
AcDbEntity
67
0
8
0
62
256
6
ByLayer
370
-1
48
1.0
60
0
100
AcDbCircle
39
0.0
10
624.214245588095
20
415.609783519444
30
0.0
40
269.416622817662
210
0.0
220
0.0
230
1.0
100
AcDbArc
50
76.4376427620066
51
76.6518632310646
0
ARC
5
746
330
70
100
AcDbEntity
67
0
8
0
62
256
6
ByLayer
370
-1
48
1.0
60
0
100
AcDbCircle
39
0.0
10
624.251172755677
20
415.763708956248
30
0.0
40
269.258329999316
210
0.0
220
0.0
230
1.0
100
AcDbArc
50
76.2231619341798
51
76.4376005040434
0
ARC
5
747
330
70
100
AcDbEntity
67
0
8
0
62
256
6
ByLayer
370
-1
48
1.0
60
0
100
AcDbCircle
39
0.0
10
624.291575615051
20
415.929386314074
30
0.0
40
269.087797503603
210
0.0
220
0.0
230
1.0
100
AcDbArc
50
76.0084514879203
51
76.2231163567005
0
ARC
5
748
330
70
100
AcDbEntity
67
0
8
0
62
256
6
ByLayer
370
-1
48
1.0
60
0
100
AcDbCircle
39
0.0
10
624.335515692616
20
416.10668000842
30
0.0
40
268.905140087097
210
0.0
220
0.0
230
1.0
100
AcDbArc
50
75.7935032724618
51
76.0084026065363
0
ARC
5
749
330
70
100
AcDbEntity
67
0
8
0
62
256
6
ByLayer
370
-1
48
1.0
60
0
100
AcDbCircle
39
0.0
10
624.383052816008
20
416.295452311523
30
0.0
40
268.710474474796
210
0.0
220
0.0
230
1.0
100
AcDbArc
50
75.5783091682548
51
75.7934511027162
0
ARC
5
74A
330
70
100
AcDbEntity
67
0
8
0
62
256
6
ByLayer
370
-1
48
1.0
60
0
100
AcDbCircle
39
0.0
10
624.434244883477
20
416.495562566153
30
0.0
40
268.503920185996
210
0.0
220
0.0
230
1.0
100
AcDbArc
50
75.3628610874167
51
75.5782537258029
0
ARC
5
74B
330
70
100
AcDbEntity
67
0
8
0
62
256
6
ByLayer
370
-1
48
1.0
60
0
100
AcDbCircle
39
0.0
10
624.489148011418
20
416.706867917453
30
0.0
40
268.285598795983
210
0.0
220
0.0
230
1.0
100
AcDbArc
50
75.1471509732365
51
75.3628023877905
0
ARC
5
74C
330
70
100
AcDbEntity
67
0
8
0
62
256
6
ByLayer
370
-1
48
1.0
60
0
100
AcDbCircle
39
0.0
10
624.547816467831
20
416.929223176158
30
0.0
40
268.0556340926
210
0.0
220
0.0
230
1.0
100
AcDbArc
50
74.9311708003194
51
75.147089032065
0
ARC
5
74D
330
70
100
AcDbEntity
67
0
8
0
62
256
6
ByLayer
370
-1
48
1.0
60
0
100
AcDbCircle
39
0.0
10
624.610302598912
20
417.162480674614
30
0.0
40
267.81415224174
210
0.0
220
0.0
230
1.0
100
AcDbArc
50
74.7149125745951
51
74.9311056332186
0
ARC
5
74E
330
70
100
AcDbEntity
67
0
8
0
62
256
6
ByLayer
370
-1
48
1.0
60
0
100
AcDbCircle
39
0.0
10
624.676656879004
20
417.406490584389
30
0.0
40
267.561281475342
210
0.0
220
0.0
230
1.0
100
AcDbArc
50
74.498368333288
51
74.7148441972086
0
ARC
5
74F
330
70
100
AcDbEntity
67
0
8
0
62
256
6
ByLayer
370
-1
48
1.0
60
0
100
AcDbCircle
39
0.0
10
624.746927911364
20
417.661101036798
30
0.0
40
267.297151982732
210
0.0
220
0.0
230
1.0
100
AcDbArc
50
74.2815301447891
51
74.4982967612566
0
ARC
5
750
330
70
100
AcDbEntity
67
0
8
0
62
256
6
ByLayer
370
-1
48
1.0
60
0
100
AcDbCircle
39
0.0
10
624.685371923537
20
417.441941039078
30
0.0
40
267.524792555021
210
0.0
220
0.0
230
1.0
100
AcDbArc
50
74.064900394993
51
74.2815555740197
0
ARC
5
751
330
70
100
AcDbEntity
67
0
8
0
62
256
6
ByLayer
370
-1
48
1.0
60
0
100
AcDbCircle
39
0.0
10
624.437099469053
20
416.567606217084
30
0.0
40
268.433692367556
210
0.0
220
0.0
230
1.0
100
AcDbArc
50
73.8491920423834
51
74.065181075944
0
ARC
5
752
330
70
100
AcDbEntity
67
0
8
0
62
256
6
ByLayer
370
-1
48
1.0
60
0
100
AcDbCircle
39
0.0
10
624.280428272692
20
416.024056152358
30
0.0
40
268.999370751582
210
0.0
220
0.0
230
1.0
100
AcDbArc
50
73.6337426442461
51
73.8493431849318
0
ARC
5
753
330
70
100
AcDbEntity
67
0
8
0
62
256
6
ByLayer
370
-1
48
1.0
60
0
100
AcDbCircle
39
0.0
10
624.124462635621
20
415.490505704715
30
0.0
40
269.555249224516
210
0.0
220
0.0
230
1.0
100
AcDbArc
50
73.418670601635
51
73.6338905895794
0
ARC
5
754
330
70
100
AcDbEntity
67
0
8
0
62
256
6
ByLayer
370
-1
48
1.0
60
0
100
AcDbCircle
39
0.0
10
623.969315892229
20
414.967065103456
30
0.0
40
270.101198041127
210
0.0
220
0.0
230
1.0
100
AcDbArc
50
73.2039679737105
51
73.4188153485708
0
ARC
5
755
330
70
100
AcDbEntity
67
0
8
0
62
256
6
ByLayer
370
-1
48
1.0
60
0
100
AcDbCircle
39
0.0
10
623.815101785377
20
414.45384169201
30
0.0
40
270.637089648326
210
0.0
220
0.0
230
1.0
100
AcDbArc
50
72.9896268206828
51
73.2041095212157
0
ARC
5
756
330
70
100
AcDbEntity
67
0
8
0
62
256
6
ByLayer
370
-1
48
1.0
60
0
100
AcDbCircle
39
0.0
10
623.661934592646
20
413.950940460361
30
0.0
40
271.162798132043
210
0.0
220
0.0
230
1.0
100
AcDbArc
50
72.7756392036489
51
72.9897651677785
0
ARC
5
757
330
70
100
AcDbEntity
67
0
8
0
62
256
6
ByLayer
370
-1
48
1.0
60
0
100
AcDbCircle
39
0.0
10
623.509928976733
20
413.458463649278
30
0.0
40
271.678199632677
210
0.0
220
0.0
230
1.0
100
AcDbArc
50
72.5619971848732
51
72.7757743494772
0
ARC
5
758
330
70
100
AcDbEntity
67
0
8
0
62
256
6
ByLayer
370
-1
48
1.0
60
0
100
AcDbCircle
39
0.0
10
623.359199973511
20
412.976510820469
30
0.0
40
272.183172274968
210
0.0
220
0.0
230
1.0
100
AcDbArc
50
72.3486928277949
51
72.562129128596
0
ARC
5
759
330
70
100
AcDbEntity
67
0
8
0
62
256
6
ByLayer
370
-1
48
1.0
60
0
100
AcDbCircle
39
0.0
10
623.209863004036
20
412.505178994218
30
0.0
40
272.677596026599
210
0.0
220
0.0
230
1.0
100
AcDbArc
50
72.1357181970452
51
72.3488215686603
0
ARC
5
75A
330
70
100
AcDbEntity
67
0
8
0
62
256
6
ByLayer
370
-1
48
1.0
60
0
100
AcDbCircle
39
0.0
10
623.062033728086
20
412.044562287067
30
0.0
40
273.161353081491
210
0.0
220
0.0
230
1.0
100
AcDbArc
50
71.9230653586456
51
72.1358437343808
0
ARC
5
75B
330
70
100
AcDbEntity
67
0
8
0
62
256
6
ByLayer
370
-1
48
1.0
60
0
100
AcDbCircle
39
0.0
10
622.915828097456
20
411.594752183508
30
0.0
40
273.63432757863
210
0.0
220
0.0
230
1.0
100
AcDbArc
50
71.710726379948
51
71.9231876918599
0
ARC
5
75C
330
70
100
AcDbEntity
67
0
8
0
62
256
6
ByLayer
370
-1
48
1.0
60
0
100
AcDbCircle
39
0.0
10
622.771362225993
20
411.155837236919
30
0.0
40
274.096405920603
210
0.0
220
0.0
230
1.0
100
AcDbArc
50
71.498693329702
51
71.7108455084551
0
ARC
5
75D
330
70
100
AcDbEntity
67
0
8
0
62
256
6
ByLayer
370
-1
48
1.0
60
0
100
AcDbCircle
39
0.0
10
622.628752432972
20
410.727903304163
30
0.0
40
274.547476531288
210
0.0
220
0.0
230
1.0
100
AcDbArc
50
71.2869582780371
51
71.4988092529937
0
ARC
5
75E
330
70
100
AcDbEntity
67
0
8
0
62
256
6
ByLayer
370
-1
48
1.0
60
0
100
AcDbCircle
39
0.0
10
622.488115098202
20
410.311033211423
30
0.0
40
274.987430212896
210
0.0
220
0.0
230
1.0
100
AcDbArc
50
71.0755132965568
51
71.2870709956331
0
ARC
5
75F
330
70
100
AcDbEntity
67
0
8
0
62
256
6
ByLayer
370
-1
48
1.0
60
0
100
AcDbCircle
39
0.0
10
622.349566673044
20
409.905306894362
30
0.0
40
275.416160004011
210
0.0
220
0.0
230
1.0
100
AcDbArc
50
70.8643504582839
51
71.0756228079599
0
ARC
5
760
330
70
100
AcDbEntity
67
0
8
0
62
256
6
ByLayer
370
-1
48
1.0
60
0
100
AcDbCircle
39
0.0
10
622.213223755806
20
409.510801713397
30
0.0
40
275.833560851369
210
0.0
220
0.0
230
1.0
100
AcDbArc
50
70.6534618374275
51
70.8644567630478
0
ARC
5
761
330
70
100
AcDbEntity
67
0
8
0
62
256
6
ByLayer
370
-1
48
1.0
60
0
100
AcDbCircle
39
0.0
10
622.079202697379
20
409.127591413017
30
0.0
40
276.239530716888
210
0.0
220
0.0
230
1.0
100
AcDbArc
50
70.4428395098974
51
70.653564935164
0
ARC
5
762
330
70
100
AcDbEntity
67
0
8
0
62
256
6
ByLayer
370
-1
48
1.0
60
0
100
AcDbCircle
39
0.0
10
621.947620020698
20
408.755747434299
30
0.0
40
276.633969195034
210
0.0
220
0.0
230
1.0
100
AcDbArc
50
70.2324755525695
51
70.4429394001333
0
ARC
5
763
330
70
100
AcDbEntity
67
0
8
0
62
256
6
ByLayer
370
-1
48
1.0
60
0
100
AcDbCircle
39
0.0
10
621.818592005055
20
408.395337822779
30
0.0
40
277.016778675968
210
0.0
220
0.0
230
1.0
100
AcDbArc
50
70.0223620437552
51
70.2325722349556
0
ARC
5
764
330
70
100
AcDbEntity
67
0
8
0
62
256
6
ByLayer
370
-1
48
1.0
60
0
100
AcDbCircle
39
0.0
10
621.692234750256
20
408.046427523942
30
0.0
40
277.387864040753
210
0.0
220
0.0
230
1.0
100
AcDbArc
50
69.8124910629873
51
70.0224555178641
0
ARC
5
765
330
70
100
AcDbEntity
67
0
8
0
62
256
6
ByLayer
370
-1
48
1.0
60
0
100
AcDbCircle
39
0.0
10
621.568664301014
20
407.709078821204
30
0.0
40
277.747132202359
210
0.0
220
0.0
230
1.0
100
AcDbArc
50
69.6028546907452
51
69.8125813284336
0
ARC
5
766
330
70
100
AcDbEntity
67
0
8
0
62
256
6
ByLayer
370
-1
48
1.0
60
0
100
AcDbCircle
39
0.0
10
621.447996268815
20
407.38335039971
30
0.0
40
278.094493110126
210
0.0
220
0.0
230
1.0
100
AcDbArc
50
69.3934450087604
51
69.6029417471615
0
ARC
5
767
330
70
100
AcDbEntity
67
0
8
0
62
256
6
ByLayer
370
-1
48
1.0
60
0
100
AcDbCircle
39
0.0
10
621.330346067555
20
407.069298095758
30
0.0
40
278.429858960585
210
0.0
220
0.0
230
1.0
100
AcDbArc
50
69.1842540995693
51
69.3935288556529
0
ARC
5
768
330
70
100
AcDbEntity
67
0
8
0
62
256
6
ByLayer
370
-1
48
1.0
60
0
100
AcDbCircle
39
0.0
10
621.215828831939
20
406.76697476596
30
0.0
40
278.753144344207
210
0.0
220
0.0
230
1.0
100
AcDbArc
50
68.9752740464877
51
69.1843347365156
0
ARC
5
769
330
70
100
AcDbEntity
67
0
8
0
62
256
6
ByLayer
370
-1
48
1.0
60
0
100
AcDbCircle
39
0.0
10
621.10455922238
20
406.476429871143
30
0.0
40
279.064266699334
210
0.0
220
0.0
230
1.0
100
AcDbArc
50
68.7664969336621
51
68.9753514731038
0
ARC
5
76A
330
70
100
AcDbEntity
67
0
8
0
62
256
6
ByLayer
370
-1
48
1.0
60
0
100
AcDbCircle
39
0.0
10
620.99665138944
20
406.197709495396
30
0.0
40
279.363146302957
210
0.0
220
0.0
230
1.0
100
AcDbArc
50
68.5579148459172
51
68.766571149406
0
ARC
5
76B
330
70
100
AcDbEntity
67
0
8
0
62
256
6
ByLayer
370
-1
48
1.0
60
0
100
AcDbCircle
39
0.0
10
620.892219277108
20
405.930857222139
30
0.0
40
279.649705340241
210
0.0
220
0.0
230
1.0
100
AcDbArc
50
68.3495198682348
51
68.5579858502491
0
ARC
5
76C
330
70
100
AcDbEntity
67
0
8
0
62
256
6
ByLayer
370
-1
48
1.0
60
0
100
AcDbCircle
39
0.0
10
620.791376032267
20
405.675912713351
30
0.0
40
279.923869438914
210
0.0
220
0.0
230
1.0
100
AcDbArc
50
68.1413040862531
51
68.3495876606811
0
ARC
5
76D
330
70
100
AcDbEntity
67
0
8
0
62
256
6
ByLayer
370
-1
48
1.0
60
0
100
AcDbCircle
39
0.0
10
620.694234380004
20
405.432912774235
30
0.0
40
280.185566537435
210
0.0
220
0.0
230
1.0
100
AcDbArc
50
67.9332595856385
51
68.1413686662171
0
ARC
5
76E
330
70
100
AcDbEntity
67
0
8
0
62
256
6
ByLayer
370
-1
48
1.0
60
0
100
AcDbCircle
39
0.0
10
620.600906407588
20
405.201890900211
30
0.0
40
280.434727382224
210
0.0
220
0.0
230
1.0
100
AcDbArc
50
67.7253784520903
51
67.9333209525005
0
ARC
5
76F
330
70
100
AcDbEntity
67
0
8
0
62
256
6
ByLayer
370
-1
48
1.0
60
0
100
AcDbCircle
39
0.0
10
620.511503491978
20
404.982877199485
30
0.0
40
280.671285623134
210
0.0
220
0.0
230
1.0
100
AcDbArc
50
67.5176527712517
51
67.7254366051707
0
ARC
5
770
330
70
100
AcDbEntity
67
0
8
0
62
256
6
ByLayer
370
-1
48
1.0
60
0
100
AcDbCircle
39
0.0
10
620.426136412525
20
404.77589876647
30
0.0
40
280.895177421783
210
0.0
220
0.0
230
1.0
100
AcDbArc
50
67.310074628362
51
67.5177077098306
0
ARC
5
771
330
70
100
AcDbEntity
67
0
8
0
62
256
6
ByLayer
370
-1
48
1.0
60
0
100
AcDbCircle
39
0.0
10
620.344915090814
20
404.580979144863
30
0.0
40
281.106342043911
210
0.0
220
0.0
230
1.0
100
AcDbArc
50
67.1026361083062
51
67.310126351683
0
ARC
5
772
330
70
100
AcDbEntity
67
0
8
0
62
256
6
ByLayer
370
-1
48
1.0
60
0
100
AcDbCircle
39
0.0
10
620.267948774647
20
404.398138869895
30
0.0
40
281.304721285004
210
0.0
220
0.0
230
1.0
100
AcDbArc
50
66.8953292951824
51
67.1026846155458
0
ARC
5
773
330
70
100
AcDbEntity
67
0
8
0
62
256
6
ByLayer
370
-1
48
1.0
60
0
100
AcDbCircle
39
0.0
10
620.195345777016
20
404.227394939428
30
0.0
40
281.490260056098
210
0.0
220
0.0
230
1.0
100
AcDbArc
50
66.6881462723776
51
66.8953745855185
0
ARC
5
774
330
70
100
AcDbEntity
67
0
8
0
62
256
6
ByLayer
370
-1
48
1.0
60
0
100
AcDbCircle
39
0.0
10
620.127213546004
20
404.068761082058
30
0.0
40
281.662906106895
210
0.0
220
0.0
230
1.0
100
AcDbArc
50
66.4810791222102
51
66.6881883448502
0
ARC
5
775
330
70
100
AcDbEntity
67
0
8
0
62
256
6
ByLayer
370
-1
48
1.0
60
0
100
AcDbCircle
39
0.0
10
620.063658658902
20
403.92224783528
30
0.0
40
281.822609953604
210
0.0
220
0.0
230
1.0
100
AcDbArc
50
66.274119925737
51
66.4811179758204
0
ARC
5
776
330
70
100
AcDbEntity
67
0
8
0
62
256
6
ByLayer
370
-1
48
1.0
60
0
100
AcDbCircle
39
0.0
10
620.00478667179
20
403.787862292672
30
0.0
40
281.969325168194
210
0.0
220
0.0
230
1.0
100
AcDbArc
50
66.0672607626376
51
66.2741555594305
0
ARC
5
777
330
70
100
AcDbEntity
67
0
8
0
62
256
6
ByLayer
370
-1
48
1.0
60
0
100
AcDbCircle
39
0.0
10
619.950702185538
20
403.665608351515
30
0.0
40
282.1030081227
210
0.0
220
0.0
230
1.0
100
AcDbArc
50
65.8604937108769
51
66.067293175272
0
ARC
5
778
330
70
100
AcDbEntity
67
0
8
0
62
256
6
ByLayer
370
-1
48
1.0
60
0
100
AcDbCircle
39
0.0
10
619.901508712531
20
403.555486502639
30
0.0
40
282.223618233061
210
0.0
220
0.0
230
1.0
100
AcDbArc
50
65.6538108466589
51
65.8605229013195
0
ARC
5
779
330
70
100
AcDbEntity
67
0
8
0
62
256
6
ByLayer
370
-1
48
1.0
60
0
100
AcDbCircle
39
0.0
10
619.857308681256
20
403.457493938164
30
0.0
40
282.331117856738
210
0.0
220
0.0
230
1.0
100
AcDbArc
50
65.4472042440548
51
65.6538368136497
0
ARC
5
77A
330
70
100
AcDbEntity
67
0
8
0
62
256
6
ByLayer
370
-1
48
1.0
60
0
100
AcDbCircle
39
0.0
10
619.818203292945
20
403.371624328636
30
0.0
40
282.425472552821
210
0.0
220
0.0
230
1.0
100
AcDbArc
50
65.2406659749867
51
65.4472269862504
0
ARC
5
77B
330
70
100
AcDbEntity
67
0
8
0
62
256
6
ByLayer
370
-1
48
1.0
60
0
100
AcDbCircle
39
0.0
10
619.784292754819
20
403.297868428459
30
0.0
40
282.506650432504
210
0.0
220
0.0
230
1.0
100
AcDbArc
50
65.0341881086546
51
65.2406854909375
0
ARC
5
77C
330
70
100
AcDbEntity
67
0
8
0
62
256
6
ByLayer
370
-1
48
1.0
60
0
100
AcDbCircle
39
0.0
10
619.755675862051
20
403.236213253386
30
0.0
40
282.574623079307
210
0.0
220
0.0
230
1.0
100
AcDbArc
50
64.8277627117279
51
65.0342043968854
0
ARC
5
77D
330
70
100
AcDbEntity
67
0
8
0
62
256
6
ByLayer
370
-1
48
1.0
60
0
100
AcDbCircle
39
0.0
10
619.732450352723
20
403.186642943259
30
0.0
40
282.629364615465
210
0.0
220
0.0
230
1.0
100
AcDbArc
50
64.6213818476963
51
64.8277757706741
0
ARC
5
77E
330
70
100
AcDbEntity
67
0
8
0
62
256
6
ByLayer
370
-1
48
1.0
60
0
100
AcDbCircle
39
0.0
10
619.714712469453
20
403.149137911302
30
0.0
40
282.670852656806
210
0.0
220
0.0
230
1.0
100
AcDbArc
50
64.4150375770565
51
64.6213916757876
0
ARC
5
77F
330
70
100
AcDbEntity
67
0
8
0
62
256
6
ByLayer
370
-1
48
1.0
60
0
100
AcDbCircle
39
0.0
10
619.70255714338
20
403.123675336159
30
0.0
40
282.699067787958
210
0.0
220
0.0
230
1.0
100
AcDbArc
50
64.2087219568244
51
64.4150441725212
0
ARC
5
780
330
70
100
AcDbEntity
67
0
8
0
62
256
6
ByLayer
370
-1
48
1.0
60
0
100
AcDbCircle
39
0.0
10
619.69607808407
20
403.110229433244
30
0.0
40
282.713993277555
210
0.0
220
0.0
230
1.0
100
AcDbArc
50
64.0024270401989
51
64.2087253178609
0
ARC
5
781
330
70
100
AcDbEntity
67
0
8
0
62
256
6
ByLayer
370
-1
48
1.0
60
0
100
AcDbCircle
39
0.0
10
619.695367351137
20
403.108770653891
30
0.0
40
282.715615984591
210
0.0
220
0.0
230
1.0
100
AcDbArc
50
63.7961448766717
51
64.00242716494
0
ARC
5
782
330
70
100
AcDbEntity
67
0
8
0
62
256
6
ByLayer
370
-1
48
1.0
60
0
100
AcDbCircle
39
0.0
10
619.700515721575
20
403.119266538616
30
0.0
40
282.703925429502
210
0.0
220
0.0
230
1.0
100
AcDbArc
50
63.5898675114146
51
63.7961417631108
0
ARC
5
783
330
70
100
AcDbEntity
67
0
8
0
62
256
6
ByLayer
370
-1
48
1.0
60
0
100
AcDbCircle
39
0.0
10
619.711612395017
20
403.141681197586
30
0.0
40
282.678914389631
210
0.0
220
0.0
230
1.0
100
AcDbArc
50
63.383586985279
51
63.5898611575155
0
ARC
5
784
330
70
100
AcDbEntity
67
0
8
0
62
256
6
ByLayer
370
-1
48
1.0
60
0
100
AcDbCircle
39
0.0
10
619.728745103214
20
403.175975623265
30
0.0
40
282.640578569807
210
0.0
220
0.0
230
1.0
100
AcDbArc
50
63.1772953343968
51
63.3835773889323
0
ARC
5
785
330
70
100
AcDbEntity
67
0
8
0
62
256
6
ByLayer
370
-1
48
1.0
60
0
100
AcDbCircle
39
0.0
10
619.751999880798
20
403.222107319692
30
0.0
40
282.588917035917
210
0.0
220
0.0
230
1.0
100
AcDbArc
50
62.9709845901266
51
63.1772824934079
0
ARC
5
786
330
70
100
AcDbEntity
67
0
8
0
62
256
6
ByLayer
370
-1
48
1.0
60
0
100
AcDbCircle
39
0.0
10
619.781461238735
20
403.280030738722
30
0.0
40
282.523931746896
210
0.0
220
0.0
230
1.0
100
AcDbArc
50
62.7646467786136
51
62.9709685021621
0
ARC
5
787
330
70
100
AcDbEntity
67
0
8
0
62
256
6
ByLayer
370
-1
48
1.0
60
0
100
AcDbCircle
39
0.0
10
619.81721205031
20
403.349697138087
30
0.0
40
282.4456277327
210
0.0
220
0.0
230
1.0
100
AcDbArc
50
62.5582739205957
51
62.7646274412651
0
ARC
5
788
330
70
100
AcDbEntity
67
0
8
0
62
256
6
ByLayer
370
-1
48
1.0
60
0
100
AcDbCircle
39
0.0
10
619.85933348288
20
403.431054535014
30
0.0
40
282.354013166608
210
0.0
220
0.0
230
1.0
100
AcDbArc
50
62.3518580312241
51
62.5582513314053
0
ARC
5
789
330
70
100
AcDbEntity
67
0
8
0
62
256
6
ByLayer
370
-1
48
1.0
60
0
100
AcDbCircle
39
0.0
10
619.907905005266
20
403.52404780814
30
0.0
40
282.249099271342
210
0.0
220
0.0
230
1.0
100
AcDbArc
50
62.1453911197153
51
62.3518321876094
0
ARC
5
78A
330
70
100
AcDbEntity
67
0
8
0
62
256
6
ByLayer
370
-1
48
1.0
60
0
100
AcDbCircle
39
0.0
10
619.963004340221
20
403.628618690217
30
0.0
40
282.130900347706
210
0.0
220
0.0
230
1.0
100
AcDbArc
50
61.9388651891907
51
62.1453620190585
0
ARC
5
78B
330
70
100
AcDbEntity
67
0
8
0
62
256
6
ByLayer
370
-1
48
1.0
60
0
100
AcDbCircle
39
0.0
10
620.024707412665
20
403.744705755905
30
0.0
40
281.999433809797
210
0.0
220
0.0
230
1.0
100
AcDbArc
50
61.732272236368
51
61.9388328287513
0
ARC
5
78C
330
70
100
AcDbEntity
67
0
8
0
62
256
6
ByLayer
370
-1
48
1.0
60
0
100
AcDbCircle
39
0.0
10
620.093088274851
20
403.872244366828
30
0.0
40
281.854720269088
210
0.0
220
0.0
230
1.0
100
AcDbArc
50
61.5256042514414
51
61.7322366133177
0
ARC
5
78D
330
70
100
AcDbEntity
67
0
8
0
62
256
6
ByLayer
370
-1
48
1.0
60
0
100
AcDbCircle
39
0.0
10
620.16821933769
20
404.011167185023
30
0.0
40
281.696782973171
210
0.0
220
0.0
230
1.0
100
AcDbArc
50
61.3188532174952
51
61.525565362839
0
ARC
5
78E
330
70
100
AcDbEntity
67
0
8
0
62
256
6
ByLayer
370
-1
48
1.0
60
0
100
AcDbCircle
39
0.0
10
620.250170862621
20
404.161403312233
30
0.0
40
281.525648805268
210
0.0
220
0.0
230
1.0
100
AcDbArc
50
61.1120111108025
51
61.3188110604071
0
ARC
5
78F
330
70
100
AcDbEntity
67
0
8
0
62
256
6
ByLayer
370
-1
48
1.0
60
0
100
AcDbCircle
39
0.0
10
620.339011466451
20
404.322879305663
30
0.0
40
281.341347151584
210
0.0
220
0.0
230
1.0
100
AcDbArc
50
60.9050698999975
51
61.1119656821202
0
ARC
5
790
330
70
100
AcDbEntity
67
0
8
0
62
256
6
ByLayer
370
-1
48
1.0
60
0
100
AcDbCircle
39
0.0
10
620.434807606124
20
404.495518315262
30
0.0
40
281.143910906535
210
0.0
220
0.0
230
1.0
100
AcDbArc
50
60.6980215463405
51
60.9050211966012
0
ARC
5
791
330
70
100
AcDbEntity
67
0
8
0
62
256
6
ByLayer
370
-1
48
1.0
60
0
100
AcDbCircle
39
0.0
10
619.912274690581
20
403.563043329655
30
0.0
40
282.212812105813
210
0.0
220
0.0
230
1.0
100
AcDbArc
50
60.4919907764041
51
60.6981614100937
0
ARC
5
792
330
70
100
AcDbEntity
67
0
8
0
62
256
6
ByLayer
370
-1
48
1.0
60
0
100
AcDbCircle
39
0.0
10
619.030004213097
20
401.998505350173
30
0.0
40
284.008967060162
210
0.0
220
0.0
230
1.0
100
AcDbArc
50
60.2877351383332
51
60.4925510682738
0
ARC
5
793
330
70
100
AcDbEntity
67
0
8
0
62
256
6
ByLayer
370
-1
48
1.0
60
0
100
AcDbCircle
39
0.0
10
618.820416284137
20
401.630225876742
30
0.0
40
284.432708275527
210
0.0
220
0.0
230
1.0
100
AcDbArc
50
60.0833789292912
51
60.2878365193261
0
ARC
5
794
330
70
100
AcDbEntity
67
0
8
0
62
256
6
ByLayer
370
-1
48
1.0
60
0
100
AcDbCircle
39
0.0
10
618.616936786922
20
401.275629845633
30
0.0
40
284.841538333753
210
0.0
220
0.0
230
1.0
100
AcDbArc
50
59.8793677756149
51
60.0834764180802
0
ARC
5
795
330
70
100
AcDbEntity
67
0
8
0
62
256
6
ByLayer
370
-1
48
1.0
60
0
100
AcDbCircle
39
0.0
10
618.419752565883
20
400.934822934634
30
0.0
40
285.235277779131
210
0.0
220
0.0
230
1.0
100
AcDbArc
50
59.6756922571785
51
59.8794613622629
0
ARC
5
796
330
70
100
AcDbEntity
67
0
8
0
62
256
6
ByLayer
370
-1
48
1.0
60
0
100
AcDbCircle
39
0.0
10
618.229050449738
20
400.607907614234
30
0.0
40
285.613749342467
210
0.0
220
0.0
230
1.0
100
AcDbArc
50
59.4723429350584
51
59.6757819315637
0
ARC
5
797
330
70
100
AcDbEntity
67
0
8
0
62
256
6
ByLayer
370
-1
48
1.0
60
0
100
AcDbCircle
39
0.0
10
618.045016656677
20
400.294982197278
30
0.0
40
285.976779052831
210
0.0
220
0.0
230
1.0
100
AcDbArc
50
59.2693103516142
51
59.4724286870002
0
ARC
5
798
330
70
100
AcDbEntity
67
0
8
0
62
256
6
ByLayer
370
-1
48
1.0
60
0
100
AcDbCircle
39
0.0
10
617.867837072424
20
399.996141397287
30
0.0
40
286.324195606609
210
0.0
220
0.0
230
1.0
100
AcDbArc
50
59.0665850297715
51
59.2693921707327
0
ARC
5
799
330
70
100
AcDbEntity
67
0
8
0
62
256
6
ByLayer
370
-1
48
1.0
60
0
100
AcDbCircle
39
0.0
10
617.697697001984
20
399.71147598447
30
0.0
40
286.655830781457
210
0.0
220
0.0
230
1.0
100
AcDbArc
50
58.8641574726705
51
59.0666629054979
0
ARC
5
79A
330
70
100
AcDbEntity
67
0
8
0
62
256
6
ByLayer
370
-1
48
1.0
60
0
100
AcDbCircle
39
0.0
10
617.534781247696
20
399.44107299494
30
0.0
40
286.971519208253
210
0.0
220
0.0
230
1.0
100
AcDbArc
50
58.6620181631071
51
58.8642313942893
0
ARC
5
79B
330
70
100
AcDbEntity
67
0
8
0
62
256
6
ByLayer
370
-1
48
1.0
60
0
100
AcDbCircle
39
0.0
10
617.379273701749
20
399.185015134494
30
0.0
40
287.27109908382
210
0.0
220
0.0
230
1.0
100
AcDbArc
50
58.4601575633459
51
58.6620881197463
0
ARC
5
79C
330
70
100
AcDbEntity
67
0
8
0
62
256
6
ByLayer
370
-1
48
1.0
60
0
100
AcDbCircle
39
0.0
10
617.231357674441
20
398.94338140599
30
0.0
40
287.554411456192
210
0.0
220
0.0
230
1.0
100
AcDbArc
50
58.258566114183
51
58.4602235437986
0
ARC
5
79D
330
70
100
AcDbEntity
67
0
8
0
62
256
6
ByLayer
370
-1
48
1.0
60
0
100
AcDbCircle
39
0.0
10
617.091215631332
20
398.716246752441
30
0.0
40
287.821300658294
210
0.0
220
0.0
230
1.0
100
AcDbArc
50
58.0572342346604
51
58.2586281071511
0
ARC
5
79E
330
70
100
AcDbEntity
67
0
8
0
62
256
6
ByLayer
370
-1
48
1.0
60
0
100
AcDbCircle
39
0.0
10
616.959028902327
20
398.50368167269
30
0.0
40
288.071614779967
210
0.0
220
0.0
230
1.0
100
AcDbArc
50
57.8561523216188
51
58.0572922285827
0
ARC
5
79F
330
70
100
AcDbEntity
67
0
8
0
62
256
6
ByLayer
370
-1
48
1.0
60
0
100
AcDbCircle
39
0.0
10
616.834978066827
20
398.305752926234
30
0.0
40
288.305204858385
210
0.0
220
0.0
230
1.0
100
AcDbArc
50
57.6553107487765
51
57.8562063046674
0
ARC
5
7A0
330
70
100
AcDbEntity
67
0
8
0
62
256
6
ByLayer
370
-1
48
1.0
60
0
100
AcDbCircle
39
0.0
10
616.7192424133
20
398.122522748653
30
0.0
40
288.521925822364
210
0.0
220
0.0
230
1.0
100
AcDbArc
50
57.4546998664464
51
57.6553607089054
0
ARC
5
7A1
330
70
100
AcDbEntity
67
0
8
0
62
256
6
ByLayer
370
-1
48
1.0
60
0
100
AcDbCircle
39
0.0
10
616.612000181854
20
397.954049324592
30
0.0
40
288.721635955559
210
0.0
220
0.0
230
1.0
100
AcDbArc
50
57.2543100007426
51
57.4547457913783
0
ARC
5
7A2
330
70
100
AcDbEntity
67
0
8
0
62
256
6
ByLayer
370
-1
48
1.0
60
0
100
AcDbCircle
39
0.0
10
616.513428167641
20
397.800386249409
30
0.0
40
288.904197556399
210
0.0
220
0.0
230
1.0
100
AcDbArc
50
57.0541314531056
51
57.2543518778886
0
ARC
5
7A3
330
70
100
AcDbEntity
67
0
8
0
62
256
6
ByLayer
370
-1
48
1.0
60
0
100
AcDbCircle
39
0.0
10
616.423702057356
20
397.661583141717
30
0.0
40
289.069476233762
210
0.0
220
0.0
230
1.0
100
AcDbArc
50
56.8541544993564
51
57.0541692695748
0
ARC
5
7A4
330
70
100
AcDbEntity
67
0
8
0
62
256
6
ByLayer
370
-1
48
1.0
60
0
100
AcDbCircle
39
0.0
10
616.342995968987
20
397.537685012001
30
0.0
40
289.217341680202
210
0.0
220
0.0
230
1.0
100
AcDbArc
50
56.6543693892902
51
56.8541882420393
0
ARC
5
7A5
330
70
100
AcDbEntity
67
0
8
0
62
256
6
ByLayer
370
-1
48
1.0
60
0
100
AcDbCircle
39
0.0
10
616.271482530581
20
397.428732475761
30
0.0
40
289.347667443607
210
0.0
220
0.0
230
1.0
100
AcDbArc
50
56.4547663458748
51
56.6543990447764
0
ARC
5
7A6
330
70
100
AcDbEntity
67
0
8
0
62
256
6
ByLayer
370
-1
48
1.0
60
0
100
AcDbCircle
39
0.0
10
616.209332838941
20
397.334761777311
30
0.0
40
289.460330923391
210
0.0
220
0.0
230
1.0
100
AcDbArc
50
56.2553355644256
51
56.454791900419
0
ARC
5
7A7
330
70
100
AcDbEntity
67
0
8
0
62
256
6
ByLayer
370
-1
48
1.0
60
0
100
AcDbCircle
39
0.0
10
616.156716211409
20
397.255804501991
30
0.0
40
289.55521374103
210
0.0
220
0.0
230
1.0
100
AcDbArc
50
56.0560672120861
51
56.2553570040321
0
ARC
5
7A8
330
70
100
AcDbEntity
67
0
8
0
62
256
6
ByLayer
370
-1
48
1.0
60
0
100
AcDbCircle
39
0.0
10
616.113800328597
20
397.191887882139
30
0.0
40
289.632201400015
210
0.0
220
0.0
230
1.0
100
AcDbArc
50
55.8569514267889
51
56.056084522376
0
ARC
5
7A9
330
70
100
AcDbEntity
67
0
8
0
62
256
6
ByLayer
370
-1
48
1.0
60
0
100
AcDbCircle
39
0.0
10
616.080750833357
20
397.143034288205
30
0.0
40
289.691183925777
210
0.0
220
0.0
230
1.0
100
AcDbArc
50
55.6579783168002
51
55.856964593076
0
ARC
5
7AA
330
70
100
AcDbEntity
67
0
8
0
62
256
6
ByLayer
370
-1
48
1.0
60
0
100
AcDbCircle
39
0.0
10
616.057731748144
20
397.109261938247
30
0.0
40
289.732055038209
210
0.0
220
0.0
230
1.0
100
AcDbArc
50
55.4591379594716
51
55.6579873240107
0
ARC
5
7AB
330
70
100
AcDbEntity
67
0
8
0
62
256
6
ByLayer
370
-1
48
1.0
60
0
100
AcDbCircle
39
0.0
10
616.044904785782
20
397.090583972308
30
0.0
40
289.754713298905
210
0.0
220
0.0
230
1.0
100
AcDbArc
50
55.2604204008953
51
55.4591427922414
0
ARC
5
7AC
330
70
100
AcDbEntity
67
0
8
0
62
256
6
ByLayer
370
-1
48
1.0
60
0
100
AcDbCircle
39
0.0
10
616.042429772132
20
397.087009166487
30
0.0
40
289.759061277593
210
0.0
220
0.0
230
1.0
100
AcDbArc
50
55.0618156547101
51
55.2604210434558
0
ARC
5
7AD
330
70
100
AcDbEntity
67
0
8
0
62
256
6
ByLayer
370
-1
48
1.0
60
0
100
AcDbCircle
39
0.0
10
616.050464264957
20
397.098541469377
30
0.0
40
289.745006144719
210
0.0
220
0.0
230
1.0
100
AcDbArc
50
54.8633137014008
51
55.0618120909225
0
ARC
5
7AE
330
70
100
AcDbEntity
67
0
8
0
62
256
6
ByLayer
370
-1
48
1.0
60
0
100
AcDbCircle
39
0.0
10
616.069163660395
20
397.125180248875
30
0.0
40
289.712459402754
210
0.0
220
0.0
230
1.0
100
AcDbArc
50
54.664904487331
51
54.8633059147697
0
ARC
5
7AF
330
70
100
AcDbEntity
67
0
8
0
62
256
6
ByLayer
370
-1
48
1.0
60
0
100
AcDbCircle
39
0.0
10
616.098680921147
20
397.166919997249
30
0.0
40
289.661337278587
210
0.0
220
0.0
230
1.0
100
AcDbArc
50
54.4665779239483
51
54.6648924609813
0
ARC
5
7B0
330
70
100
AcDbEntity
67
0
8
0
62
256
6
ByLayer
370
-1
48
1.0
60
0
100
AcDbCircle
39
0.0
10
616.139166691371
20
397.223750589157
30
0.0
40
289.591560441513
210
0.0
220
0.0
230
1.0
100
AcDbArc
50
54.2683238867071
51
54.4665616405734
0
ARC
5
7B1
330
70
100
AcDbEntity
67
0
8
0
62
256
6
ByLayer
370
-1
48
1.0
60
0
100
AcDbCircle
39
0.0
10
616.190768962282
20
397.295656905617
30
0.0
40
289.503054498682
210
0.0
220
0.0
230
1.0
100
AcDbArc
50
54.0701322143619
51
54.2683033286053
0
ARC
5
7B2
330
70
100
AcDbEntity
67
0
8
0
62
256
6
ByLayer
370
-1
48
1.0
60
0
100
AcDbCircle
39
0.0
10
616.253633463688
20
397.382619474509
30
0.0
40
289.395749241754
210
0.0
220
0.0
230
1.0
100
AcDbArc
50
53.8719927076179
51
54.0701073634027
0
ARC
5
7B3
330
70
100
AcDbEntity
67
0
8
0
62
256
6
ByLayer
370
-1
48
1.0
60
0
100
AcDbCircle
39
0.0
10
616.327902927665
20
397.484613542611
30
0.0
40
289.269579825805
210
0.0
220
0.0
230
1.0
100
AcDbArc
50
53.6738951286402
51
53.8719635453166
0
ARC
5
7B4
330
70
100
AcDbEntity
67
0
8
0
62
256
6
ByLayer
370
-1
48
1.0
60
0
100
AcDbCircle
39
0.0
10
616.413717606663
20
397.601609889499
30
0.0
40
289.124485802021
210
0.0
220
0.0
230
1.0
100
AcDbArc
50
53.4758291996429
51
53.6738616360272
0
ARC
5
7B5
330
70
100
AcDbEntity
67
0
8
0
62
256
6
ByLayer
370
-1
48
1.0
60
0
100
AcDbCircle
39
0.0
10
616.511214790276
20
397.733574259464
30
0.0
40
288.960411857386
210
0.0
220
0.0
230
1.0
100
AcDbArc
50
53.277784602111
51
53.4757913573148
0
ARC
5
7B6
330
70
100
AcDbEntity
67
0
8
0
62
256
6
ByLayer
370
-1
48
1.0
60
0
100
AcDbCircle
39
0.0
10
616.620528963445
20
397.880467674832
30
0.0
40
288.777307464643
210
0.0
220
0.0
230
1.0
100
AcDbArc
50
53.0797509756767
51
53.2777423902257
0
ARC
5
7B7
330
70
100
AcDbEntity
67
0
8
0
62
256
6
ByLayer
370
-1
48
1.0
60
0
100
AcDbCircle
39
0.0
10
616.750536182182
20
398.053840925684
30
0.0
40
288.560604632445
210
0.0
220
0.0
230
1.0
100
AcDbArc
50
52.8817131336384
51
53.0797095539788
0
ARC
5
7B8
330
70
100
AcDbEntity
67
0
8
0
62
256
6
ByLayer
370
-1
48
1.0
60
0
100
AcDbCircle
39
0.0
10
616.558279876289
20
397.799832266472
30
0.0
40
288.879168418455
210
0.0
220
0.0
230
1.0
100
AcDbArc
50
52.6840780766739
51
52.8817094023278
0
ARC
5
7B9
330
70
100
AcDbEntity
67
0
8
0
62
256
6
ByLayer
370
-1
48
1.0
60
0
100
AcDbCircle
39
0.0
10
616.367192801658
20
397.54854354079
30
0.0
40
289.194858398514
210
0.0
220
0.0
230
1.0
100
AcDbArc
50
52.4868839463625
51
52.6841496143761
0
ARC
5
7BA
330
70
100
AcDbEntity
67
0
8
0
62
256
6
ByLayer
370
-1
48
1.0
60
0
100
AcDbCircle
39
0.0
10
616.186407207254
20
397.312493572786
30
0.0
40
289.492184656211
210
0.0
220
0.0
230
1.0
100
AcDbArc
50
52.2900407531888
51
52.4869511047821
0
ARC
5
7BB
330
70
100
AcDbEntity
67
0
8
0
62
256
6
ByLayer
370
-1
48
1.0
60
0
100
AcDbCircle
39
0.0
10
616.016168197773
20
397.09179023352
30
0.0
40
289.770916038849
210
0.0
220
0.0
230
1.0
100
AcDbArc
50
52.0935380958156
51
52.2901035117789
0
ARC
5
7BC
330
70
100
AcDbEntity
67
0
8
0
62
256
6
ByLayer
370
-1
48
1.0
60
0
100
AcDbCircle
39
0.0
10
615.856720088227
20
396.886537106543
30
0.0
40
290.030824597086
210
0.0
220
0.0
230
1.0
100
AcDbArc
50
51.8973655320426
51
52.0935964336021
0
ARC
5
7BD
330
70
100
AcDbEntity
67
0
8
0
62
256
6
ByLayer
370
-1
48
1.0
60
0
100
AcDbCircle
39
0.0
10
615.708306392048
20
396.696833539754
30
0.0
40
290.271685540316
210
0.0
220
0.0
230
1.0
100
AcDbArc
50
51.7015125778473
51
51.8974194276823
0
ARC
5
7BE
330
70
100
AcDbEntity
67
0
8
0
62
256
6
ByLayer
370
-1
48
1.0
60
0
100
AcDbCircle
39
0.0
10
615.571169444841
20
396.522774234469
30
0.0
40
290.493277781339
210
0.0
220
0.0
230
1.0
100
AcDbArc
50
51.5059687065738
51
51.7015620095873
0
ARC
5
7BF
330
70
100
AcDbEntity
67
0
8
0
62
256
6
ByLayer
370
-1
48
1.0
60
0
100
AcDbCircle
39
0.0
10
615.445550518747
20
396.364449466112
30
0.0
40
290.695383681561
210
0.0
220
0.0
230
1.0
100
AcDbArc
50
51.3107233477339
51
51.506013652118
0
ARC
5
7C0
330
70
100
AcDbEntity
67
0
8
0
62
256
6
ByLayer
370
-1
48
1.0
60
0
100
AcDbCircle
39
0.0
10
615.331689704794
20
396.221945005178
30
0.0
40
290.877789175512
210
0.0
220
0.0
230
1.0
100
AcDbArc
50
51.1157658860274
51
51.3107637843658
0
ARC
5
7C1
330
70
100
AcDbEntity
67
0
8
0
62
256
6
ByLayer
370
-1
48
1.0
60
0
100
AcDbCircle
39
0.0
10
615.22982583577
20
396.095342092238
30
0.0
40
291.040283828141
210
0.0
220
0.0
230
1.0
100
AcDbArc
50
50.9210856601071
51
51.1158017905607
0
ARC
5
7C2
330
70
100
AcDbEntity
67
0
8
0
62
256
6
ByLayer
370
-1
48
1.0
60
0
100
AcDbCircle
39
0.0
10
615.14019592107
20
395.984716812021
30
0.0
40
291.182661666524
210
0.0
220
0.0
230
1.0
100
AcDbArc
50
50.7266719618453
51
50.9211170089041
0
ARC
5
7C3
330
70
100
AcDbEntity
67
0
8
0
62
256
6
ByLayer
370
-1
48
1.0
60
0
100
AcDbCircle
39
0.0
10
615.063035779669
20
395.890140955405
30
0.0
40
291.304720101548
210
0.0
220
0.0
230
1.0
100
AcDbArc
50
50.5325140345884
51
50.7266987306665
0
ARC
5
7C4
330
70
100
AcDbEntity
67
0
8
0
62
256
6
ByLayer
370
-1
48
1.0
60
0
100
AcDbCircle
39
0.0
10
614.998579117997
20
395.811680960667
30
0.0
40
291.406261321284
210
0.0
220
0.0
230
1.0
100
AcDbArc
50
50.3386010725126
51
50.5325361987357
0
ARC
5
7C5
330
70
100
AcDbEntity
67
0
8
0
62
256
6
ByLayer
370
-1
48
1.0
60
0
100
AcDbCircle
39
0.0
10
614.947057981353
20
395.749398550347
30
0.0
40
291.487091502536
210
0.0
220
0.0
230
1.0
100
AcDbArc
50
50.1449222189725
51
50.3386186066141
0
ARC
5
7C6
330
70
100
AcDbEntity
67
0
8
0
62
256
6
ByLayer
370
-1
48
1.0
60
0
100
AcDbCircle
39
0.0
10
614.908702599501
20
395.703350617434
30
0.0
40
291.547020987343
210
0.0
220
0.0
230
1.0
100
AcDbArc
50
49.9514665652476
51
50.1449350971699
0
ARC
5
7C7
330
70
100
AcDbEntity
67
0
8
0
62
256
6
ByLayer
370
-1
48
1.0
60
0
100
AcDbCircle
39
0.0
10
614.883740785601
20
395.673588585937
30
0.0
40
291.585865149485
210
0.0
220
0.0
230
1.0
100
AcDbArc
50
49.7582231494859
51
49.9514747611272
0
ARC
5
7C8
330
70
100
AcDbEntity
67
0
8
0
62
256
6
ByLayer
370
-1
48
1.0
60
0
100
AcDbCircle
39
0.0
10
614.872398297557
20
395.660158930877
30
0.0
40
291.603443754528
210
0.0
220
0.0
230
1.0
100
AcDbArc
50
49.5651809550308
51
49.7582266359419
0
ARC
5
7C9
330
70
100
AcDbEntity
67
0
8
0
62
256
6
ByLayer
370
-1
48
1.0
60
0
100
AcDbCircle
39
0.0
10
614.874898417311
20
395.663102761498
30
0.0
40
291.599581540526
210
0.0
220
0.0
230
1.0
100
AcDbArc
50
49.3723289092011
51
49.5651797043189
0
ARC
5
7CA
330
70
100
AcDbEntity
67
0
8
0
62
256
6
ByLayer
370
-1
48
1.0
60
0
100
AcDbCircle
39
0.0
10
614.891462168668
20
395.682456163277
30
0.0
40
291.574107807349
210
0.0
220
0.0
230
1.0
100
AcDbArc
50
49.179655881622
51
49.372322892938
0
ARC
5
7CB
330
70
100
AcDbEntity
67
0
8
0
62
256
6
ByLayer
370
-1
48
1.0
60
0
100
AcDbCircle
39
0.0
10
614.92230770031
20
395.718249562311
30
0.0
40
291.526857291897
210
0.0
220
0.0
230
1.0
100
AcDbArc
50
48.9871506829837
51
49.179645070756
0
ARC
5
7CC
330
70
100
AcDbEntity
67
0
8
0
62
256
6
ByLayer
370
-1
48
1.0
60
0
100
AcDbCircle
39
0.0
10
614.96765067
20
395.770508262409
30
0.0
40
291.457669501725
210
0.0
220
0.0
230
1.0
100
AcDbArc
50
48.7948020632465
51
48.9871350477755
0
ARC
5
7CD
330
70
100
AcDbEntity
67
0
8
0
62
256
6
ByLayer
370
-1
48
1.0
60
0
100
AcDbCircle
39
0.0
10
615.02770359337
20
395.839251781911
30
0.0
40
291.366389634184
210
0.0
220
0.0
230
1.0
100
AcDbArc
50
48.6025987103203
51
48.7947815732392
0
ARC
5
7CE
330
70
100
AcDbEntity
67
0
8
0
62
256
6
ByLayer
370
-1
48
1.0
60
0
100
AcDbCircle
39
0.0
10
615.102676299936
20
395.924494468802
30
0.0
40
291.252867804776
210
0.0
220
0.0
230
1.0
100
AcDbArc
50
48.4105292481444
51
48.6025733343421
0
ARC
5
7CF
330
70
100
AcDbEntity
67
0
8
0
62
256
6
ByLayer
370
-1
48
1.0
60
0
100
AcDbCircle
39
0.0
10
615.192775167047
20
396.026244718945
30
0.0
40
291.116960131866
210
0.0
220
0.0
230
1.0
100
AcDbArc
50
48.2185822353134
51
48.410498954264
0
ARC
5
7D0
330
70
100
AcDbEntity
67
0
8
0
62
256
6
ByLayer
370
-1
48
1.0
60
0
100
AcDbCircle
39
0.0
10
615.298203479393
20
396.144505480547
30
0.0
40
290.958528112601
210
0.0
220
0.0
230
1.0
100
AcDbArc
50
48.0267461631668
51
48.2185469907924
0
ARC
5
7D1
330
70
100
AcDbEntity
67
0
8
0
62
256
6
ByLayer
370
-1
48
1.0
60
0
100
AcDbCircle
39
0.0
10
615.419161225315
20
396.279274115412
30
0.0
40
290.777438854128
210
0.0
220
0.0
230
1.0
100
AcDbArc
50
47.8350094540076
51
48.0267059345109
0
ARC
5
7D2
330
70
100
AcDbEntity
67
0
8
0
62
256
6
ByLayer
370
-1
48
1.0
60
0
100
AcDbCircle
39
0.0
10
615.555844624772
20
396.430541969806
30
0.0
40
290.573565700508
210
0.0
220
0.0
230
1.0
100
AcDbArc
50
47.6433604594975
51
47.8349642069019
0
ARC
5
7D3
330
70
100
AcDbEntity
67
0
8
0
62
256
6
ByLayer
370
-1
48
1.0
60
0
100
AcDbCircle
39
0.0
10
615.70844637016
20
396.59829474182
30
0.0
40
290.346787791114
210
0.0
220
0.0
230
1.0
100
AcDbArc
50
47.4517874586697
51
47.643310158773
0
ARC
5
7D4
330
70
100
AcDbEntity
67
0
8
0
62
256
6
ByLayer
370
-1
48
1.0
60
0
100
AcDbCircle
39
0.0
10
615.877155463941
20
396.782512397844
30
0.0
40
290.096990224281
210
0.0
220
0.0
230
1.0
100
AcDbArc
50
47.2602786559338
51
47.4517320682737
0
ARC
5
7D5
330
70
100
AcDbEntity
67
0
8
0
62
256
6
ByLayer
370
-1
48
1.0
60
0
100
AcDbCircle
39
0.0
10
616.062156825706
20
396.983168842208
30
0.0
40
289.824064559084
210
0.0
220
0.0
230
1.0
100
AcDbArc
50
47.068822179383
51
47.2602181389928
0
ARC
5
7D6
330
70
100
AcDbEntity
67
0
8
0
62
256
6
ByLayer
370
-1
48
1.0
60
0
100
AcDbCircle
39
0.0
10
616.263631457753
20
397.200232200111
30
0.0
40
289.527908488015
210
0.0
220
0.0
230
1.0
100
AcDbArc
50
46.8774060786016
51
47.0687564981022
0
ARC
5
7D7
330
70
100
AcDbEntity
67
0
8
0
62
256
6
ByLayer
370
-1
48
1.0
60
0
100
AcDbCircle
39
0.0
10
616.481756086986
20
397.433664532042
30
0.0
40
289.208426283021
210
0.0
220
0.0
230
1.0
100
AcDbArc
50
46.6860183227468
51
46.8773351942631
0
ARC
5
7D8
330
70
100
AcDbEntity
67
0
8
0
62
256
6
ByLayer
370
-1
48
1.0
60
0
100
AcDbCircle
39
0.0
10
616.320126363454
20
397.261039846372
30
0.0
40
289.44490626611
210
0.0
220
0.0
230
1.0
100
AcDbArc
50
46.4951968424992
51
46.6861800830591
0
ARC
5
7D9
330
70
100
AcDbEntity
67
0
8
0
62
256
6
ByLayer
370
-1
48
1.0
60
0
100
AcDbCircle
39
0.0
10
614.868128538666
20
395.726618482048
30
0.0
40
291.557425304279
210
0.0
220
0.0
230
1.0
100
AcDbArc
50
46.306138670637
51
46.4958180408081
0
ARC
5
7DA
330
70
100
AcDbEntity
67
0
8
0
62
256
6
ByLayer
370
-1
48
1.0
60
0
100
AcDbCircle
39
0.0
10
615.271632968568
20
396.149877224054
30
0.0
40
290.97264895507
210
0.0
220
0.0
230
1.0
100
AcDbArc
50
46.1158381553668
51
46.3060128598844
0
ARC
5
7DB
330
70
100
AcDbEntity
67
0
8
0
62
256
6
ByLayer
370
-1
48
1.0
60
0
100
AcDbCircle
39
0.0
10
615.626564491651
20
396.51971868134
30
0.0
40
290.46004894081
210
0.0
220
0.0
230
1.0
100
AcDbArc
50
45.9250912145183
51
46.1157275440794
0
ARC
5
7DC
330
70
100
AcDbEntity
67
0
8
0
62
256
6
ByLayer
370
-1
48
1.0
60
0
100
AcDbCircle
39
0.0
10
615.932975475957
20
396.836881421227
30
0.0
40
290.019050458361
210
0.0
220
0.0
230
1.0
100
AcDbArc
50
45.7339317334099
51
45.924995853018
0
ARC
5
7DD
330
70
100
AcDbEntity
67
0
8
0
62
256
6
ByLayer
370
-1
48
1.0
60
0
100
AcDbCircle
39
0.0
10
616.190890422653
20
397.102069946115
30
0.0
40
289.649124912611
210
0.0
220
0.0
230
1.0
100
AcDbArc
50
45.5423936911376
51
45.7338516617687
0
ARC
5
7DE
330
70
100
AcDbEntity
67
0
8
0
62
256
6
ByLayer
370
-1
48
1.0
60
0
100
AcDbCircle
39
0.0
10
616.400306596367
20
397.315955928511
30
0.0
40
289.349788579642
210
0.0
220
0.0
230
1.0
100
AcDbArc
50
45.3505111384469
51
45.5423289390539
0
ARC
5
7DF
330
70
100
AcDbEntity
67
0
8
0
62
256
6
ByLayer
370
-1
48
1.0
60
0
100
AcDbCircle
39
0.0
10
616.561194341431
20
397.479179102869
30
0.0
40
289.120601736787
210
0.0
220
0.0
230
1.0
100
AcDbArc
50
45.1583181757531
51
45.3504617253074
0
ARC
5
7E0
330
70
100
AcDbEntity
67
0
8
0
62
256
6
ByLayer
370
-1
48
1.0
60
0
100
AcDbCircle
39
0.0
10
616.67349706889
20
397.592347814355
30
0.0
40
288.961168270031
210
0.0
220
0.0
230
1.0
100
AcDbArc
50
44.9658489312489
51
45.1582841105054
0
ARC
5
7E1
330
70
100
AcDbEntity
67
0
8
0
62
256
6
ByLayer
370
-1
48
1.0
60
0
100
AcDbCircle
39
0.0
10
616.737131985252
20
397.656040305095
30
0.0
40
288.871134237313
210
0.0
220
0.0
230
1.0
100
AcDbArc
50
44.7731375387013
51
44.9658302123794
0
ARC
5
7E2
330
70
100
AcDbEntity
67
0
8
0
62
256
6
ByLayer
370
-1
48
1.0
60
0
100
AcDbCircle
39
0.0
10
616.751990432942
20
397.670805585929
30
0.0
40
288.850187001344
210
0.0
220
0.0
230
1.0
100
AcDbArc
50
44.5802181154038
51
44.773134154411
0
ARC
5
7E3
330
70
100
AcDbEntity
67
0
8
0
62
256
6
ByLayer
370
-1
48
1.0
60
0
100
AcDbCircle
39
0.0
10
616.717937491897
20
397.637163566034
30
0.0
40
288.898055411383
210
0.0
220
0.0
230
1.0
100
AcDbArc
50
44.3871247406597
51
44.5802300436543
0
ARC
5
7E4
330
70
100
AcDbEntity
67
0
8
0
62
256
6
ByLayer
370
-1
48
1.0
60
0
100
AcDbCircle
39
0.0
10
616.634812580212
20
397.555606171047
30
0.0
40
289.01450858133
210
0.0
220
0.0
230
1.0
100
AcDbArc
50
44.1938914338129
51
44.3871519490408
0
ARC
5
7E5
330
70
100
AcDbEntity
67
0
8
0
62
256
6
ByLayer
370
-1
48
1.0
60
0
100
AcDbCircle
39
0.0
10
616.502429969167
20
397.426598351452
30
0.0
40
289.199354807562
210
0.0
220
0.0
230
1.0
100
AcDbArc
50
44.0005521324275
51
44.1939338797381
0
ARC
5
7E6
330
70
100
AcDbEntity
67
0
8
0
62
256
6
ByLayer
370
-1
48
1.0
60
0
100
AcDbCircle
39
0.0
10
616.320578238172
20
397.25057804628
30
0.0
40
289.45244197675
210
0.0
220
0.0
230
1.0
100
AcDbArc
50
43.8071406712334
51
44.0006097632765
0
ARC
5
7E7
330
70
100
AcDbEntity
67
0
8
0
62
256
6
ByLayer
370
-1
48
1.0
60
0
100
AcDbCircle
39
0.0
10
616.089020854292
20
397.027957239943
30
0.0
40
289.773656407009
210
0.0
220
0.0
230
1.0
100
AcDbArc
50
43.6136907606575
51
43.807213424303
0
ARC
5
7E8
330
70
100
AcDbEntity
67
0
8
0
62
256
6
ByLayer
370
-1
48
1.0
60
0
100
AcDbCircle
39
0.0
10
615.379458686487
20
396.352870319267
30
0.0
40
290.75305436265
210
0.0
220
0.0
230
1.0
100
AcDbArc
50
43.4204068351053
51
43.6135561662611
0
ARC
5
7E9
330
70
100
AcDbEntity
67
0
8
0
62
256
6
ByLayer
370
-1
48
1.0
60
0
100
AcDbCircle
39
0.0
10
620.548858766594
20
401.2487144047
30
0.0
40
283.633224428879
210
0.0
220
0.0
230
1.0
100
AcDbArc
50
43.221591539871
51
43.4198351104697
0
ARC
5
7EA
330
70
100
AcDbEntity
67
0
8
0
62
256
6
ByLayer
370
-1
48
1.0
60
0
100
AcDbCircle
39
0.0
10
620.286480426281
20
401.001570867793
30
0.0
40
283.993671582223
210
0.0
220
0.0
230
1.0
100
AcDbArc
50
43.0234716060154
51
43.2216750078088
0
ARC
5
7EB
330
70
100
AcDbEntity
67
0
8
0
62
256
6
ByLayer
370
-1
48
1.0
60
0
100
AcDbCircle
39
0.0
10
620.038717362993
20
400.76980585213
30
0.0
40
284.332937564465
210
0.0
220
0.0
230
1.0
100
AcDbArc
50
42.8253750302041
51
43.0235500368629
0
ARC
5
7EC
330
70
100
AcDbEntity
67
0
8
0
62
256
6
ByLayer
370
-1
48
1.0
60
0
100
AcDbCircle
39
0.0
10
619.805642564374
20
400.553287025841
30
0.0
40
284.651063531597
210
0.0
220
0.0
230
1.0
100
AcDbArc
50
42.6272901425711
51
42.8254484572972
0
ARC
5
7ED
330
70
100
AcDbEntity
67
0
8
0
62
256
6
ByLayer
370
-1
48
1.0
60
0
100
AcDbCircle
39
0.0
10
619.587323892364
20
400.351878008376
30
0.0
40
284.948096390181
210
0.0
220
0.0
230
1.0
100
AcDbArc
50
42.4292053411273
51
42.6273585985076
0
ARC
5
7EE
330
70
100
AcDbEntity
67
0
8
0
62
256
6
ByLayer
370
-1
48
1.0
60
0
100
AcDbCircle
39
0.0
10
619.383823937506
20
400.165438325676
30
0.0
40
285.22408893905
210
0.0
220
0.0
230
1.0
100
AcDbArc
50
42.2311090901548
51
42.4292688578378
0
ARC
5
7EF
330
70
100
AcDbEntity
67
0
8
0
62
256
6
ByLayer
370
-1
48
1.0
60
0
100
AcDbCircle
39
0.0
10
619.195199488384
20
399.993823020466
30
0.0
40
285.479100528177
210
0.0
220
0.0
230
1.0
100
AcDbArc
50
42.0329899190064
51
42.2311676988426
0
ARC
5
7F0
330
70
100
AcDbEntity
67
0
8
0
62
256
6
ByLayer
370
-1
48
1.0
60
0
100
AcDbCircle
39
0.0
10
619.021502633809
20
399.836883749929
30
0.0
40
285.713195509316
210
0.0
220
0.0
230
1.0
100
AcDbArc
50
41.8348364199218
51
42.0330436500989
0
ARC
5
7F1
330
70
100
AcDbEntity
67
0
8
0
62
256
6
ByLayer
370
-1
48
1.0
60
0
100
AcDbCircle
39
0.0
10
618.862779798627
20
399.694467996214
30
0.0
40
285.926444485514
210
0.0
220
0.0
230
1.0
100
AcDbArc
50
41.6366372470507
51
41.8348853032792
0
ARC
5
7F2
330
70
100
AcDbEntity
67
0
8
0
62
256
6
ByLayer
370
-1
48
1.0
60
0
100
AcDbCircle
39
0.0
10
618.719072141753
20
399.566419519656
30
0.0
40
286.118923717134
210
0.0
220
0.0
230
1.0
100
AcDbArc
50
41.4383811147764
51
41.6366813118048
0
ARC
5
7F3
330
70
100
AcDbEntity
67
0
8
0
62
256
6
ByLayer
370
-1
48
1.0
60
0
100
AcDbCircle
39
0.0
10
618.590415716958
20
399.452578587572
30
0.0
40
286.290714854769
210
0.0
220
0.0
230
1.0
100
AcDbArc
50
41.2400567961881
51
41.4384203894188
0
ARC
5
7F4
330
70
100
AcDbEntity
67
0
8
0
62
256
6
ByLayer
370
-1
48
1.0
60
0
100
AcDbCircle
39
0.0
10
618.476841061593
20
399.352781696345
30
0.0
40
286.441905436769
210
0.0
220
0.0
230
1.0
100
AcDbArc
50
41.0416531218967
51
41.2400913085716
0
ARC
5
7F5
330
70
100
AcDbEntity
67
0
8
0
62
256
6
ByLayer
370
-1
48
1.0
60
0
100
AcDbCircle
39
0.0
10
618.378373883412
20
399.266862261206
30
0.0
40
286.572587923515
210
0.0
220
0.0
230
1.0
100
AcDbArc
50
40.843158978285
51
41.0416828992538
0
ARC
5
7F6
330
70
100
AcDbEntity
67
0
8
0
62
256
6
ByLayer
370
-1
48
1.0
60
0
100
AcDbCircle
39
0.0
10
618.29503423625
20
399.19464997755
30
0.0
40
286.682860744156
210
0.0
220
0.0
230
1.0
100
AcDbArc
50
40.64456330663
51
40.8431840473059
0
ARC
5
7F7
330
70
100
AcDbEntity
67
0
8
0
62
256
6
ByLayer
370
-1
48
1.0
60
0
100
AcDbCircle
39
0.0
10
618.226837189945
20
399.135971490867
30
0.0
40
286.772827357494
210
0.0
220
0.0
230
1.0
100
AcDbArc
50
40.4458551014344
51
40.6445836933119
0
ARC
5
7F8
330
70
100
AcDbEntity
67
0
8
0
62
256
6
ByLayer
370
-1
48
1.0
60
0
100
AcDbCircle
39
0.0
10
618.173792866076
20
399.09065050306
30
0.0
40
286.842596161631
210
0.0
220
0.0
230
1.0
100
AcDbArc
50
40.2470234090986
51
40.4458708312447
0
ARC
5
7F9
330
70
100
AcDbEntity
67
0
8
0
62
256
6
ByLayer
370
-1
48
1.0
60
0
100
AcDbCircle
39
0.0
10
618.135905862111
20
399.058507360319
30
0.0
40
286.892281205732
210
0.0
220
0.0
230
1.0
100
AcDbArc
50
40.0480573270525
51
40.2470345070137
0
ARC
5
7FA
330
70
100
AcDbEntity
67
0
8
0
62
256
6
ByLayer
370
-1
48
1.0
60
0
100
AcDbCircle
39
0.0
10
618.113175901066
20
399.0393596892
30
0.0
40
286.92200128955
210
0.0
220
0.0
230
1.0
100
AcDbArc
50
39.8489460021252
51
40.0480638173678
0
ARC
5
7FB
330
70
100
AcDbEntity
67
0
8
0
62
256
6
ByLayer
370
-1
48
1.0
60
0
100
AcDbCircle
39
0.0
10
618.10559774978
20
399.033022399668
30
0.0
40
286.931880030581
210
0.0
220
0.0
230
1.0
100
AcDbArc
50
39.649678629477
51
39.8489479086889
0
ARC
5
7FC
330
70
100
AcDbEntity
67
0
8
0
62
256
6
ByLayer
370
-1
48
1.0
60
0
100
AcDbCircle
39
0.0
10
618.113160869951
20
399.03930747075
30
0.0
40
286.922046276029
210
0.0
220
0.0
230
1.0
100
AcDbArc
50
39.4502444515968
51
39.6496759756103
0
ARC
5
7FD
330
70
100
AcDbEntity
67
0
8
0
62
256
6
ByLayer
370
-1
48
1.0
60
0
100
AcDbCircle
39
0.0
10
618.135850082265
20
399.058024579184
30
0.0
40
286.89263319719
210
0.0
220
0.0
230
1.0
100
AcDbArc
50
39.2506327568372
51
39.4502372600863
0
ARC
5
7FE
330
70
100
AcDbEntity
67
0
8
0
62
256
6
ByLayer
370
-1
48
1.0
60
0
100
AcDbCircle
39
0.0
10
618.173644876433
20
399.088980601155
30
0.0
40
286.843779145906
210
0.0
220
0.0
230
1.0
100
AcDbArc
50
39.0508328787564
51
39.2506210500452
0
ARC
5
7FF
330
70
100
AcDbEntity
67
0
8
0
62
256
6
ByLayer
370
-1
48
1.0
60
0
100
AcDbCircle
39
0.0
10
618.226520320277
20
399.13198043252
30
0.0
40
286.775626438822
210
0.0
220
0.0
230
1.0
100
AcDbArc
50
38.8508341944804
51
39.0508166785014
0
ARC
5
800
330
70
100
AcDbEntity
67
0
8
0
62
256
6
ByLayer
370
-1
48
1.0
60
0
100
AcDbCircle
39
0.0
10
618.294446081097
20
399.186826259917
30
0.0
40
286.688322584019
210
0.0
220
0.0
230
1.0
100
AcDbArc
50
38.6506261243177
51
38.8508135222206
0
ARC
5
801
330
70
100
AcDbEntity
67
0
8
0
62
256
6
ByLayer
370
-1
48
1.0
60
0
100
AcDbCircle
39
0.0
10
618.377387367861
20
399.253318398767
30
0.0
40
286.582019029131
210
0.0
220
0.0
230
1.0
100
AcDbArc
50
38.4501981301739
51
38.6506010009089
0
ARC
5
802
330
70
100
AcDbEntity
67
0
8
0
62
256
6
ByLayer
370
-1
48
1.0
60
0
100
AcDbCircle
39
0.0
10
618.47530459341
20
399.33125508437
30
0.0
40
286.456871563396
210
0.0
220
0.0
230
1.0
100
AcDbArc
50
38.2495397148501
51
38.4501685761349
0
ARC
5
803
330
70
100
AcDbEntity
67
0
8
0
62
256
6
ByLayer
370
-1
48
1.0
60
0
100
AcDbCircle
39
0.0
10
618.588153379643
20
399.420432544975
30
0.0
40
286.313040276071
210
0.0
220
0.0
230
1.0
100
AcDbArc
50
38.0486404210909
51
38.2495057503085
0
ARC
5
804
330
70
100
AcDbEntity
67
0
8
0
62
256
6
ByLayer
370
-1
48
1.0
60
0
100
AcDbCircle
39
0.0
10
618.715884673421
20
399.520645161229
30
0.0
40
286.150689374776
210
0.0
220
0.0
230
1.0
100
AcDbArc
50
37.8474898305993
51
38.0486020657234
0
ARC
5
805
330
70
100
AcDbEntity
67
0
8
0
62
256
6
ByLayer
370
-1
48
1.0
60
0
100
AcDbCircle
39
0.0
10
618.858444753134
20
399.631685536732
30
0.0
40
285.969987145091
210
0.0
220
0.0
230
1.0
100
AcDbArc
50
37.6460775632081
51
37.8474471036587
0
ARC
5
806
330
70
100
AcDbEntity
67
0
8
0
62
256
6
ByLayer
370
-1
48
1.0
60
0
100
AcDbCircle
39
0.0
10
619.015775677145
20
399.753344908514
30
0.0
40
285.771105353024
210
0.0
220
0.0
230
1.0
100
AcDbArc
50
37.4443932758339
51
37.6460304836532
0
ARC
5
807
330
70
100
AcDbEntity
67
0
8
0
62
256
6
ByLayer
370
-1
48
1.0
60
0
100
AcDbCircle
39
0.0
10
619.187814492873
20
399.885412596959
30
0.0
40
285.554220215819
210
0.0
220
0.0
230
1.0
100
AcDbArc
50
37.2424266620387
51
37.4443418622832
0
ARC
5
808
330
70
100
AcDbEntity
67
0
8
0
62
256
6
ByLayer
370
-1
48
1.0
60
0
100
AcDbCircle
39
0.0
10
619.374494126971
20
400.027676756153
30
0.0
40
285.319511247737
210
0.0
220
0.0
230
1.0
100
AcDbArc
50
37.0401674508239
51
37.2423709326692
0
ARC
5
809
330
70
100
AcDbEntity
67
0
8
0
62
256
6
ByLayer
370
-1
48
1.0
60
0
100
AcDbCircle
39
0.0
10
619.575742964518
20
400.179924108434
30
0.0
40
285.067161764648
210
0.0
220
0.0
230
1.0
100
AcDbArc
50
36.8376054061438
51
37.0401074235324
0
ARC
5
80A
330
70
100
AcDbEntity
67
0
8
0
62
256
6
ByLayer
370
-1
48
1.0
60
0
100
AcDbCircle
39
0.0
10
619.791485240475
20
400.341940300553
30
0.0
40
284.797358366096
210
0.0
220
0.0
230
1.0
100
AcDbArc
50
36.6347303259332
51
36.8375410984878
0
ARC
5
80B
330
70
100
AcDbEntity
67
0
8
0
62
256
6
ByLayer
370
-1
48
1.0
60
0
100
AcDbCircle
39
0.0
10
620.021640682667
20
400.513509691473
30
0.0
40
284.510291357515
210
0.0
220
0.0
230
1.0
100
AcDbArc
50
36.4315320417091
51
36.634661755244
0
ARC
5
80C
330
70
100
AcDbEntity
67
0
8
0
62
256
6
ByLayer
370
-1
48
1.0
60
0
100
AcDbCircle
39
0.0
10
620.266124891882
20
400.694415695889
30
0.0
40
284.206154249638
210
0.0
220
0.0
230
1.0
100
AcDbArc
50
36.2280004176398
51
36.4314592249254
0
ARC
5
80D
330
70
100
AcDbEntity
67
0
8
0
62
256
6
ByLayer
370
-1
48
1.0
60
0
100
AcDbCircle
39
0.0
10
620.524849479362
20
400.884440937356
30
0.0
40
283.885143566531
210
0.0
220
0.0
230
1.0
100
AcDbArc
50
36.0241253499581
51
36.2279233715214
0
ARC
5
80E
330
70
100
AcDbEntity
67
0
8
0
62
256
6
ByLayer
370
-1
48
1.0
60
0
100
AcDbCircle
39
0.0
10
620.797721641516
20
401.083366990526
30
0.0
40
283.54745935073
210
0.0
220
0.0
230
1.0
100
AcDbArc
50
35.8198967665257
51
36.0240440909847
0
ARC
5
80F
330
70
100
AcDbEntity
67
0
8
0
62
256
6
ByLayer
370
-1
48
1.0
60
0
100
AcDbCircle
39
0.0
10
621.084644718845
20
401.290974845138
30
0.0
40
283.193304448216
210
0.0
220
0.0
230
1.0
100
AcDbArc
50
35.6153046260471
51
35.8198113108548
0
ARC
5
810
330
70
100
AcDbEntity
67
0
8
0
62
256
6
ByLayer
370
-1
48
1.0
60
0
100
AcDbCircle
39
0.0
10
621.38551821844
20
401.507044969492
30
0.0
40
282.822884463108
210
0.0
220
0.0
230
1.0
100
AcDbArc
50
35.4103389175601
51
35.6152149896783
0
ARC
5
811
330
70
100
AcDbEntity
67
0
8
0
62
256
6
ByLayer
370
-1
48
1.0
60
0
100
AcDbCircle
39
0.0
10
621.70023752052
20
401.73135715024
30
0.0
40
282.436408099746
210
0.0
220
0.0
230
1.0
100
AcDbArc
50
35.2049896600637
51
35.4102451162865
0
ARC
5
812
330
70
100
AcDbEntity
67
0
8
0
62
256
6
ByLayer
370
-1
48
1.0
60
0
100
AcDbCircle
39
0.0
10
622.028694319933
20
401.963690858721
30
0.0
40
282.034086600975
210
0.0
220
0.0
230
1.0
100
AcDbArc
50
34.9992469018743
51
35.2048917094525
0
ARC
5
813
330
70
100
AcDbEntity
67
0
8
0
62
256
6
ByLayer
370
-1
48
1.0
60
0
100
AcDbCircle
39
0.0
10
622.370776571643
20
402.203825257566
30
0.0
40
281.616133799443
210
0.0
220
0.0
230
1.0
100
AcDbArc
50
34.7931007202549
51
34.9991448173802
0
ARC
5
814
330
70
100
AcDbEntity
67
0
8
0
62
256
6
ByLayer
370
-1
48
1.0
60
0
100
AcDbCircle
39
0.0
10
622.72636822995
20
402.451539067098
30
0.0
40
281.182766418548
210
0.0
220
0.0
230
1.0
100
AcDbArc
50
34.5865412211478
51
34.7929945171113
0
ARC
5
815
330
70
100
AcDbEntity
67
0
8
0
62
256
6
ByLayer
370
-1
48
1.0
60
0
100
AcDbCircle
39
0.0
10
623.095350109143
20
402.706611211328
30
0.0
40
280.734203007919
210
0.0
220
0.0
230
1.0
100
AcDbArc
50
34.3795585383796
51
34.5864309144045
0
ARC
5
816
330
70
100
AcDbEntity
67
0
8
0
62
256
6
ByLayer
370
-1
48
1.0
60
0
100
AcDbCircle
39
0.0
10
623.477598953973
20
402.968820216046
30
0.0
40
280.270665061381
210
0.0
220
0.0
230
1.0
100
AcDbArc
50
34.1721428338732
51
34.379444143023
0
ARC
5
817
330
70
100
AcDbEntity
67
0
8
0
62
256
6
ByLayer
370
-1
48
1.0
60
0
100
AcDbCircle
39
0.0
10
623.872988521754
20
403.237944999036
30
0.0
40
279.792375688855
210
0.0
220
0.0
230
1.0
100
AcDbArc
50
33.9642842967529
51
34.172024364711
0
ARC
5
818
330
70
100
AcDbEntity
67
0
8
0
62
256
6
ByLayer
370
-1
48
1.0
60
0
100
AcDbCircle
39
0.0
10
624.281388646668
20
403.513764271251
30
0.0
40
279.299560738216
210
0.0
220
0.0
230
1.0
100
AcDbArc
50
33.7559731436392
51
33.9641617685553
0
ARC
5
819
330
70
100
AcDbEntity
67
0
8
0
62
256
6
ByLayer
370
-1
48
1.0
60
0
100
AcDbCircle
39
0.0
10
624.702666185502
20
403.7960572221
30
0.0
40
278.792447639565
210
0.0
220
0.0
230
1.0
100
AcDbArc
50
33.5471996179263
51
33.7558465710128
0
ARC
5
81A
330
70
100
AcDbEntity
67
0
8
0
62
256
6
ByLayer
370
-1
48
1.0
60
0
100
AcDbCircle
39
0.0
10
625.136684599733
20
404.084603274317
30
0.0
40
278.271265900584
210
0.0
220
0.0
230
1.0
100
AcDbArc
50
33.3379539898138
51
33.5470690154703
0
ARC
5
81B
330
70
100
AcDbEntity
67
0
8
0
62
256
6
ByLayer
370
-1
48
1.0
60
0
100
AcDbCircle
39
0.0
10
625.583304060836
20
404.379182195613
30
0.0
40
277.736246968893
210
0.0
220
0.0
230
1.0
100
AcDbArc
50
33.1282265561439
51
33.3378193720771
0
ARC
5
81C
330
70
100
AcDbEntity
67
0
8
0
62
256
6
ByLayer
370
-1
48
1.0
60
0
100
AcDbCircle
39
0.0
10
626.042381646885
20
404.67957426743
30
0.0
40
277.187623987046
210
0.0
220
0.0
230
1.0
100
AcDbArc
50
32.918007640179
51
33.1280879376006
0
ARC
5
81D
330
70
100
AcDbEntity
67
0
8
0
62
256
6
ByLayer
370
-1
48
1.0
60
0
100
AcDbCircle
39
0.0
10
626.513771431668
20
404.985560378894
30
0.0
40
276.625631678727
210
0.0
220
0.0
230
1.0
100
AcDbArc
50
32.7072875914859
51
32.9178650352911
0
ARC
5
81E
330
70
100
AcDbEntity
67
0
8
0
62
256
6
ByLayer
370
-1
48
1.0
60
0
100
AcDbCircle
39
0.0
10
626.997324396645
20
405.296922005329
30
0.0
40
276.050506446634
210
0.0
220
0.0
230
1.0
100
AcDbArc
50
32.4960567859655
51
32.7071410147316
0
ARC
5
81F
330
70
100
AcDbEntity
67
0
8
0
62
256
6
ByLayer
370
-1
48
1.0
60
0
100
AcDbCircle
39
0.0
10
627.492888632478
20
405.613441374242
30
0.0
40
275.462486125697
210
0.0
220
0.0
230
1.0
100
AcDbArc
50
32.2843056257539
51
32.49590625182
0
ARC
5
820
330
70
100
AcDbEntity
67
0
8
0
62
256
6
ByLayer
370
-1
48
1.0
60
0
100
AcDbCircle
39
0.0
10
628.000309462468
20
405.934901576831
30
0.0
40
274.861809831691
210
0.0
220
0.0
230
1.0
100
AcDbArc
50
32.0720245391763
51
32.2841511487336
0
ARC
5
821
330
70
100
AcDbEntity
67
0
8
0
62
256
6
ByLayer
370
-1
48
1.0
60
0
100
AcDbCircle
39
0.0
10
628.519429162226
20
406.261086424087
30
0.0
40
274.248718287888
210
0.0
220
0.0
230
1.0
100
AcDbArc
50
31.8592039810036
51
32.0718661338276
0
ARC
5
822
330
70
100
AcDbEntity
67
0
8
0
62
256
6
ByLayer
370
-1
48
1.0
60
0
100
AcDbCircle
39
0.0
10
629.050087775431
20
406.5917809914
30
0.0
40
273.623452857572
210
0.0
220
0.0
230
1.0
100
AcDbArc
50
31.6458344321355
51
31.8590416619601
0
ARC
5
823
330
70
100
AcDbEntity
67
0
8
0
62
256
6
ByLayer
370
-1
48
1.0
60
0
100
AcDbCircle
39
0.0
10
629.592122060049
20
406.926770990685
30
0.0
40
272.986256783606
210
0.0
220
0.0
230
1.0
100
AcDbArc
50
31.4319064003053
51
31.6456682141291
0
ARC
5
824
330
70
100
AcDbEntity
67
0
8
0
62
256
6
ByLayer
370
-1
48
1.0
60
0
100
AcDbCircle
39
0.0
10
630.145366804213
20
407.265843618874
30
0.0
40
272.3373736363
210
0.0
220
0.0
230
1.0
100
AcDbArc
50
31.2174104195944
51
31.4317362980887
0
ARC
5
825
330
70
100
AcDbEntity
67
0
8
0
62
256
6
ByLayer
370
-1
48
1.0
60
0
100
AcDbCircle
39
0.0
10
630.70965409682
20
407.608787131958
30
0.0
40
271.677048171374
210
0.0
220
0.0
230
1.0
100
AcDbArc
50
31.0023370510123
51
31.2172364481561
0
ARC
5
826
330
70
100
AcDbEntity
67
0
8
0
62
256
6
ByLayer
370
-1
48
1.0
60
0
100
AcDbCircle
39
0.0
10
631.284813356924
20
407.955390896034
30
0.0
40
271.005526291949
210
0.0
220
0.0
230
1.0
100
AcDbArc
50
30.7866768828361
51
31.0021592254712
0
ARC
5
827
330
70
100
AcDbEntity
67
0
8
0
62
256
6
ByLayer
370
-1
48
1.0
60
0
100
AcDbCircle
39
0.0
10
631.870671952388
20
408.305445789173
30
0.0
40
270.32305432504
210
0.0
220
0.0
230
1.0
100
AcDbArc
50
30.5704205304864
51
30.7864952183375
0
ARC
5
828
330
70
100
AcDbEntity
67
0
8
0
62
256
6
ByLayer
370
-1
48
1.0
60
0
100
AcDbCircle
39
0.0
10
632.467054891397
20
408.658744038255
30
0.0
40
269.62987938403
210
0.0
220
0.0
230
1.0
100
AcDbArc
50
30.3535586371689
51
30.5702350424741
0
ARC
5
829
330
70
100
AcDbEntity
67
0
8
0
62
256
6
ByLayer
370
-1
48
1.0
60
0
100
AcDbCircle
39
0.0
10
633.081811824677
20
409.019757383463
30
0.0
40
268.916958655478
210
0.0
220
0.0
230
1.0
100
AcDbArc
50
30.1360785237829
51
30.3533734781121
0
ARC
5
82A
330
70
100
AcDbEntity
67
0
8
0
62
256
6
ByLayer
370
-1
48
1.0
60
0
100
AcDbCircle
39
0.0
10
633.445275913474
20
409.23145033539
30
0.0
40
268.496340433538
210
0.0
220
0.0
230
1.0
100
AcDbArc
50
29.9182755623255
51
30.1359503893749
0
ARC
5
82B
330
70
100
AcDbEntity
67
0
8
0
62
256
6
ByLayer
370
-1
48
1.0
60
0
100
AcDbCircle
39
0.0
10
633.401589032701
20
409.206238693396
30
0.0
40
268.546780165371
210
0.0
220
0.0
230
1.0
100
AcDbArc
50
29.7006193104589
51
29.9182888815047
0
ARC
5
82C
330
70
100
AcDbEntity
67
0
8
0
62
256
6
ByLayer
370
-1
48
1.0
60
0
100
AcDbCircle
39
0.0
10
633.369742379126
20
409.188021405266
30
0.0
40
268.583469086106
210
0.0
220
0.0
230
1.0
100
AcDbArc
50
29.4829554523084
51
29.7006289129846
0
ARC
5
82D
330
70
100
AcDbEntity
67
0
8
0
62
256
6
ByLayer
370
-1
48
1.0
60
0
100
AcDbCircle
39
0.0
10
633.349779067148
20
409.176702822259
30
0.0
40
268.606417798138
210
0.0
220
0.0
230
1.0
100
AcDbArc
50
29.2652748567925
51
29.482961342775
0
ARC
5
82E
330
70
100
AcDbEntity
67
0
8
0
62
256
6
ByLayer
370
-1
48
1.0
60
0
100
AcDbCircle
39
0.0
10
633.341738848509
20
409.172185535908
30
0.0
40
268.615640101918
210
0.0
220
0.0
230
1.0
100
AcDbArc
50
29.0475684021883
51
29.2652770397192
0
ARC
5
82F
330
70
100
AcDbEntity
67
0
8
0
62
256
6
ByLayer
370
-1
48
1.0
60
0
100
AcDbCircle
39
0.0
10
633.345657600281
20
409.17437014271
30
0.0
40
268.611153558534
210
0.0
220
0.0
230
1.0
100
AcDbArc
50
28.8298269760779
51
29.0475668820226
0
ARC
5
830
330
70
100
AcDbEntity
67
0
8
0
62
256
6
ByLayer
370
-1
48
1.0
60
0
100
AcDbCircle
39
0.0
10
633.361567621477
20
409.183155466476
30
0.0
40
268.59297912348
210
0.0
220
0.0
230
1.0
100
AcDbArc
50
28.6120414749485
51
28.8298217571381
0
ARC
5
831
330
70
100
AcDbEntity
67
0
8
0
62
256
6
ByLayer
370
-1
48
1.0
60
0
100
AcDbCircle
39
0.0
10
633.389497631886
20
409.198438609817
30
0.0
40
268.561141124075
210
0.0
220
0.0
230
1.0
100
AcDbArc
50
28.3942028038975
51
28.6120325614757
0
ARC
5
832
330
70
100
AcDbEntity
67
0
8
0
62
256
6
ByLayer
370
-1
48
1.0
60
0
100
AcDbCircle
39
0.0
10
633.429472585468
20
409.220114905346
30
0.0
40
268.51566744804
210
0.0
220
0.0
230
1.0
100
AcDbArc
50
28.1763018764333
51
28.3941902000349
0
ARC
5
833
330
70
100
AcDbEntity
67
0
8
0
62
256
6
ByLayer
370
-1
48
1.0
60
0
100
AcDbCircle
39
0.0
10
633.481513712465
20
409.24807799341
30
0.0
40
268.456589471043
210
0.0
220
0.0
230
1.0
100
AcDbArc
50
27.9583296142619
51
28.1762855862336
0
ARC
5
834
330
70
100
AcDbEntity
67
0
8
0
62
256
6
ByLayer
370
-1
48
1.0
60
0
100
AcDbCircle
39
0.0
10
633.545638904507
20
409.282220080422
30
0.0
40
268.383941596986
210
0.0
220
0.0
230
1.0
100
AcDbArc
50
27.7402769467155
51
27.9583096416921
0
ARC
5
835
330
70
100
AcDbEntity
67
0
8
0
62
256
6
ByLayer
370
-1
48
1.0
60
0
100
AcDbCircle
39
0.0
10
633.621861841639
20
409.322431525444
30
0.0
40
268.297762224824
210
0.0
220
0.0
230
1.0
100
AcDbArc
50
27.5221348110506
51
27.7402532957263
0
ARC
5
836
330
70
100
AcDbEntity
67
0
8
0
62
256
6
ByLayer
370
-1
48
1.0
60
0
100
AcDbCircle
39
0.0
10
633.710192897077
20
409.368601375121
30
0.0
40
268.198092700861
210
0.0
220
0.0
230
1.0
100
AcDbArc
50
27.3038941516917
51
27.5221074854214
0
ARC
5
837
330
70
100
AcDbEntity
67
0
8
0
62
256
6
ByLayer
370
-1
48
1.0
60
0
100
AcDbCircle
39
0.0
10
633.810638716204
20
409.420617190377
30
0.0
40
268.084977774463
210
0.0
220
0.0
230
1.0
100
AcDbArc
50
27.0855459201586
51
27.3038631551667
0
ARC
5
838
330
70
100
AcDbEntity
67
0
8
0
62
256
6
ByLayer
370
-1
48
1.0
60
0
100
AcDbCircle
39
0.0
10
633.923202065303
20
409.478365021492
30
0.0
40
267.958465746318
210
0.0
220
0.0
230
1.0
100
AcDbArc
50
26.8670810750326
51
27.0855112564773
0
ARC
5
839
330
70
100
AcDbEntity
67
0
8
0
62
256
6
ByLayer
370
-1
48
1.0
60
0
100
AcDbCircle
39
0.0
10
634.047882143262
20
409.541729622117
30
0.0
40
267.818608096046
210
0.0
220
0.0
230
1.0
100
AcDbArc
50
26.6484905814418
51
26.8670427477564
0
ARC
5
83A
330
70
100
AcDbEntity
67
0
8
0
62
256
6
ByLayer
370
-1
48
1.0
60
0
100
AcDbCircle
39
0.0
10
634.184674378545
20
409.610594395702
30
0.0
40
267.665459690316
210
0.0
220
0.0
230
1.0
100
AcDbArc
50
26.4297654110265
51
26.6484485940654
0
ARC
5
83B
330
70
100
AcDbEntity
67
0
8
0
62
256
6
ByLayer
370
-1
48
1.0
60
0
100
AcDbCircle
39
0.0
10
634.333570772491
20
409.684841618407
30
0.0
40
267.499078378956
210
0.0
220
0.0
230
1.0
100
AcDbArc
50
26.2108965415428
51
26.4297197670283
0
ARC
5
83C
330
70
100
AcDbEntity
67
0
8
0
62
256
6
ByLayer
370
-1
48
1.0
60
0
100
AcDbCircle
39
0.0
10
634.494559413168
20
409.764352245377
30
0.0
40
267.319525519631
210
0.0
220
0.0
230
1.0
100
AcDbArc
50
25.9918749569004
51
26.2108472444121
0
ARC
5
83D
330
70
100
AcDbEntity
67
0
8
0
62
256
6
ByLayer
370
-1
48
1.0
60
0
100
AcDbCircle
39
0.0
10
634.667624614275
20
409.849006034075
30
0.0
40
267.126865802005
210
0.0
220
0.0
230
1.0
100
AcDbArc
50
25.7726916469017
51
25.9918220099778
0
ARC
5
83E
330
70
100
AcDbEntity
67
0
8
0
62
256
6
ByLayer
370
-1
48
1.0
60
0
100
AcDbCircle
39
0.0
10
634.852747372154
20
409.938681816292
30
0.0
40
266.921166721218
210
0.0
220
0.0
230
1.0
100
AcDbArc
50
25.5533376068478
51
25.7726350534852
0
ARC
5
83F
330
70
100
AcDbEntity
67
0
8
0
62
256
6
ByLayer
370
-1
48
1.0
60
0
100
AcDbCircle
39
0.0
10
635.049904693293
20
410.033257219618
30
0.0
40
266.702499308216
210
0.0
220
0.0
230
1.0
100
AcDbArc
50
25.3338038376891
51
25.5532773702117
0
ARC
5
840
330
70
100
AcDbEntity
67
0
8
0
62
256
6
ByLayer
370
-1
48
1.0
60
0
100
AcDbCircle
39
0.0
10
635.259070311363
20
410.132609062576
30
0.0
40
266.470937316192
210
0.0
220
0.0
230
1.0
100
AcDbArc
50
25.1140813455125
51
25.3337399610723
0
ARC
5
841
330
70
100
AcDbEntity
67
0
8
0
62
256
6
ByLayer
370
-1
48
1.0
60
0
100
AcDbCircle
39
0.0
10
635.480213856507
20
410.236613007116
30
0.0
40
266.226558124076
210
0.0
220
0.0
230
1.0
100
AcDbArc
50
24.8941611418427
51
25.1140138321408
0
ARC
5
842
330
70
100
AcDbEntity
67
0
8
0
62
256
6
ByLayer
370
-1
48
1.0
60
0
100
AcDbCircle
39
0.0
10
635.713301815534
20
410.345144062242
30
0.0
40
265.969441657493
210
0.0
220
0.0
230
1.0
100
AcDbArc
50
24.674034242951
51
24.8940899948098
0
ARC
5
843
330
70
100
AcDbEntity
67
0
8
0
62
256
6
ByLayer
370
-1
48
1.0
60
0
100
AcDbCircle
39
0.0
10
635.958296887925
20
410.458076326182
30
0.0
40
265.699671085777
210
0.0
220
0.0
230
1.0
100
AcDbArc
50
24.4536916701598
51
24.673959465482
0
ARC
5
844
330
70
100
AcDbEntity
67
0
8
0
62
256
6
ByLayer
370
-1
48
1.0
60
0
100
AcDbCircle
39
0.0
10
636.215158135461
20
410.575283106907
30
0.0
40
265.417332640154
210
0.0
220
0.0
230
1.0
100
AcDbArc
50
24.2331244495464
51
24.4536132653831
0
ARC
5
845
330
70
100
AcDbEntity
67
0
8
0
62
256
6
ByLayer
370
-1
48
1.0
60
0
100
AcDbCircle
39
0.0
10
636.48384113711
20
410.696637039937
30
0.0
40
265.122515428641
210
0.0
220
0.0
230
1.0
100
AcDbArc
50
24.0123236118328
51
24.233042420562
0
ARC
5
846
330
70
100
AcDbEntity
67
0
8
0
62
256
6
ByLayer
370
-1
48
1.0
60
0
100
AcDbCircle
39
0.0
10
636.764297840497
20
410.822010067624
30
0.0
40
264.815311584827
210
0.0
220
0.0
230
1.0
100
AcDbArc
50
23.7912801923838
51
24.0122379617238
0
ARC
5
847
330
70
100
AcDbEntity
67
0
8
0
62
256
6
ByLayer
370
-1
48
1.0
60
0
100
AcDbCircle
39
0.0
10
637.056476948494
20
410.951273657814
30
0.0
40
264.495815830748
210
0.0
220
0.0
230
1.0
100
AcDbArc
50
23.5699852308755
51
23.791190924217
0
ARC
5
848
330
70
100
AcDbEntity
67
0
8
0
62
256
6
ByLayer
370
-1
48
1.0
60
0
100
AcDbCircle
39
0.0
10
637.360323422484
20
411.084298627614
30
0.0
40
264.16412600768
210
0.0
220
0.0
230
1.0
100
AcDbArc
50
23.348429771571
51
23.5698923478221
0
ARC
5
849
330
70
100
AcDbEntity
67
0
8
0
62
256
6
ByLayer
370
-1
48
1.0
60
0
100
AcDbCircle
39
0.0
10
637.675778753729
20
411.220955311791
30
0.0
40
263.820342765405
210
0.0
220
0.0
230
1.0
100
AcDbArc
50
23.1266048630618
51
23.3483332767038
0
ARC
5
84A
330
70
100
AcDbEntity
67
0
8
0
62
256
6
ByLayer
370
-1
48
1.0
60
0
100
AcDbCircle
39
0.0
10
638.002781226491
20
411.361113719559
30
0.0
40
263.464569264016
210
0.0
220
0.0
230
1.0
100
AcDbArc
50
22.9045015581773
51
23.1265047595233
0
ARC
5
84B
330
70
100
AcDbEntity
67
0
8
0
62
256
6
ByLayer
370
-1
48
1.0
60
0
100
AcDbCircle
39
0.0
10
638.341265495832
20
411.504643396852
30
0.0
40
263.096911621977
210
0.0
220
0.0
230
1.0
100
AcDbArc
50
22.6821109141142
51
22.9043978491424
0
ARC
5
84C
330
70
100
AcDbEntity
67
0
8
0
62
256
6
ByLayer
370
-1
48
1.0
60
0
100
AcDbCircle
39
0.0
10
638.691162889393
20
411.65141360084
30
0.0
40
262.71747857606
210
0.0
220
0.0
230
1.0
100
AcDbArc
50
22.4594239923432
51
22.6820036027644
0
ARC
5
84D
330
70
100
AcDbEntity
67
0
8
0
62
256
6
ByLayer
370
-1
48
1.0
60
0
100
AcDbCircle
39
0.0
10
639.052401425977
20
411.801293350249
30
0.0
40
262.326381450844
210
0.0
220
0.0
230
1.0
100
AcDbArc
50
22.2364318585988
51
22.4593130818989
0
ARC
5
84E
330
70
100
AcDbEntity
67
0
8
0
62
256
6
ByLayer
370
-1
48
1.0
60
0
100
AcDbCircle
39
0.0
10
639.424905824313
20
411.954151471392
30
0.0
40
261.92373413923
210
0.0
220
0.0
230
1.0
100
AcDbArc
50
22.0131255828966
51
22.236317352342
0
ARC
5
84F
330
70
100
AcDbEntity
67
0
8
0
62
256
6
ByLayer
370
-1
48
1.0
60
0
100
AcDbCircle
39
0.0
10
639.808597370363
20
412.109856587124
30
0.0
40
261.509653235824
210
0.0
220
0.0
230
1.0
100
AcDbArc
50
21.7894962396729
51
22.0130074841487
0
ARC
5
850
330
70
100
AcDbEntity
67
0
8
0
62
256
6
ByLayer
370
-1
48
1.0
60
0
100
AcDbCircle
39
0.0
10
640.203394347001
20
412.268277333543
30
0.0
40
261.084257563912
210
0.0
220
0.0
230
1.0
100
AcDbArc
50
21.5655349076186
51
21.7893745518135
0
ARC
5
851
330
70
100
AcDbEntity
67
0
8
0
62
256
6
ByLayer
370
-1
48
1.0
60
0
100
AcDbCircle
39
0.0
10
640.609211612186
20
412.429282230298
30
0.0
40
260.647668622019
210
0.0
220
0.0
230
1.0
100
AcDbArc
50
21.3412326699984
51
21.5654096341523
0
ARC
5
852
330
70
100
AcDbEntity
67
0
8
0
62
256
6
ByLayer
370
-1
48
1.0
60
0
100
AcDbCircle
39
0.0
10
641.025960856307
20
412.5927398268
30
0.0
40
260.200010297727
210
0.0
220
0.0
230
1.0
100
AcDbArc
50
21.1165806146124
51
21.3411038144507
0
ARC
5
853
330
70
100
AcDbEntity
67
0
8
0
62
256
6
ByLayer
370
-1
48
1.0
60
0
100
AcDbCircle
39
0.0
10
641.453550745187
20
412.758518797676
30
0.0
40
259.741408706824
210
0.0
220
0.0
230
1.0
100
AcDbArc
50
20.8915698338702
51
21.1164481806168
0
ARC
5
854
330
70
100
AcDbEntity
67
0
8
0
62
256
6
ByLayer
370
-1
48
1.0
60
0
100
AcDbCircle
39
0.0
10
641.891886716401
20
412.92648790344
30
0.0
40
259.271992404727
210
0.0
220
0.0
230
1.0
100
AcDbArc
50
20.6661914249836
51
20.8914338251326
0
ARC
5
855
330
70
100
AcDbEntity
67
0
8
0
62
256
6
ByLayer
370
-1
48
1.0
60
0
100
AcDbCircle
39
0.0
10
642.340871220946
20
413.09651612345
30
0.0
40
258.791892120705
210
0.0
220
0.0
230
1.0
100
AcDbArc
50
20.4404364900906
51
20.6660518453461
0
ARC
5
856
330
70
100
AcDbEntity
67
0
8
0
62
256
6
ByLayer
370
-1
48
1.0
60
0
100
AcDbCircle
39
0.0
10
642.800403588445
20
413.268472643864
30
0.0
40
258.301240895858
210
0.0
220
0.0
230
1.0
100
AcDbArc
50
20.2142961364508
51
20.440293343484
0
ARC
5
857
330
70
100
AcDbEntity
67
0
8
0
62
256
6
ByLayer
370
-1
48
1.0
60
0
100
AcDbCircle
39
0.0
10
643.270380343654
20
413.44222701457
30
0.0
40
257.800173739502
210
0.0
220
0.0
230
1.0
100
AcDbArc
50
19.9877614764933
51
20.2141494269365
0
ARC
5
858
330
70
100
AcDbEntity
67
0
8
0
62
256
6
ByLayer
370
-1
48
1.0
60
0
100
AcDbCircle
39
0.0
10
643.750694909953
20
413.617649076175
30
0.0
40
257.288827940597
210
0.0
220
0.0
230
1.0
100
AcDbArc
50
19.7608236282251
51
19.987611208329
0
ARC
5
859
330
70
100
AcDbEntity
67
0
8
0
62
256
6
ByLayer
370
-1
48
1.0
60
0
100
AcDbCircle
39
0.0
10
644.241237710307
20
413.794609037657
30
0.0
40
256.767342954443
210
0.0
220
0.0
230
1.0
100
AcDbArc
50
19.5334737154011
51
19.7606698057238
0
ARC
5
85A
330
70
100
AcDbEntity
67
0
8
0
62
256
6
ByLayer
370
-1
48
1.0
60
0
100
AcDbCircle
39
0.0
10
644.741896621022
20
413.972977675995
30
0.0
40
256.235859916457
210
0.0
220
0.0
230
1.0
100
AcDbArc
50
19.3057028675759
51
19.5333163430346
0
ARC
5
85B
330
70
100
AcDbEntity
67
0
8
0
62
256
6
ByLayer
370
-1
48
1.0
60
0
100
AcDbCircle
39
0.0
10
645.252556518463
20
414.152626208283
30
0.0
40
255.694522120614
210
0.0
220
0.0
230
1.0
100
AcDbArc
50
19.0775022206239
51
19.3055419500577
0
ARC
5
85C
330
70
100
AcDbEntity
67
0
8
0
62
256
6
ByLayer
370
-1
48
1.0
60
0
100
AcDbCircle
39
0.0
10
645.77309941793
20
414.333426379945
30
0.0
40
255.143474867859
210
0.0
220
0.0
230
1.0
100
AcDbArc
50
18.8488629170082
51
19.0773377628039
0
ARC
5
85D
330
70
100
AcDbEntity
67
0
8
0
62
256
6
ByLayer
370
-1
48
1.0
60
0
100
AcDbCircle
39
0.0
10
646.303404851648
20
414.515250631099
30
0.0
40
254.582865063332
210
0.0
220
0.0
230
1.0
100
AcDbArc
50
18.6197761058978
51
18.8486949239056
0
ARC
5
85E
330
70
100
AcDbEntity
67
0
8
0
62
256
6
ByLayer
370
-1
48
1.0
60
0
100
AcDbCircle
39
0.0
10
646.843349391841
20
414.697971966758
30
0.0
40
254.012841718682
210
0.0
220
0.0
230
1.0
100
AcDbArc
50
18.3902329438037
51
18.6196045827328
0
ARC
5
85F
330
70
100
AcDbEntity
67
0
8
0
62
256
6
ByLayer
370
-1
48
1.0
60
0
100
AcDbCircle
39
0.0
10
647.392807379272
20
414.881464238851
30
0.0
40
253.433555180784
210
0.0
220
0.0
230
1.0
100
AcDbArc
50
18.1602245945736
51
18.3900578960093
0
ARC
5
860
330
70
100
AcDbEntity
67
0
8
0
62
256
6
ByLayer
370
-1
48
1.0
60
0
100
AcDbCircle
39
0.0
10
647.951650209746
20
415.065601938919
30
0.0
40
252.845157883585
210
0.0
220
0.0
230
1.0
100
AcDbArc
50
17.9297422302233
51
18.1600460278939
0
ARC
5
861
330
70
100
AcDbEntity
67
0
8
0
62
256
6
ByLayer
370
-1
48
1.0
60
0
100
AcDbCircle
39
0.0
10
648.519746876298
20
415.250260414703
30
0.0
40
252.247803774939
210
0.0
220
0.0
230
1.0
100
AcDbArc
50
17.6987770310307
51
17.9295601505173
0
ARC
5
862
330
70
100
AcDbEntity
67
0
8
0
62
256
6
ByLayer
370
-1
48
1.0
60
0
100
AcDbCircle
39
0.0
10
649.096964001007
20
415.435315910276
30
0.0
40
251.641648283728
210
0.0
220
0.0
230
1.0
100
AcDbArc
50
17.4673201860708
51
17.6985914444742
0
ARC
5
863
330
70
100
AcDbEntity
67
0
8
0
62
256
6
ByLayer
370
-1
48
1.0
60
0
100
AcDbCircle
39
0.0
10
649.683165638182
20
415.620645535199
30
0.0
40
251.026848526642
210
0.0
220
0.0
230
1.0
100
AcDbArc
50
17.2353628937318
51
17.4671310990749
0
ARC
5
864
330
70
100
AcDbEntity
67
0
8
0
62
256
6
ByLayer
370
-1
48
1.0
60
0
100
AcDbCircle
39
0.0
10
650.278213401473
20
415.806127338437
30
0.0
40
250.403563174821
210
0.0
220
0.0
230
1.0
100
AcDbArc
50
17.0028963622889
51
17.2351703129629
0
ARC
5
865
330
70
100
AcDbEntity
67
0
8
0
62
256
6
ByLayer
370
-1
48
1.0
60
0
100
AcDbCircle
39
0.0
10
650.881967005473
20
415.991640506492
30
0.0
40
249.771951888141
210
0.0
220
0.0
230
1.0
100
AcDbArc
50
16.7699118100438
51
17.0027002947016
0
ARC
5
866
330
70
100
AcDbEntity
67
0
8
0
62
256
6
ByLayer
370
-1
48
1.0
60
0
100
AcDbCircle
39
0.0
10
651.494283359116
20
416.177065113182
30
0.0
40
249.132176265812
210
0.0
220
0.0
230
1.0
100
AcDbArc
50
16.5364004664904
51
16.7697122629812
0
ARC
5
867
330
70
100
AcDbEntity
67
0
8
0
62
256
6
ByLayer
370
-1
48
1.0
60
0
100
AcDbCircle
39
0.0
10
652.11501748482
20
416.36228243324
30
0.0
40
248.484398886445
210
0.0
220
0.0
230
1.0
100
AcDbArc
50
16.3023535723997
51
16.5361974475142
0
ARC
5
868
330
70
100
AcDbEntity
67
0
8
0
62
256
6
ByLayer
370
-1
48
1.0
60
0
100
AcDbCircle
39
0.0
10
652.854047790407
20
416.579533213273
30
0.0
40
247.714098584639
210
0.0
220
0.0
230
1.0
100
AcDbArc
50
16.0676155448706
51
16.3021071006275
0
ARC
5
869
330
70
100
AcDbEntity
67
0
8
0
62
256
6
ByLayer
370
-1
48
1.0
60
0
100
AcDbCircle
39
0.0
10
653.462475412435
20
416.755958646152
30
0.0
40
247.080609195498
210
0.0
220
0.0
230
1.0
100
AcDbArc
50
15.8323471036004
51
16.0673516433097
0
ARC
5
86A
330
70
100
AcDbEntity
67
0
8
0
62
256
6
ByLayer
370
-1
48
1.0
60
0
100
AcDbCircle
39
0.0
10
653.308039208226
20
416.711936598908
30
0.0
40
247.241196972825
210
0.0
220
0.0
230
1.0
100
AcDbArc
50
15.5976365356295
51
15.8323976731111
0
ARC
5
86B
330
70
100
AcDbEntity
67
0
8
0
62
256
6
ByLayer
370
-1
48
1.0
60
0
100
AcDbCircle
39
0.0
10
653.164355295861
20
416.671615502005
30
0.0
40
247.390431072669
210
0.0
220
0.0
230
1.0
100
AcDbArc
50
15.3631564729487
51
15.5976834290115
0
ARC
5
86C
330
70
100
AcDbEntity
67
0
8
0
62
256
6
ByLayer
370
-1
48
1.0
60
0
100
AcDbCircle
39
0.0
10
653.031557550181
20
416.634935226308
30
0.0
40
247.528201349122
210
0.0
220
0.0
230
1.0
100
AcDbArc
50
15.1288976364203
51
15.3631996709935
0
ARC
5
86D
330
70
100
AcDbEntity
67
0
8
0
62
256
6
ByLayer
370
-1
48
1.0
60
0
100
AcDbCircle
39
0.0
10
652.909777289415
20
416.601833698273
30
0.0
40
247.654400057355
210
0.0
220
0.0
230
1.0
100
AcDbArc
50
14.894850707604
51
15.1289371199369
0
ARC
5
86E
330
70
100
AcDbEntity
67
0
8
0
62
256
6
ByLayer
370
-1
48
1.0
60
0
100
AcDbCircle
39
0.0
10
652.799142913478
20
416.572246842028
30
0.0
40
247.768922209415
210
0.0
220
0.0
230
1.0
100
AcDbArc
50
14.6610063289341
51
14.8948864575281
0
ARC
5
86F
330
70
100
AcDbEntity
67
0
8
0
62
256
6
ByLayer
370
-1
48
1.0
60
0
100
AcDbCircle
39
0.0
10
652.699779664013
20
416.546108561619
30
0.0
40
247.871665802369
210
0.0
220
0.0
230
1.0
100
AcDbArc
50
14.4273551038042
51
14.6610383261996
0
ARC
5
870
330
70
100
AcDbEntity
67
0
8
0
62
256
6
ByLayer
370
-1
48
1.0
60
0
100
AcDbCircle
39
0.0
10
652.611810002128
20
416.523350886114
30
0.0
40
247.962531408021
210
0.0
220
0.0
230
1.0
100
AcDbArc
50
14.1938875963266
51
14.427383329345
0
ARC
5
871
330
70
100
AcDbEntity
67
0
8
0
62
256
6
ByLayer
370
-1
48
1.0
60
0
100
AcDbCircle
39
0.0
10
652.535353091433
20
416.503903879452
30
0.0
40
248.041422688116
210
0.0
220
0.0
230
1.0
100
AcDbArc
50
13.9605943315288
51
14.1939120310969
0
ARC
5
872
330
70
100
AcDbEntity
67
0
8
0
62
256
6
ByLayer
370
-1
48
1.0
60
0
100
AcDbCircle
39
0.0
10
652.470525284562
20
416.487695810288
30
0.0
40
248.108245873278
210
0.0
220
0.0
230
1.0
100
AcDbArc
50
13.7274657949987
51
13.9606149565286
0
ARC
5
873
330
70
100
AcDbEntity
67
0
8
0
62
256
6
ByLayer
370
-1
48
1.0
60
0
100
AcDbCircle
39
0.0
10
652.417439380306
20
416.474653010448
30
0.0
40
248.16291051054
210
0.0
220
0.0
230
1.0
100
AcDbArc
50
13.4944924331499
51
13.7274825912806
0
ARC
5
874
330
70
100
AcDbEntity
67
0
8
0
62
256
6
ByLayer
370
-1
48
1.0
60
0
100
AcDbCircle
39
0.0
10
652.376205049792
20
416.464700029786
30
0.0
40
248.205329005222
210
0.0
220
0.0
230
1.0
100
AcDbArc
50
13.2616646528854
51
13.4945053817203
0
ARC
5
875
330
70
100
AcDbEntity
67
0
8
0
62
256
6
ByLayer
370
-1
48
1.0
60
0
100
AcDbCircle
39
0.0
10
652.346928560942
20
416.45775961516
30
0.0
40
248.235416886612
210
0.0
220
0.0
230
1.0
100
AcDbArc
50
13.0289728216071
51
13.2616737347628
0
ARC
5
876
330
70
100
AcDbEntity
67
0
8
0
62
256
6
ByLayer
370
-1
48
1.0
60
0
100
AcDbCircle
39
0.0
10
652.329712726496
20
416.453752747237
30
0.0
40
248.253092843146
210
0.0
220
0.0
230
1.0
100
AcDbArc
50
12.7964072670209
51
13.0289780177055
0
ARC
5
877
330
70
100
AcDbEntity
67
0
8
0
62
256
6
ByLayer
370
-1
48
1.0
60
0
100
AcDbCircle
39
0.0
10
652.324657077911
20
416.452598728068
30
0.0
40
248.258278526472
210
0.0
220
0.0
230
1.0
100
AcDbArc
50
12.5639582769313
51
12.7964085582658
0
ARC
5
878
330
70
100
AcDbEntity
67
0
8
0
62
256
6
ByLayer
370
-1
48
1.0
60
0
100
AcDbCircle
39
0.0
10
652.331857546079
20
416.454215155017
30
0.0
40
248.250898861994
210
0.0
220
0.0
230
1.0
100
AcDbArc
50
12.3316160991487
51
12.563955644256
0
ARC
5
879
330
70
100
AcDbEntity
67
0
8
0
62
256
6
ByLayer
370
-1
48
1.0
60
0
100
AcDbCircle
39
0.0
10
652.35140637986
20
416.458517953075
30
0.0
40
248.230882114966
210
0.0
220
0.0
230
1.0
100
AcDbArc
50
12.0993709413628
51
12.3316095234521
0
ARC
5
87A
330
70
100
AcDbEntity
67
0
8
0
62
256
6
ByLayer
370
-1
48
1.0
60
0
100
AcDbCircle
39
0.0
10
652.383392229056
20
416.465421443799
30
0.0
40
248.198159788507
210
0.0
220
0.0
230
1.0
100
AcDbArc
50
11.8672129708228
51
12.0993604034257
0
ARC
5
87B
330
70
100
AcDbEntity
67
0
8
0
62
256
6
ByLayer
370
-1
48
1.0
60
0
100
AcDbCircle
39
0.0
10
652.427900142712
20
416.474838393349
30
0.0
40
248.15266660922
210
0.0
220
0.0
230
1.0
100
AcDbArc
50
11.635132314133
51
11.8671984514072
0
ARC
5
87C
330
70
100
AcDbEntity
67
0
8
0
62
256
6
ByLayer
370
-1
48
1.0
60
0
100
AcDbCircle
39
0.0
10
652.485011237683
20
416.486679992919
30
0.0
40
248.09434084976
210
0.0
220
0.0
230
1.0
100
AcDbArc
50
11.4031190571222
51
11.6351137939066
0
ARC
5
87D
330
70
100
AcDbEntity
67
0
8
0
62
256
6
ByLayer
370
-1
48
1.0
60
0
100
AcDbCircle
39
0.0
10
652.554803050555
20
416.500855983083
30
0.0
40
248.023123953466
210
0.0
220
0.0
230
1.0
100
AcDbArc
50
11.171163244406
51
11.4030965166788
0
ARC
5
87E
330
70
100
AcDbEntity
67
0
8
0
62
256
6
ByLayer
370
-1
48
1.0
60
0
100
AcDbCircle
39
0.0
10
652.637349091294
20
416.517274612533
30
0.0
40
247.938960974667
210
0.0
220
0.0
230
1.0
100
AcDbArc
50
10.9392548793233
51
11.1711366642975
0
ARC
5
87F
330
70
100
AcDbEntity
67
0
8
0
62
256
6
ByLayer
370
-1
48
1.0
60
0
100
AcDbCircle
39
0.0
10
652.732719048555
20
416.535842732168
30
0.0
40
247.841800353826
210
0.0
220
0.0
230
1.0
100
AcDbArc
50
10.7073839235064
51
10.939224239985
0
ARC
5
880
330
70
100
AcDbEntity
67
0
8
0
62
256
6
ByLayer
370
-1
48
1.0
60
0
100
AcDbCircle
39
0.0
10
652.840978527767
20
416.556465795682
30
0.0
40
247.731594169588
210
0.0
220
0.0
230
1.0
100
AcDbArc
50
10.4755402967308
51
10.7073492052726
0
ARC
5
881
330
70
100
AcDbEntity
67
0
8
0
62
256
6
ByLayer
370
-1
48
1.0
60
0
100
AcDbCircle
39
0.0
10
652.962189436869
20
416.579047984973
30
0.0
40
247.608297731666
210
0.0
220
0.0
230
1.0
100
AcDbArc
50
10.2437138763324
51
10.4755014798442
0
ARC
5
882
330
70
100
AcDbEntity
67
0
8
0
62
256
6
ByLayer
370
-1
48
1.0
60
0
100
AcDbCircle
39
0.0
10
653.096409279139
20
416.603492129423
30
0.0
40
247.471870286305
210
0.0
220
0.0
230
1.0
100
AcDbArc
50
10.0118944972758
51
10.2436709409885
0
ARC
5
883
330
70
100
AcDbEntity
67
0
8
0
62
256
6
ByLayer
370
-1
48
1.0
60
0
100
AcDbCircle
39
0.0
10
653.243691619931
20
416.629699847647
30
0.0
40
247.322274527377
210
0.0
220
0.0
230
1.0
100
AcDbArc
50
9.7800719515283
51
10.0118474234717
0
ARC
5
884
330
70
100
AcDbEntity
67
0
8
0
62
256
6
ByLayer
370
-1
48
1.0
60
0
100
AcDbCircle
39
0.0
10
653.404085916409
20
416.657571568275
30
0.0
40
247.159476756266
210
0.0
220
0.0
230
1.0
100
AcDbArc
50
9.54823598778236
51
9.78002071915155
0
ARC
5
885
330
70
100
AcDbEntity
67
0
8
0
62
256
6
ByLayer
370
-1
48
1.0
60
0
100
AcDbCircle
39
0.0
10
653.577637575799
20
416.687006592523
30
0.0
40
246.98344680985
210
0.0
220
0.0
230
1.0
100
AcDbArc
50
9.31637631103474
51
9.54818057666228
0
ARC
5
886
330
70
100
AcDbEntity
67
0
8
0
62
256
6
ByLayer
370
-1
48
1.0
60
0
100
AcDbCircle
39
0.0
10
653.764387371757
20
416.717903050532
30
0.0
40
246.794158639512
210
0.0
220
0.0
230
1.0
100
AcDbArc
50
9.08448258253059
51
9.31631670085254
0
ARC
5
887
330
70
100
AcDbEntity
67
0
8
0
62
256
6
ByLayer
370
-1
48
1.0
60
0
100
AcDbCircle
39
0.0
10
653.964372319231
20
416.750158102685
30
0.0
40
246.591589411651
210
0.0
220
0.0
230
1.0
100
AcDbArc
50
8.85254441883841
51
9.08441875273905
0
ARC
5
888
330
70
100
AcDbEntity
67
0
8
0
62
256
6
ByLayer
370
-1
48
1.0
60
0
100
AcDbCircle
39
0.0
10
654.177624819935
20
416.78366785183
30
0.0
40
246.37572036201
210
0.0
220
0.0
230
1.0
100
AcDbArc
50
8.62055139198429
51
8.85247634887253
0
ARC
5
889
330
70
100
AcDbEntity
67
0
8
0
62
256
6
ByLayer
370
-1
48
1.0
60
0
100
AcDbCircle
39
0.0
10
654.404173222157
20
416.818327489086
30
0.0
40
246.146536216931
210
0.0
220
0.0
230
1.0
100
AcDbArc
50
8.38849302861756
51
8.62047906107837
0
ARC
5
88A
330
70
100
AcDbEntity
67
0
8
0
62
256
6
ByLayer
370
-1
48
1.0
60
0
100
AcDbCircle
39
0.0
10
654.644041173673
20
416.854031248712
30
0.0
40
245.90402583696
210
0.0
220
0.0
230
1.0
100
AcDbArc
50
8.15635881000684
51
8.38841641587648
0
ARC
5
88B
330
70
100
AcDbEntity
67
0
8
0
62
256
6
ByLayer
370
-1
48
1.0
60
0
100
AcDbCircle
39
0.0
10
654.897248386879
20
416.890672578976
30
0.0
40
245.648181432237
210
0.0
220
0.0
230
1.0
100
AcDbArc
50
7.92413817116786
51
8.15627789437584
0
ARC
5
88C
330
70
100
AcDbEntity
67
0
8
0
62
256
6
ByLayer
370
-1
48
1.0
60
0
100
AcDbCircle
39
0.0
10
655.163809784606
20
416.92814407117
30
0.0
40
245.378999415612
210
0.0
220
0.0
230
1.0
100
AcDbArc
50
7.69182050086322
51
7.92405293149574
0
ARC
5
88D
330
70
100
AcDbEntity
67
0
8
0
62
256
6
ByLayer
370
-1
48
1.0
60
0
100
AcDbCircle
39
0.0
10
655.443735923742
20
416.966337579837
30
0.0
40
245.096479964161
210
0.0
220
0.0
230
1.0
100
AcDbArc
50
7.45939514089751
51
7.69173091569728
0
ARC
5
88E
330
70
100
AcDbEntity
67
0
8
0
62
256
6
ByLayer
370
-1
48
1.0
60
0
100
AcDbCircle
39
0.0
10
655.73703325956
20
417.005144311296
30
0.0
40
244.800626743335
210
0.0
220
0.0
230
1.0
100
AcDbArc
50
7.22685138556847
51
7.45930118871882
0
ARC
5
88F
330
70
100
AcDbEntity
67
0
8
0
62
256
6
ByLayer
370
-1
48
1.0
60
0
100
AcDbCircle
39
0.0
10
656.043703348989
20
417.044454773185
30
0.0
40
244.491447701604
210
0.0
220
0.0
230
1.0
100
AcDbArc
50
6.99417848158049
51
7.22675304475606
0
ARC
5
890
330
70
100
AcDbEntity
67
0
8
0
62
256
6
ByLayer
370
-1
48
1.0
60
0
100
AcDbCircle
39
0.0
10
656.363743389767
20
417.084158904868
30
0.0
40
244.168954517518
210
0.0
220
0.0
230
1.0
100
AcDbArc
50
6.76136562726135
51
6.99407573021954
0
ARC
5
891
330
70
100
AcDbEntity
67
0
8
0
62
256
6
ByLayer
370
-1
48
1.0
60
0
100
AcDbCircle
39
0.0
10
656.697146161186
20
417.124146124085
30
0.0
40
243.83316265142
210
0.0
220
0.0
230
1.0
100
AcDbArc
50
6.52840197217627
51
6.76125844331645
0
ARC
5
892
330
70
100
AcDbEntity
67
0
8
0
62
256
6
ByLayer
370
-1
48
1.0
60
0
100
AcDbCircle
39
0.0
10
657.043899796776
20
417.164305356482
30
0.0
40
243.484091566474
210
0.0
220
0.0
230
1.0
100
AcDbArc
50
6.29527661671237
51
6.52829033343737
0
ARC
5
893
330
70
100
AcDbEntity
67
0
8
0
62
256
6
ByLayer
370
-1
48
1.0
60
0
100
AcDbCircle
39
0.0
10
657.40398803247
20
417.204525122109
30
0.0
40
243.121764471289
210
0.0
220
0.0
230
1.0
100
AcDbArc
50
6.06197861142963
51
6.29516050076428
0
ARC
5
894
330
70
100
AcDbEntity
67
0
8
0
62
256
6
ByLayer
370
-1
48
1.0
60
0
100
AcDbCircle
39
0.0
10
657.77738988117
20
417.244693555296
30
0.0
40
242.746208640423
210
0.0
220
0.0
230
1.0
100
AcDbArc
50
5.82849695683707
51
6.06185799574917
0
ARC
5
895
330
70
100
AcDbEntity
67
0
8
0
62
256
6
ByLayer
370
-1
48
1.0
60
0
100
AcDbCircle
39
0.0
10
658.16407999183
20
417.284698502066
30
0.0
40
242.357455046469
210
0.0
220
0.0
230
1.0
100
AcDbArc
50
5.59482060258082
51
5.82837181866145
0
ARC
5
896
330
70
100
AcDbEntity
67
0
8
0
62
256
6
ByLayer
370
-1
48
1.0
60
0
100
AcDbCircle
39
0.0
10
658.564028294331
20
417.324427539161
30
0.0
40
241.955538711082
210
0.0
220
0.0
230
1.0
100
AcDbArc
50
5.36093844720259
51
5.59469091901407
0
ARC
5
897
330
70
100
AcDbEntity
67
0
8
0
62
256
6
ByLayer
370
-1
48
1.0
60
0
100
AcDbCircle
39
0.0
10
658.97720010914
20
417.363768044975
30
0.0
40
241.540498588823
210
0.0
220
0.0
230
1.0
100
AcDbArc
50
5.12683933756487
51
5.36080419510176
0
ARC
5
898
330
70
100
AcDbEntity
67
0
8
0
62
256
6
ByLayer
370
-1
48
1.0
60
0
100
AcDbCircle
39
0.0
10
659.403556400696
20
417.402607280405
30
0.0
40
241.11237730745
210
0.0
220
0.0
230
1.0
100
AcDbArc
50
4.89251206819886
51
5.12670049360028
0
ARC
5
899
330
70
100
AcDbEntity
67
0
8
0
62
256
6
ByLayer
370
-1
48
1.0
60
0
100
AcDbCircle
39
0.0
10
659.84305336598
20
417.440832407737
30
0.0
40
240.671221576377
210
0.0
220
0.0
230
1.0
100
AcDbArc
50
4.65794538103272
51
4.89236860889753
0
ARC
5
89A
330
70
100
AcDbEntity
67
0
8
0
62
256
6
ByLayer
370
-1
48
1.0
60
0
100
AcDbCircle
39
0.0
10
660.295642865331
20
417.478330587103
30
0.0
40
240.217081749764
210
0.0
220
0.0
230
1.0
100
AcDbArc
50
4.42312796460839
51
4.65779728272954
0
ARC
5
89B
330
70
100
AcDbEntity
67
0
8
0
62
256
6
ByLayer
370
-1
48
1.0
60
0
100
AcDbCircle
39
0.0
10
660.761271857247
20
417.514988986759
30
0.0
40
239.750012389837
210
0.0
220
0.0
230
1.0
100
AcDbArc
50
4.1880484539413
51
4.42297520348428
0
ARC
5
89C
330
70
100
AcDbEntity
67
0
8
0
62
256
6
ByLayer
370
-1
48
1.0
60
0
100
AcDbCircle
39
0.0
10
661.239883162981
20
417.550694902971
30
0.0
40
239.27007149635
210
0.0
220
0.0
230
1.0
100
AcDbArc
50
3.95269542953663
51
4.1878910059607
0
ARC
5
89D
330
70
100
AcDbEntity
67
0
8
0
62
256
6
ByLayer
370
-1
48
1.0
60
0
100
AcDbCircle
39
0.0
10
661.73141455831
20
417.585335748176
30
0.0
40
238.777321414546
210
0.0
220
0.0
230
1.0
100
AcDbArc
50
3.71705741742553
51
3.952533270504
0
ARC
5
89E
330
70
100
AcDbEntity
67
0
8
0
62
256
6
ByLayer
370
-1
48
1.0
60
0
100
AcDbCircle
39
0.0
10
662.235799768909
20
417.618799182403
30
0.0
40
238.271827834597
210
0.0
220
0.0
230
1.0
100
AcDbArc
50
3.48112288808339
51
3.71689052289104
0
ARC
5
89F
330
70
100
AcDbEntity
67
0
8
0
62
256
6
ByLayer
370
-1
48
1.0
60
0
100
AcDbCircle
39
0.0
10
662.752967690813
20
417.650973115344
30
0.0
40
237.753660571122
210
0.0
220
0.0
230
1.0
100
AcDbArc
50
3.24488025637242
51
3.48095123349011
0
ARC
5
8A0
330
70
100
AcDbEntity
67
0
8
0
62
256
6
ByLayer
370
-1
48
1.0
60
0
100
AcDbCircle
39
0.0
10
663.282842771613
20
417.681745791833
30
0.0
40
237.222893179487
210
0.0
220
0.0
230
1.0
100
AcDbArc
50
3.00831788082852
51
3.24470381690475
0
ARC
5
8A1
330
70
100
AcDbEntity
67
0
8
0
62
256
6
ByLayer
370
-1
48
1.0
60
0
100
AcDbCircle
39
0.0
10
664.260746957592
20
417.731692100113
30
0.0
40
236.243715393106
210
0.0
220
0.0
230
1.0
100
AcDbArc
50
2.77151893762907
51
3.00866805373228
0
ARC
5
8A2
330
70
100
AcDbEntity
67
0
8
0
62
256
6
ByLayer
370
-1
48
1.0
60
0
100
AcDbCircle
39
0.0
10
659.578603049287
20
417.498885872605
30
0.0
40
240.931639601997
210
0.0
220
0.0
230
1.0
100
AcDbArc
50
2.54066041356173
51
2.77297836122126
0
ARC
5
8A3
330
70
100
AcDbEntity
67
0
8
0
62
256
6
ByLayer
370
-1
48
1.0
60
0
100
AcDbCircle
39
0.0
10
659.533500941561
20
417.496825108991
30
0.0
40
240.976788725311
210
0.0
220
0.0
230
1.0
100
AcDbArc
50
2.30862005117779
51
2.54067454522521
0
ARC
5
8A4
330
70
100
AcDbEntity
67
0
8
0
62
256
6
ByLayer
370
-1
48
1.0
60
0
100
AcDbCircle
39
0.0
10
659.502265597229
20
417.495525220107
30
0.0
40
241.008051079635
210
0.0
220
0.0
230
1.0
100
AcDbArc
50
2.07682781290776
51
2.30862970506622
0
ARC
5
8A5
330
70
100
AcDbEntity
67
0
8
0
62
256
6
ByLayer
370
-1
48
1.0
60
0
100
AcDbCircle
39
0.0
10
659.48505766576
20
417.494879574018
30
0.0
40
241.025271105685
210
0.0
220
0.0
230
1.0
100
AcDbArc
50
1.84527273057497
51
2.07683295100486
0
ARC
5
8A6
330
70
100
AcDbEntity
67
0
8
0
62
256
6
ByLayer
370
-1
48
1.0
60
0
100
AcDbCircle
39
0.0
10
659.482034065463
20
417.494779703864
30
0.0
40
241.028296353901
210
0.0
220
0.0
230
1.0
100
AcDbArc
50
1.61394375668513
51
1.84527331460728
0
ARC
5
8A7
330
70
100
AcDbEntity
67
0
8
0
62
256
6
ByLayer
370
-1
48
1.0
60
0
100
AcDbCircle
39
0.0
10
659.493347874992
20
417.495115351505
30
0.0
40
241.016977579186
210
0.0
220
0.0
230
1.0
100
AcDbArc
50
1.38282976378506
51
1.61393974814397
0
ARC
5
8A8
330
70
100
AcDbEntity
67
0
8
0
62
256
6
ByLayer
370
-1
48
1.0
60
0
100
AcDbCircle
39
0.0
10
659.519147981458
20
417.495774507128
30
0.0
40
240.991169079442
210
0.0
220
0.0
230
1.0
100
AcDbArc
50
1.15191954393068
51
1.38282112386383
0
ARC
5
8A9
330
70
100
AcDbEntity
67
0
8
0
62
256
6
ByLayer
370
-1
48
1.0
60
0
100
AcDbCircle
39
0.0
10
659.55957950915
20
417.496643470397
30
0.0
40
240.950728253598
210
0.0
220
0.0
230
1.0
100
AcDbArc
50
0.921201807727163
51
1.15190623358895
0
ARC
5
8AA
330
70
100
AcDbEntity
67
0
8
0
62
256
6
ByLayer
370
-1
48
1.0
60
0
100
AcDbCircle
39
0.0
10
659.614782861929
20
417.497606880533
30
0.0
40
240.895516546727
210
0.0
220
0.0
230
1.0
100
AcDbArc
50
0.690665184010357
51
0.921183787620654
0
ARC
5
8AB
330
70
100
AcDbEntity
67
0
8
0
62
256
6
ByLayer
370
-1
48
1.0
60
0
100
AcDbCircle
39
0.0
10
659.684894608569
20
417.498547787556
30
0.0
40
240.825398552169
210
0.0
220
0.0
230
1.0
100
AcDbArc
50
0.460298218457112
51
0.690642414340053
0
ARC
5
8AC
330
70
100
AcDbEntity
67
0
8
0
62
256
6
ByLayer
370
-1
48
1.0
60
0
100
AcDbCircle
39
0.0
10
659.770046646688
20
417.499347689485
30
0.0
40
240.740242835828
210
0.0
220
0.0
230
1.0
100
AcDbArc
50
0.230089373263848
51
0.460270659227086
0
ARC
5
8AD
330
70
100
AcDbEntity
67
0
8
0
62
256
6
ByLayer
370
-1
48
1.0
60
0
100
AcDbCircle
39
0.0
10
659.870366296547
20
417.499886591712
30
0.0
40
240.639921830797
210
0.0
220
0.0
230
1.0
100
AcDbArc
50
0.0000270260472214
51
0.230056983996023
0
ENDSEC
0
SECTION
2
OBJECTS
0
DICTIONARY
5
914
330
0
100
AcDbDictionary
280
1
281
1
3
ACAD_GROUP
350
D
3
ACAD_LAYOUT
350
62
3
ACAD_DGNDEFINITIONS
350
90A
3
ACAD_DWFDEFINITIONS
350
90B
3
ACAD_PDFDEFINITIONS
350
90C
3
ACAD_MLINESTYLE
350
5F
3
ACAD_IMAGE_DICT
350
909
3
ACAD_IMAGE_VARS
350
90D
0
DICTIONARY
5
D
330
914
100
AcDbDictionary
280
1
281
1
0
DICTIONARY
5
62
330
914
100
AcDbDictionary
280
1
281
1
3
Layout1
350
6F
3
Layout2
350
77
3
Model
350
73
0
DICTIONARY
5
90A
330
914
100
AcDbDictionary
280
1
281
1
0
DICTIONARY
5
90B
330
914
100
AcDbDictionary
280
1
281
1
0
DICTIONARY
5
90C
330
914
100
AcDbDictionary
280
1
281
1
0
DICTIONARY
5
5F
330
914
100
AcDbDictionary
280
1
281
1
3
STANDARD
350
60
0
DICTIONARY
5
909
330
914
100
AcDbDictionary
280
1
281
1
0
DICTIONARY
5
907
330
2
100
AcDbDictionary
280
1
281
1
3
ACAD_LAYERSTATES
360
915
0
DICTIONARY
5
915
330
907
100
AcDbDictionary
280
1
281
1
0
LAYOUT
5
6F
330
62
100
AcDbPlotSettings
1

2

4

6

40
0.0
41
0.0
42
0.0
43
0.0
44
0.0
45
0.0
46
0.0
47
0.0
48
0.0
49
0.0
140
0.0
141
0.0
142
1.0
143
1.0
70
688
72
0
73
0
74
5
7

75
16
76
0
77
2
78
300
147
1.0
148
0.0
149
0.0
100
AcDbLayout
1
Layout1
71
1
10
0.0
20
0.0
11
12.0
21
9.0
12
0.0
22
0.0
32
0.0
14
0.0
24
0.0
34
0.0
15
0.0
25
0.0
35
0.0
146
0.0
13
0.0
23
0.0
33
0.0
16
1.0
26
0.0
36
0.0
17
0.0
27
1.0
37
0.0
76
0
330
6C
0
LAYOUT
5
77
330
62
100
AcDbPlotSettings
1

2

4

6

40
0.0
41
0.0
42
0.0
43
0.0
44
0.0
45
0.0
46
0.0
47
0.0
48
0.0
49
0.0
140
0.0
141
0.0
142
1.0
143
1.0
70
688
72
0
73
0
74
5
7

75
16
76
0
77
2
78
300
147
1.0
148
0.0
149
0.0
100
AcDbLayout
1
Layout2
71
2
10
0.0
20
0.0
11
12.0
21
9.0
12
0.0
22
0.0
32
0.0
14
0.0
24
0.0
34
0.0
15
0.0
25
0.0
35
0.0
146
0.0
13
0.0
23
0.0
33
0.0
16
1.0
26
0.0
36
0.0
17
0.0
27
1.0
37
0.0
76
0
330
74
0
LAYOUT
5
73
330
62
100
AcDbPlotSettings
1

2

4

6

40
0.0
41
0.0
42
0.0
43
0.0
44
0.0
45
0.0
46
0.0
47
0.0
48
0.0
49
0.0
140
0.0
141
0.0
142
1.0
143
1.0
70
1712
72
0
73
0
74
0
7

75
0
76
0
77
2
78
300
147
1.0
148
0.0
149
0.0
100
AcDbLayout
1
Model
71
3
10
0.0
20
0.0
11
12.0
21
9.0
12
0.0
22
0.0
32
0.0
14
0.0
24
0.0
34
0.0
15
0.0
25
0.0
35
0.0
146
0.0
13
0.0
23
0.0
33
0.0
16
1.0
26
0.0
36
0.0
17
0.0
27
1.0
37
0.0
76
0
330
70
0
MLINESTYLE
5
60
330
5F
100
AcDbMlineStyle
2
STANDARD
70
0
3

62
256
51
90.0
52
90.0
71
2
49
0.5
62
256
6
ByLayer
49
-0.5
62
256
6
ByLayer
0
RASTERVARIABLES
5
90D
330
909
100
AcDbRasterVariables
90
0
70
1
71
1
72
0
0
ENDSEC
0
EOF
