999
autodxfXMIN:1E-07
999
autodxfXMAX:2931,171151400133
999
autodxfYMIN:1,000000793E-07
999
autodxfYMAX:1832,0000001
0
SECTION
2
HEADER
9
$ACADVER
1
AC1015
9
$DWGCODEPAGE
3
ANSI_1251
9
$HANDSEED
5
8DE
9
$ANGBASE
50
0.0
9
$ANGDIR
70
0
9
$ATTMODE
70
1
9
$AUNITS
70
0
9
$AUPREC
70
0
9
$CECOLOR
62
256
9
$CELTSCALE
40
1.0
9
$CELTYPE
6
ByLayer
9
$CELWEIGHT
370
-1
9
$CLAYER
8
0
9
$CMLJUST
70
0
9
$CMLSCALE
40
1.0
9
$CMLSTYLE
2
Standard
9
$DIMSTYLE
2
Standard
9
$TEXTSIZE
40
0.2
9
$TEXTSTYLE
7
Standard
9
$LUNITS
70
2
9
$LUPREC
70
4
9
$MIRRTEXT
70
0
9
$EXTNAMES
290
1
9
$INSBASE
10
0.0
20
0.0
30
0.0
9
$INSUNITS
70
4
9
$LTSCALE
40
1.0
9
$LWDISPLAY
290
0
9
$PDMODE
70
0
9
$PDSIZE
40
0.0
9
$PLINEGEN
70
0
9
$PSLTSCALE
70
1
9
$SPLINESEGS
70
6
9
$SURFU
70
6
9
$SURFV
70
6
9
$TDCREATE
40
2461213.58449074
9
$TDUCREATE
40
2461213.45949074
9
$TDUPDATE
40
2461213.58449074
9
$TDUUPDATE
40
2461213.45949074
9
$TDINDWG
40
0.0000115740740741
9
$UCSORG
10
0.0
20
0.0
30
0.0
9
$UCSXDIR
10
1.0
20
0.0
30
0.0
9
$UCSYDIR
10
0.0
20
1.0
30
0.0
9
$DIMADEC
70
0
9
$DIMALT
70
0
9
$DIMALTD
70
2
9
$DIMALTF
40
25.4
9
$DIMALTRND
40
0.0
9
$DIMALTTD
70
2
9
$DIMALTTZ
70
0
9
$DIMALTU
70
2
9
$DIMALTZ
70
0
9
$DIMAPOST
1

9
$DIMATFIT
70
3
9
$DIMAUNIT
70
0
9
$DIMASZ
40
0.18
9
$DIMAZIN
70
3
9
$DIMSAH
70
0
9
$DIMBLK
1

9
$DIMLDRBLK
1

9
$DIMCEN
40
0.09
9
$DIMCLRD
70
0
9
$DIMCLRE
70
0
9
$DIMCLRT
70
0
9
$DIMDEC
70
4
9
$DIMDLE
40
0.0
9
$DIMDLI
40
0.38
9
$DIMDSEP
70
46
9
$DIMEXE
40
0.18
9
$DIMEXO
40
0.0625
9
$DIMFXLON
70
0
9
$DIMFXL
40
1.0
9
$DIMGAP
40
0.09
9
$DIMJUST
70
0
9
$DIMLFAC
40
1.0
9
$DIMLUNIT
70
2
9
$DIMLWD
70
-2
9
$DIMLWE
70
-2
9
$DIMPOST
1

9
$DIMRND
40
0.0
9
$DIMSCALE
40
1.0
9
$DIMSD1
70
0
9
$DIMSD2
70
0
9
$DIMSE1
70
0
9
$DIMSE2
70
0
9
$DIMSOXD
70
0
9
$DIMTAD
70
0
9
$DIMTDEC
70
4
9
$DIMTFAC
40
1.0
9
$DIMTIH
70
0
9
$DIMTIX
70
0
9
$DIMTM
40
0.0
9
$DIMTMOVE
70
0
9
$DIMTOFL
70
0
9
$DIMTOH
70
0
9
$DIMTOL
70
0
9
$DIMLIM
70
0
9
$DIMTOLJ
70
1
9
$DIMTP
40
0.0
9
$DIMTXT
40
0.18
9
$DIMTXTDIRECTION
70
0
9
$DIMTZIN
70
0
9
$DIMZIN
70
0
9
$DIMFRAC
70
0
9
$DIMLTYPE
6
ByBlock
9
$DIMLTEX1
6
ByBlock
9
$DIMLTEX2
6
ByBlock
9
$EXTMIN
10
0.0
20
0.0
30
0.0
9
$EXTMAX
10
2969.44538773087
20
1832.0
30
0.0
9
$LIMMIN
10
0.0
20
0.0
9
$LIMMAX
10
2969.44538773087
20
1832.0
9
$ORTHOMODE
70
0
9
$REGENMODE
70
1
9
$FILLMODE
70
1
9
$QTEXTMODE
70
0
9
$TRACEWID
40
0.05
9
$DISPSILH
70
0
9
$SKETCHINC
40
0.1
9
$FILLETRAD
40
0.0
9
$MENU
1
.
9
$ELEVATION
40
0.0
9
$PELEVATION
40
0.0
9
$THICKNESS
40
0.0
9
$LIMCHECK
70
0
9
$CHAMFERA
40
0.0
9
$CHAMFERB
40
0.0
9
$CHAMFERC
40
0.0
9
$CHAMFERD
40
0.0
9
$SKPOLY
70
0
9
$TDUSRTIMER
40
0.0000115741
9
$USRTIMER
70
1
9
$PLINEWID
40
0.0
9
$SPLFRAME
70
0
9
$SPLINETYPE
70
6
9
$SURFTAB1
70
6
9
$SURFTAB2
70
6
9
$SURFTYPE
70
6
9
$UCSBASE
2

9
$UCSNAME
2

9
$UCSORTHOREF
2

9
$UCSORTHOVIEW
70
0
9
$UCSORGTOP
10
0.0
20
0.0
30
0.0
9
$UCSORGBOTTOM
10
0.0
20
0.0
30
0.0
9
$UCSORGLEFT
10
0.0
20
0.0
30
0.0
9
$UCSORGRIGHT
10
0.0
20
0.0
30
0.0
9
$UCSORGFRONT
10
0.0
20
0.0
30
0.0
9
$UCSORGBACK
10
0.0
20
0.0
30
0.0
9
$PUCSBASE
2

9
$PUCSNAME
2

9
$PUCSORG
10
0.0
20
0.0
30
0.0
9
$PUCSXDIR
10
1.0
20
0.0
30
0.0
9
$PUCSYDIR
10
0.0
20
1.0
30
0.0
9
$PUCSORTHOREF
2

9
$PUCSORTHOVIEW
70
0
9
$PUCSORGTOP
10
0.0
20
0.0
30
0.0
9
$PUCSORGBOTTOM
10
0.0
20
0.0
30
0.0
9
$PUCSORGLEFT
10
0.0
20
0.0
30
0.0
9
$PUCSORGRIGHT
10
0.0
20
0.0
30
0.0
9
$PUCSORGFRONT
10
0.0
20
0.0
30
0.0
9
$PUCSORGBACK
10
0.0
20
0.0
30
0.0
9
$USERI1
70
0
9
$USERI2
70
0
9
$USERI3
70
0
9
$USERI4
70
0
9
$USERI5
70
0
9
$USERR1
40
0.0
9
$USERR2
40
0.0
9
$USERR3
40
0.0
9
$USERR4
40
0.0
9
$USERR5
40
0.0
9
$WORLDVIEW
70
1
9
$SHADEDGE
70
3
9
$SHADEDIF
70
70
9
$TILEMODE
70
1
9
$MAXACTVP
70
64
9
$PINSBASE
10
0.0
20
0.0
30
0.0
9
$PLIMCHECK
70
0
9
$PEXTMIN
10
0.0
20
0.0
30
0.0
9
$PEXTMAX
10
2969.44538773087
20
1832.0
30
0.0
9
$PLIMMIN
10
0.0
20
0.0
9
$PLIMMAX
10
2969.44538773087
20
1832.0
9
$UNITMODE
70
0
9
$VISRETAIN
70
1
9
$TREEDEPTH
70
3020
9
$PROXYGRAPHICS
70
1
9
$MEASUREMENT
70
1
9
$ENDCAPS
280
0
9
$JOINSTYLE
280
0
9
$HYPERLINKBASE
1

9
$STYLESHEET
1

9
$XEDIT
290
1
9
$CEPSNTYPE
380
0
9
$PSTYLEMODE
290
1
9
$FINGERPRINTGUID
2
{6CA066BB-2DFD-F442-B5F5-FC61BA2BC2E6}
9
$VERSIONGUID
2
{09F41CCB-5E53-6F4A-B6D3-E3580C33164E}
9
$PSVPSCALE
40
0.0
9
$OLESTARTUP
290
0
0
ENDSEC
0
SECTION
2
CLASSES
0
CLASS
1
RASTERVARIABLES
2
AcDbRasterVariables
3
ISM
90
0
280
0
281
0
0
ENDSEC
0
SECTION
2
TABLES
0
TABLE
2
APPID
5
9
330
0
100
AcDbSymbolTable
70
7
0
APPID
5
56
330
9
100
AcDbSymbolTableRecord
100
AcDbRegAppTableRecord
2
ACAD
70
0
0
APPID
5
5E
330
9
100
AcDbSymbolTableRecord
100
AcDbRegAppTableRecord
2
AcadAnnotative
70
0
0
APPID
5
8BD
330
9
100
AcDbSymbolTableRecord
100
AcDbRegAppTableRecord
2
ACAD_MLEADERVER
70
0
0
APPID
5
8D8
330
9
100
AcDbSymbolTableRecord
100
AcDbRegAppTableRecord
2
AcCmTransparency
70
0
0
APPID
5
8D9
330
9
100
AcDbSymbolTableRecord
100
AcDbRegAppTableRecord
2
AcAecLayerStandard
70
0
0
APPID
5
8DA
330
9
100
AcDbSymbolTableRecord
100
AcDbRegAppTableRecord
2
GradientColor1ACI
70
0
0
APPID
5
8DB
330
9
100
AcDbSymbolTableRecord
100
AcDbRegAppTableRecord
2
GradientColor2ACI
70
0
0
ENDTAB
0
TABLE
2
VPORT
5
8
330
0
100
AcDbSymbolTable
70
1
0
VPORT
5
8CE
330
8
100
AcDbSymbolTableRecord
100
AcDbViewportTableRecord
2
*Active
70
0
10
0.0
20
0.0
11
1.0
21
1.0
12
1465.58557575007
22
916.0000001
13
0.0
23
0.0
14
0.5
24
0.5
15
10.0
25
10.0
16
0.0
26
0.0
36
1.0
17
0.0
27
0.0
37
0.0
40
3224.287
41
1.0
75
0
76
1
0
ENDTAB
0
TABLE
2
LTYPE
5
5
330
0
100
AcDbSymbolTable
70
48
0
LTYPE
5
5B
330
5
100
AcDbSymbolTableRecord
100
AcDbLinetypeTableRecord
2
ByBlock
70
0
3

72
65
73
0
40
0.0
0
LTYPE
5
5C
330
5
100
AcDbSymbolTableRecord
100
AcDbLinetypeTableRecord
2
ByLayer
70
0
3

72
65
73
0
40
0.0
0
LTYPE
5
5D
330
5
100
AcDbSymbolTableRecord
100
AcDbLinetypeTableRecord
2
Continuous
70
0
3
Solid line
72
65
73
0
40
0.0
0
LTYPE
5
78
330
5
100
AcDbSymbolTableRecord
100
AcDbLinetypeTableRecord
2
BORDER
70
0
3
Border __ __ . __ __ . __ __ . __ __ . __ __ .
72
65
73
6
40
1.75
49
0.5
74
0
49
-0.25
74
0
49
0.5
74
0
49
-0.25
74
0
49
0.0
74
0
49
-0.25
74
0
0
LTYPE
5
79
330
5
100
AcDbSymbolTableRecord
100
AcDbLinetypeTableRecord
2
BORDER2
70
0
3
Border (.5x) __.__.__.__.__.__.__.__.__.__.__.
72
65
73
6
40
0.875
49
0.25
74
0
49
-0.125
74
0
49
0.25
74
0
49
-0.125
74
0
49
0.0
74
0
49
-0.125
74
0
0
LTYPE
5
7A
330
5
100
AcDbSymbolTableRecord
100
AcDbLinetypeTableRecord
2
BORDERX2
70
0
3
Border (2x) ____  ____  .  ____  ____  .  ___
72
65
73
6
40
3.5
49
1.0
74
0
49
-0.5
74
0
49
1.0
74
0
49
-0.5
74
0
49
0.0
74
0
49
-0.5
74
0
0
LTYPE
5
7B
330
5
100
AcDbSymbolTableRecord
100
AcDbLinetypeTableRecord
2
CENTER
70
0
3
Center ____ _ ____ _ ____ _ ____ _ ____ _ ____
72
65
73
4
40
2.0
49
1.25
74
0
49
-0.25
74
0
49
0.25
74
0
49
-0.25
74
0
0
LTYPE
5
7C
330
5
100
AcDbSymbolTableRecord
100
AcDbLinetypeTableRecord
2
CENTER2
70
0
3
Center (.5x) ___ _ ___ _ ___ _ ___ _ ___ _ ___
72
65
73
4
40
1.125
49
0.75
74
0
49
-0.125
74
0
49
0.125
74
0
49
-0.125
74
0
0
LTYPE
5
7D
330
5
100
AcDbSymbolTableRecord
100
AcDbLinetypeTableRecord
2
CENTERX2
70
0
3
Center (2x) ________  __  ________  __  _____
72
65
73
4
40
4.0
49
2.5
74
0
49
-0.5
74
0
49
0.5
74
0
49
-0.5
74
0
0
LTYPE
5
7E
330
5
100
AcDbSymbolTableRecord
100
AcDbLinetypeTableRecord
2
DASHDOT
70
0
3
Dash dot __ . __ . __ . __ . __ . __ . __ . __
72
65
73
4
40
1.0
49
0.5
74
0
49
-0.25
74
0
49
0.0
74
0
49
-0.25
74
0
0
LTYPE
5
7F
330
5
100
AcDbSymbolTableRecord
100
AcDbLinetypeTableRecord
2
DASHDOT2
70
0
3
Dash dot (.5x) _._._._._._._._._._._._._._._.
72
65
73
4
40
0.5
49
0.25
74
0
49
-0.125
74
0
49
0.0
74
0
49
-0.125
74
0
0
LTYPE
5
80
330
5
100
AcDbSymbolTableRecord
100
AcDbLinetypeTableRecord
2
DASHDOTX2
70
0
3
Dash dot (2x) ____  .  ____  .  ____  .  ___
72
65
73
4
40
2.0
49
1.0
74
0
49
-0.5
74
0
49
0.0
74
0
49
-0.5
74
0
0
LTYPE
5
81
330
5
100
AcDbSymbolTableRecord
100
AcDbLinetypeTableRecord
2
DASHED
70
0
3
Dashed __ __ __ __ __ __ __ __ __ __ __ __ __ _
72
65
73
2
40
0.75
49
0.5
74
0
49
-0.25
74
0
0
LTYPE
5
82
330
5
100
AcDbSymbolTableRecord
100
AcDbLinetypeTableRecord
2
DASHED2
70
0
3
Dashed (.5x) _ _ _ _ _ _ _ _ _ _ _ _ _ _ _ _ _
72
65
73
2
40
0.375
49
0.25
74
0
49
-0.125
74
0
0
LTYPE
5
83
330
5
100
AcDbSymbolTableRecord
100
AcDbLinetypeTableRecord
2
DASHEDX2
70
0
3
Dashed (2x) ____  ____  ____  ____  ____  ___
72
65
73
2
40
1.5
49
1.0
74
0
49
-0.5
74
0
0
LTYPE
5
84
330
5
100
AcDbSymbolTableRecord
100
AcDbLinetypeTableRecord
2
DIVIDE
70
0
3
Divide ____ . . ____ . . ____ . . ____ . . ____
72
65
73
6
40
1.25
49
0.5
74
0
49
-0.25
74
0
49
0.0
74
0
49
-0.25
74
0
49
0.0
74
0
49
-0.25
74
0
0
LTYPE
5
85
330
5
100
AcDbSymbolTableRecord
100
AcDbLinetypeTableRecord
2
DIVIDE2
70
0
3
Divide (.5x) __..__..__..__..__..__..__..__.._
72
65
73
6
40
0.625
49
0.25
74
0
49
-0.125
74
0
49
0.0
74
0
49
-0.125
74
0
49
0.0
74
0
49
-0.125
74
0
0
LTYPE
5
86
330
5
100
AcDbSymbolTableRecord
100
AcDbLinetypeTableRecord
2
DIVIDEX2
70
0
3
Divide (2x) ________  .  .  ________  .  .  _
72
65
73
6
40
2.5
49
1.0
74
0
49
-0.5
74
0
49
0.0
74
0
49
-0.5
74
0
49
0.0
74
0
49
-0.5
74
0
0
LTYPE
5
87
330
5
100
AcDbSymbolTableRecord
100
AcDbLinetypeTableRecord
2
DOT
70
0
3
Dot . . . . . . . . . . . . . . . . . . . . . .
72
65
73
2
40
0.25
49
0.0
74
0
49
-0.25
74
0
0
LTYPE
5
88
330
5
100
AcDbSymbolTableRecord
100
AcDbLinetypeTableRecord
2
DOT2
70
0
3
Dot (.5x) .....................................
72
65
73
2
40
0.125
49
0.0
74
0
49
-0.125
74
0
0
LTYPE
5
89
330
5
100
AcDbSymbolTableRecord
100
AcDbLinetypeTableRecord
2
DOTX2
70
0
3
Dot (2x) .  .  .  .  .  .  .  .  .  .  .  .  . 
72
65
73
2
40
0.5
49
0.0
74
0
49
-0.5
74
0
0
LTYPE
5
8A
330
5
100
AcDbSymbolTableRecord
100
AcDbLinetypeTableRecord
2
HIDDEN
70
0
3
Hidden __ __ __ __ __ __ __ __ __ __ __ __ __ _
72
65
73
2
40
0.375
49
0.25
74
0
49
-0.125
74
0
0
LTYPE
5
8B
330
5
100
AcDbSymbolTableRecord
100
AcDbLinetypeTableRecord
2
HIDDEN2
70
0
3
Hidden (.5x) _ _ _ _ _ _ _ _ _ _ _ _ _ _ _ _ _
72
65
73
2
40
0.1875
49
0.125
74
0
49
-0.0625
74
0
0
LTYPE
5
8C
330
5
100
AcDbSymbolTableRecord
100
AcDbLinetypeTableRecord
2
HIDDENX2
70
0
3
Hidden (2x) ____ ____ ____ ____ ____ ____ ____
72
65
73
2
40
0.75
49
0.5
74
0
49
-0.25
74
0
0
LTYPE
5
8D
330
5
100
AcDbSymbolTableRecord
100
AcDbLinetypeTableRecord
2
PHANTOM
70
0
3
Phantom ______  __  __  ______  __  __  ______
72
65
73
6
40
2.5
49
1.25
74
0
49
-0.25
74
0
49
0.25
74
0
49
-0.25
74
0
49
0.25
74
0
49
-0.25
74
0
0
LTYPE
5
8E
330
5
100
AcDbSymbolTableRecord
100
AcDbLinetypeTableRecord
2
PHANTOM2
70
0
3
Phantom (.5x) ___ _ _ ___ _ _ ___ _ _ ___ _ _
72
65
73
6
40
1.25
49
0.625
74
0
49
-0.125
74
0
49
0.125
74
0
49
-0.125
74
0
49
0.125
74
0
49
-0.125
74
0
0
LTYPE
5
8F
330
5
100
AcDbSymbolTableRecord
100
AcDbLinetypeTableRecord
2
PHANTOMX2
70
0
3
Phantom (2x) ____________    ____    ____   _
72
65
73
6
40
5.0
49
2.5
74
0
49
-0.5
74
0
49
0.5
74
0
49
-0.5
74
0
49
0.5
74
0
49
-0.5
74
0
0
LTYPE
5
90
330
5
100
AcDbSymbolTableRecord
100
AcDbLinetypeTableRecord
2
ACAD_ISO02W100
70
0
3
ISO dash __ __ __ __ __ __ __ __ __ __ __ __ __
72
65
73
2
40
15.0
49
12.0
74
0
49
-3.0
74
0
0
LTYPE
5
91
330
5
100
AcDbSymbolTableRecord
100
AcDbLinetypeTableRecord
2
ACAD_ISO03W100
70
0
3
ISO dash space __    __    __    __    __    __
72
65
73
2
40
30.0
49
12.0
74
0
49
-18.0
74
0
0
LTYPE
5
92
330
5
100
AcDbSymbolTableRecord
100
AcDbLinetypeTableRecord
2
ACAD_ISO04W100
70
0
3
ISO long-dash dot ____ . ____ . ____ . ____ . _
72
65
73
4
40
30.0
49
24.0
74
0
49
-3.0
74
0
49
0.0
74
0
49
-3.0
74
0
0
LTYPE
5
93
330
5
100
AcDbSymbolTableRecord
100
AcDbLinetypeTableRecord
2
ACAD_ISO05W100
70
0
3
ISO long-dash double-dot ____ .. ____ .. ____ .
72
65
73
6
40
33.0
49
24.0
74
0
49
-3.0
74
0
49
0.0
74
0
49
-3.0
74
0
49
0.0
74
0
49
-3.0
74
0
0
LTYPE
5
94
330
5
100
AcDbSymbolTableRecord
100
AcDbLinetypeTableRecord
2
ACAD_ISO06W100
70
0
3
ISO long-dash triple-dot ____ ... ____ ... ____
72
65
73
8
40
36.0
49
24.0
74
0
49
-3.0
74
0
49
0.0
74
0
49
-3.0
74
0
49
0.0
74
0
49
-3.0
74
0
49
0.0
74
0
49
-3.0
74
0
0
LTYPE
5
95
330
5
100
AcDbSymbolTableRecord
100
AcDbLinetypeTableRecord
2
ACAD_ISO07W100
70
0
3
ISO dot . . . . . . . . . . . . . . . . . . . .
72
65
73
2
40
3.0
49
0.0
74
0
49
-3.0
74
0
0
LTYPE
5
96
330
5
100
AcDbSymbolTableRecord
100
AcDbLinetypeTableRecord
2
ACAD_ISO08W100
70
0
3
ISO long-dash short-dash ____ __ ____ __ ____ _
72
65
73
4
40
36.0
49
24.0
74
0
49
-3.0
74
0
49
6.0
74
0
49
-3.0
74
0
0
LTYPE
5
97
330
5
100
AcDbSymbolTableRecord
100
AcDbLinetypeTableRecord
2
ACAD_ISO09W100
70
0
3
ISO long-dash double-short-dash ____ __ __ ____
72
65
73
6
40
45.0
49
24.0
74
0
49
-3.0
74
0
49
6.0
74
0
49
-3.0
74
0
49
6.0
74
0
49
-3.0
74
0
0
LTYPE
5
98
330
5
100
AcDbSymbolTableRecord
100
AcDbLinetypeTableRecord
2
ACAD_ISO10W100
70
0
3
ISO dash dot __ . __ . __ . __ . __ . __ . __ .
72
65
73
4
40
18.0
49
12.0
74
0
49
-3.0
74
0
49
0.0
74
0
49
-3.0
74
0
0
LTYPE
5
99
330
5
100
AcDbSymbolTableRecord
100
AcDbLinetypeTableRecord
2
ACAD_ISO11W100
70
0
3
ISO double-dash dot __ __ . __ __ . __ __ . __ 
72
65
73
6
40
33.0
49
12.0
74
0
49
-3.0
74
0
49
12.0
74
0
49
-3.0
74
0
49
0.0
74
0
49
-3.0
74
0
0
LTYPE
5
9A
330
5
100
AcDbSymbolTableRecord
100
AcDbLinetypeTableRecord
2
ACAD_ISO12W100
70
0
3
ISO dash double-dot __ . . __ . . __ . . __ . .
72
65
73
6
40
21.0
49
12.0
74
0
49
-3.0
74
0
49
0.0
74
0
49
-3.0
74
0
49
0.0
74
0
49
-3.0
74
0
0
LTYPE
5
9B
330
5
100
AcDbSymbolTableRecord
100
AcDbLinetypeTableRecord
2
ACAD_ISO13W100
70
0
3
ISO double-dash double-dot __ __ . . __ __ . . 
72
65
73
8
40
36.0
49
12.0
74
0
49
-3.0
74
0
49
12.0
74
0
49
-3.0
74
0
49
0.0
74
0
49
-3.0
74
0
49
0.0
74
0
49
-3.0
74
0
0
LTYPE
5
9C
330
5
100
AcDbSymbolTableRecord
100
AcDbLinetypeTableRecord
2
ACAD_ISO14W100
70
0
3
ISO dash triple-dot __ . . . __ . . . __ . . . 
72
65
73
8
40
24.0
49
12.0
74
0
49
-3.0
74
0
49
0.0
74
0
49
-3.0
74
0
49
0.0
74
0
49
-3.0
74
0
49
0.0
74
0
49
-3.0
74
0
0
LTYPE
5
9D
330
5
100
AcDbSymbolTableRecord
100
AcDbLinetypeTableRecord
2
ACAD_ISO15W100
70
0
3
ISO double-dash triple-dot __ __ . . . __ __ . 
72
65
73
10
40
39.0
49
12.0
74
0
49
-3.0
74
0
49
12.0
74
0
49
-3.0
74
0
49
0.0
74
0
49
-3.0
74
0
49
0.0
74
0
49
-3.0
74
0
49
0.0
74
0
49
-3.0
74
0
0
LTYPE
5
A0
330
5
100
AcDbSymbolTableRecord
100
AcDbLinetypeTableRecord
2
FENCELINE1
70
0
3
Fenceline circle ----0-----0----0-----0----0---
72
65
73
3
40
1.35
49
0.25
74
0
49
-0.1
74
0
49
1.0
74
0
0
LTYPE
5
A1
330
5
100
AcDbSymbolTableRecord
100
AcDbLinetypeTableRecord
2
FENCELINE2
70
0
3
Fenceline square ----[]-----[]----[]-----[]----
72
65
73
3
40
1.35
49
0.25
74
0
49
-0.1
74
0
49
1.0
74
0
0
LTYPE
5
A2
330
5
100
AcDbSymbolTableRecord
100
AcDbLinetypeTableRecord
2
TRACKS
70
0
3
Tracks -|-|-|-|-|-|-|-|-|-|-|-|-|-|-|-|-|-|-|-|
72
65
73
1
40
0.15
49
0.15
74
0
0
LTYPE
5
A3
330
5
100
AcDbSymbolTableRecord
100
AcDbLinetypeTableRecord
2
BATTING
70
0
3
Batting SSSSSSSSSSSSSSSSSSSSSSSSSSSSSSSSSSSSSSS
72
65
73
2
40
0.1001
49
0.0001
74
0
49
-0.1
74
0
0
LTYPE
5
A4
330
5
100
AcDbSymbolTableRecord
100
AcDbLinetypeTableRecord
2
HOT_WATER_SUPPLY
70
0
3
Hot water supply ---- HW ---- HW ---- HW ----
72
65
73
3
40
0.9
49
0.5
74
0
49
-0.2
74
2
75
0
340
55
46
0.1
50
0.0
44
-0.1
45
-0.05
9
HW
49
-0.2
74
0
0
LTYPE
5
A5
330
5
100
AcDbSymbolTableRecord
100
AcDbLinetypeTableRecord
2
GAS_LINE
70
0
3
Gas line ----GAS----GAS----GAS----GAS----GAS---
72
65
73
3
40
0.95
49
0.5
74
0
49
-0.2
74
2
75
0
340
55
46
0.1
50
0.0
44
-0.1
45
-0.05
9
GAS
49
-0.25
74
0
0
LTYPE
5
A6
330
5
100
AcDbSymbolTableRecord
100
AcDbLinetypeTableRecord
2
ZIGZAG
70
0
3
Zig zag /\/\/\/\/\/\/\/\/\/\/\/\/\/\/\/\/\/\/\/
72
65
73
2
40
0.2001
49
0.0001
74
0
49
-0.2
74
0
0
ENDTAB
0
TABLE
2
LAYER
5
2
102
{ACAD_XDICTIONARY
360
8CF
102
}
330
0
100
AcDbSymbolTable
70
4
0
LAYER
5
54
330
2
100
AcDbSymbolTableRecord
100
AcDbLayerTableRecord
2
0
70
0
62
7
6
Continuous
290
1
370
-3
390
0
0
LAYER
5
A7
330
2
100
AcDbSymbolTableRecord
100
AcDbLayerTableRecord
2
IV_INTERIOR_PROFILES
70
0
62
7
6
Continuous
290
1
370
50
390
0
0
LAYER
5
A8
330
2
100
AcDbSymbolTableRecord
100
AcDbLayerTableRecord
2
IV_OUTER_PROFILE
70
0
62
7
6
Continuous
290
1
370
50
390
0
0
LAYER
5
A9
330
2
100
AcDbSymbolTableRecord
100
AcDbLayerTableRecord
2
IV_BEND_DOWN
70
0
62
30
6
Continuous
290
1
370
50
390
0
0
ENDTAB
0
TABLE
2
STYLE
5
3
330
0
100
AcDbSymbolTable
70
2
0
STYLE
5
55
330
3
100
AcDbSymbolTableRecord
100
AcDbTextStyleTableRecord
2
Standard
3
txt.SHX
70
0
71
0
40
0.0
41
1.0
42
0.0
50
0.0
0
STYLE
5
5A
330
3
100
AcDbSymbolTableRecord
100
AcDbTextStyleTableRecord
2
Annotative
3
txt.SHX
70
0
71
0
40
0.0
41
1.0
42
0.0
50
0.0
1001
AcadAnnotative
1000
AnnotativeData
1002
{
1070
1
1070
1
1002
}
0
STYLE
5
9F
330
8D0
100
AcDbSymbolTableRecord
100
AcDbTextStyleTableRecord
2

3
ltypeshp.shx
70
1
40
0.0
41
1.0
42
0.0
50
0.0
0
ENDTAB
0
TABLE
2
DIMSTYLE
5
A
330
0
100
AcDbSymbolTable
70
2
100
AcDbDimStyleTable
0
DIMSTYLE
105
58
330
A
100
AcDbSymbolTableRecord
100
AcDbDimStyleTableRecord
2
Standard
3

4

40
1.0
41
0.18
42
0.0625
43
0.38
44
0.18
45
0.0
46
0.0
47
0.0
48
0.0
49
1.0
70
0
71
0
72
0
73
0
74
0
75
0
76
0
77
0
78
0
79
3
140
0.18
141
0.09
143
25.4
144
1.0
146
1.0
147
0.09
148
0.0
170
0
171
2
172
0
174
0
175
0
176
0
177
0
178
0
179
0
271
4
272
4
273
2
274
2
275
0
276
0
277
2
278
46
279
0
280
0
281
0
282
0
283
1
284
0
285
0
286
0
289
3
290
0
294
0
340
55
173
0
345
5B
346
5B
347
5B
371
-2
372
-2
0
DIMSTYLE
105
59
330
A
100
AcDbSymbolTableRecord
100
AcDbDimStyleTableRecord
2
Annotative
3

4

40
1.0
41
0.18
42
0.0625
43
0.38
44
0.18
45
0.0
46
0.0
47
0.0
48
0.0
49
1.0
70
0
71
0
72
0
73
0
74
0
75
0
76
0
77
0
78
0
79
3
140
0.18
141
0.09
143
25.4
144
1.0
146
1.0
147
0.09
148
0.0
170
0
171
2
172
0
174
0
175
0
176
0
177
0
178
0
179
0
271
4
272
4
273
2
274
2
275
0
276
0
277
2
278
46
279
0
280
0
281
0
282
0
283
1
284
0
285
0
286
0
289
3
290
0
294
0
340
55
173
0
345
5B
346
5B
347
5B
371
-2
372
-2
1001
AcadAnnotative
1000
AnnotativeData
1002
{
1070
1
1070
1
1002
}
0
ENDTAB
0
TABLE
2
VIEW
5
6
330
0
100
AcDbSymbolTable
70
0
0
ENDTAB
0
TABLE
2
UCS
5
7
330
0
100
AcDbSymbolTable
70
0
0
ENDTAB
0
TABLE
2
BLOCK_RECORD
5
1
330
0
100
AcDbSymbolTable
70
3
0
BLOCK_RECORD
5
70
330
1
100
AcDbSymbolTableRecord
100
AcDbBlockTableRecord
2
*Model_Space
340
73
0
BLOCK_RECORD
5
6C
330
1
100
AcDbSymbolTableRecord
100
AcDbBlockTableRecord
2
*Paper_Space
340
6F
0
BLOCK_RECORD
5
74
330
1
100
AcDbSymbolTableRecord
100
AcDbBlockTableRecord
2
*Paper_Space0
340
77
0
ENDTAB
0
ENDSEC
0
SECTION
2
BLOCKS
0
BLOCK
5
71
330
70
100
AcDbEntity
67
0
8
0
100
AcDbBlockBegin
2
*Model_Space
70
0
10
0.0
20
0.0
30
0.0
3
*Model_Space
4

0
ENDBLK
5
72
330
70
100
AcDbEntity
8
0
100
AcDbBlockEnd
0
BLOCK
5
6D
330
6C
100
AcDbEntity
67
1
8
0
100
AcDbBlockBegin
2
*Paper_Space
70
0
10
0.0
20
0.0
30
0.0
3
*Paper_Space
4

0
ENDBLK
5
6E
330
6C
100
AcDbEntity
8
0
100
AcDbBlockEnd
0
BLOCK
5
75
330
74
100
AcDbEntity
67
1
8
0
100
AcDbBlockBegin
2
*Paper_Space0
70
0
10
0.0
20
0.0
30
0.0
3
*Paper_Space0
4

0
VIEWPORT
5
8D7
330
74
100
AcDbEntity
67
1
8
0
62
256
6
ByLayer
370
-1
48
1.0
60
0
100
AcDbViewport
10
0.0
20
0.0
30
0.0
40
297.0
41
210.0
68
1
69
1
12
50.0
22
100.0
13
0.0
23
0.0
14
10.0
24
10.0
15
10.0
25
10.0
16
0.0
26
0.0
36
1.0
17
0.0
27
0.0
37
0.0
42
50.0
43
0.0
44
0.0
45
250.0
50
0.0
51
0.0
72
1000
90
819232
110
0.0
120
0.0
130
0.0
111
1.0
121
0.0
131
0.0
112
0.0
122
1.0
132
0.0
0
ENDBLK
5
76
330
74
100
AcDbEntity
8
0
100
AcDbBlockEnd
0
ENDSEC
0
SECTION
2
ENTITIES
0
VIEWPORT
5
8D6
330
6C
100
AcDbEntity
67
1
8
0
62
256
6
ByLayer
370
-1
48
1.0
60
0
100
AcDbViewport
10
0.0
20
0.0
30
0.0
40
297.0
41
210.0
68
1
69
1
12
50.0
22
100.0
13
0.0
23
0.0
14
10.0
24
10.0
15
10.0
25
10.0
16
0.0
26
0.0
36
1.0
17
0.0
27
0.0
37
0.0
42
50.0
43
0.0
44
0.0
45
250.0
50
0.0
51
0.0
72
1000
90
819232
110
0.0
120
0.0
130
0.0
111
1.0
121
0.0
131
0.0
112
0.0
122
1.0
132
0.0
0
LINE
5
AA
330
70
100
AcDbEntity
67
0
8
IV_BEND_DOWN
62
256
6
ByLayer
370
-1
48
1.0
60
0
100
AcDbLine
10
1465.58557575007
20
0.0000001000003635
30
0.0
11
1465.58557575007
21
1832.0000001
31
0.0
39
0.0
210
0.0
220
0.0
230
1.0
0
ARC
5
AC
330
70
100
AcDbEntity
67
0
8
IV_INTERIOR_PROFILES
62
256
6
ByLayer
370
-1
48
1.0
60
0
100
AcDbCircle
39
0.0
10
486.550387289883
20
724.444412617401
30
0.0
40
842.737203703516
210
0.0
220
0.0
230
1.0
100
AcDbArc
50
83.0369921016469
51
83.465094802804
0
ARC
5
AD
330
70
100
AcDbEntity
67
0
8
IV_INTERIOR_PROFILES
62
256
6
ByLayer
370
-1
48
1.0
60
0
100
AcDbCircle
39
0.0
10
486.877298677366
20
727.236942023007
30
0.0
40
839.925612918971
210
0.0
220
0.0
230
1.0
100
AcDbArc
50
83.4655705227518
51
83.8947379448687
0
ARC
5
AE
330
70
100
AcDbEntity
67
0
8
IV_INTERIOR_PROFILES
62
256
6
ByLayer
370
-1
48
1.0
60
0
100
AcDbCircle
39
0.0
10
487.167227868223
20
729.885250972402
30
0.0
40
837.261489193297
210
0.0
220
0.0
230
1.0
100
AcDbArc
50
83.8951911608136
51
84.325378629707
0
ARC
5
AF
330
70
100
AcDbEntity
67
0
8
IV_INTERIOR_PROFILES
62
256
6
ByLayer
370
-1
48
1.0
60
0
100
AcDbCircle
39
0.0
10
487.422347136349
20
732.389309408689
30
0.0
40
834.744476070893
210
0.0
220
0.0
230
1.0
100
AcDbArc
50
84.3258090135715
51
84.7569711814381
0
ARC
5
B0
330
70
100
AcDbEntity
67
0
8
IV_INTERIOR_PROFILES
62
256
6
ByLayer
370
-1
48
1.0
60
0
100
AcDbCircle
39
0.0
10
487.644831775547
20
734.749087194946
30
0.0
40
832.374240742048
210
0.0
220
0.0
230
1.0
100
AcDbArc
50
84.757378418055
51
85.189469288921
0
ARC
5
B1
330
70
100
AcDbEntity
67
0
8
IV_INTERIOR_PROFILES
62
256
6
ByLayer
370
-1
48
1.0
60
0
100
AcDbCircle
39
0.0
10
487.83686009495
20
736.964554021885
30
0.0
40
830.150474312514
210
0.0
220
0.0
230
1.0
100
AcDbArc
50
85.1898530765355
51
85.6228260327032
0
ARC
5
B2
330
70
100
AcDbEntity
67
0
8
IV_INTERIOR_PROFILES
62
256
6
ByLayer
370
-1
48
1.0
60
0
100
AcDbCircle
39
0.0
10
488.000613427185
20
739.035679432225
30
0.0
40
828.072891949992
210
0.0
220
0.0
230
1.0
100
AcDbArc
50
85.6231860834757
51
86.0569939129935
0
ARC
5
B3
330
70
100
AcDbEntity
67
0
8
IV_INTERIOR_PROFILES
62
256
6
ByLayer
370
-1
48
1.0
60
0
100
AcDbCircle
39
0.0
10
488.138276133049
20
740.962432809545
30
0.0
40
826.141233060464
210
0.0
220
0.0
230
1.0
100
AcDbArc
50
86.0573299534781
51
86.4919248785816
0
ARC
5
B4
330
70
100
AcDbEntity
67
0
8
IV_INTERIOR_PROFILES
62
256
6
ByLayer
370
-1
48
1.0
60
0
100
AcDbCircle
39
0.0
10
488.252035609155
20
742.744783408316
30
0.0
40
824.355261417234
210
0.0
220
0.0
230
1.0
100
AcDbArc
50
86.4922366501843
51
86.9275703566897
0
ARC
5
B5
330
70
100
AcDbEntity
67
0
8
IV_INTERIOR_PROFILES
62
256
6
ByLayer
370
-1
48
1.0
60
0
100
AcDbCircle
39
0.0
10
488.344082291408
20
744.382700328331
30
0.0
40
822.714765339568
210
0.0
220
0.0
230
1.0
100
AcDbArc
50
86.9278576161027
51
87.3638812836845
0
ARC
5
B6
330
70
100
AcDbEntity
67
0
8
IV_INTERIOR_PROFILES
62
256
6
ByLayer
370
-1
48
1.0
60
0
100
AcDbCircle
39
0.0
10
488.416609660262
20
745.876152504441
30
0.0
40
821.219557849636
210
0.0
220
0.0
230
1.0
100
AcDbArc
50
87.3641438033052
51
87.8008081366199
0
ARC
5
B7
330
70
100
AcDbEntity
67
0
8
IV_INTERIOR_PROFILES
62
256
6
ByLayer
370
-1
48
1.0
60
0
100
AcDbCircle
39
0.0
10
488.471814246701
20
747.225108699624
30
0.0
40
819.869476819664
210
0.0
220
0.0
230
1.0
100
AcDbArc
50
87.8010457049588
51
88.2383009655711
0
ARC
5
B8
330
70
100
AcDbEntity
67
0
8
IV_INTERIOR_PROFILES
62
256
6
ByLayer
370
-1
48
1.0
60
0
100
AcDbCircle
39
0.0
10
488.511895641269
20
748.429537604224
30
0.0
40
818.664385006308
210
0.0
220
0.0
230
1.0
100
AcDbArc
50
88.2385133876017
51
88.6763094267202
0
ARC
5
B9
330
70
100
AcDbEntity
67
0
8
IV_INTERIOR_PROFILES
62
256
6
ByLayer
370
-1
48
1.0
60
0
100
AcDbCircle
39
0.0
10
488.539056493857
20
749.489407687174
30
0.0
40
817.604170326513
210
0.0
220
0.0
230
1.0
100
AcDbArc
50
88.6764965242214
51
89.1147828160606
0
ARC
5
BA
330
70
100
AcDbEntity
67
0
8
IV_INTERIOR_PROFILES
62
256
6
ByLayer
370
-1
48
1.0
60
0
100
AcDbCircle
39
0.0
10
488.555502522997
20
750.40468727552
30
0.0
40
816.68874589807
210
0.0
220
0.0
230
1.0
100
AcDbArc
50
89.1149444279514
51
89.5536701037874
0
ARC
5
BB
330
70
100
AcDbEntity
67
0
8
IV_INTERIOR_PROFILES
62
256
6
ByLayer
370
-1
48
1.0
60
0
100
AcDbCircle
39
0.0
10
488.563442521427
20
751.175344629032
30
0.0
40
815.918050078242
210
0.0
220
0.0
230
1.0
100
AcDbArc
50
89.5538060863881
51
89.9929199692498
0
ARC
5
BC
330
70
100
AcDbEntity
67
0
8
IV_INTERIOR_PROFILES
62
256
6
ByLayer
370
-1
48
1.0
60
0
100
AcDbCircle
39
0.0
10
488.565088359228
20
751.801347761199
30
0.0
40
815.292046748987
210
0.0
220
0.0
230
1.0
100
AcDbArc
50
89.9930301965457
51
90.432480836349
0
ARC
5
BD
330
70
100
AcDbEntity
67
0
8
IV_INTERIOR_PROFILES
62
256
6
ByLayer
370
-1
48
1.0
60
0
100
AcDbCircle
39
0.0
10
488.562654991501
20
752.282664588317
30
0.0
40
814.810725266924
210
0.0
220
0.0
230
1.0
100
AcDbArc
50
90.432565200234
51
90.872300909473
0
ARC
5
BE
330
70
100
AcDbEntity
67
0
8
IV_INTERIOR_PROFILES
62
256
6
ByLayer
370
-1
48
1.0
60
0
100
AcDbCircle
39
0.0
10
488.558360463567
20
752.619262843372
30
0.0
40
814.474100641324
210
0.0
220
0.0
230
1.0
100
AcDbArc
50
90.872359319939
51
91.3123282097496
0
ARC
5
BF
330
70
100
AcDbEntity
67
0
8
IV_INTERIOR_PROFILES
62
256
6
ByLayer
370
-1
48
1.0
60
0
100
AcDbCircle
39
0.0
10
488.554425913408
20
752.811110247663
30
0.0
40
814.282213447034
210
0.0
220
0.0
230
1.0
100
AcDbArc
50
91.312360595032
51
91.752510611703
0
ARC
5
C0
330
70
100
AcDbEntity
67
0
8
IV_INTERIOR_PROFILES
62
256
6
ByLayer
370
-1
48
1.0
60
0
100
AcDbCircle
39
0.0
10
488.553075582917
20
752.858174192839
30
0.0
40
814.235130219715
210
0.0
220
0.0
230
1.0
100
AcDbArc
50
91.752516918424
51
92.1927958800275
0
ARC
5
C1
330
70
100
AcDbEntity
67
0
8
IV_INTERIOR_PROFILES
62
256
6
ByLayer
370
-1
48
1.0
60
0
100
AcDbCircle
39
0.0
10
488.556536820222
20
752.760421985421
30
0.0
40
814.332943281119
210
0.0
220
0.0
230
1.0
100
AcDbArc
50
92.1927760733331
51
92.6331317067143
0
ARC
5
C2
330
70
100
AcDbEntity
67
0
8
IV_INTERIOR_PROFILES
62
256
6
ByLayer
370
-1
48
1.0
60
0
100
AcDbCircle
39
0.0
10
488.567040081547
20
752.517820873856
30
0.0
40
814.575770774303
210
0.0
220
0.0
230
1.0
100
AcDbArc
50
92.6330857703044
51
93.0734657482482
0
ARC
5
C3
330
70
100
AcDbEntity
67
0
8
IV_INTERIOR_PROFILES
62
256
6
ByLayer
370
-1
48
1.0
60
0
100
AcDbCircle
39
0.0
10
488.586818944035
20
752.130337863613
30
0.0
40
814.963756903513
210
0.0
220
0.0
230
1.0
100
AcDbArc
50
93.0733936844163
51
93.5137456628088
0
ARC
5
C4
330
70
100
AcDbEntity
67
0
8
IV_INTERIOR_PROFILES
62
256
6
ByLayer
370
-1
48
1.0
60
0
100
AcDbCircle
39
0.0
10
488.686685734829
20
750.369684670636
30
0.0
40
816.727220963374
210
0.0
220
0.0
230
1.0
100
AcDbArc
50
93.5131684549775
51
93.9527765666351
0
ARC
5
C5
330
70
100
AcDbEntity
67
0
8
IV_INTERIOR_PROFILES
62
256
6
ByLayer
370
-1
48
1.0
60
0
100
AcDbCircle
39
0.0
10
489.216832874617
20
742.349514703913
30
0.0
40
824.764858235886
210
0.0
220
0.0
230
1.0
100
AcDbArc
50
93.9511108055903
51
94.3866635638782
0
ARC
5
C6
330
70
100
AcDbEntity
67
0
8
IV_INTERIOR_PROFILES
62
256
6
ByLayer
370
-1
48
1.0
60
0
100
AcDbCircle
39
0.0
10
489.455223416317
20
739.134735830606
30
0.0
40
827.988453485725
210
0.0
220
0.0
230
1.0
100
AcDbArc
50
94.3860963813048
51
94.8202056934834
0
ARC
5
C7
330
70
100
AcDbEntity
67
0
8
IV_INTERIOR_PROFILES
62
256
6
ByLayer
370
-1
48
1.0
60
0
100
AcDbCircle
39
0.0
10
489.730646955268
20
735.76672403585
30
0.0
40
831.367697271562
210
0.0
220
0.0
230
1.0
100
AcDbArc
50
94.8196156160879
51
95.2522358403682
0
ARC
5
C8
330
70
100
AcDbEntity
67
0
8
IV_INTERIOR_PROFILES
62
256
6
ByLayer
370
-1
48
1.0
60
0
100
AcDbCircle
39
0.0
10
490.04537643347
20
732.245515773404
30
0.0
40
834.902931769136
210
0.0
220
0.0
230
1.0
100
AcDbArc
50
95.2516233531005
51
95.6827098475337
0
ARC
5
C9
330
70
100
AcDbEntity
67
0
8
IV_INTERIOR_PROFILES
62
256
6
ByLayer
370
-1
48
1.0
60
0
100
AcDbCircle
39
0.0
10
490.401676399796
20
728.571145455814
30
0.0
40
838.59452506475
210
0.0
220
0.0
230
1.0
100
AcDbArc
50
95.6820754451748
51
96.1115845871634
0
ARC
5
CA
330
70
100
AcDbEntity
67
0
8
IV_INTERIOR_PROFILES
62
256
6
ByLayer
370
-1
48
1.0
60
0
100
AcDbCircle
39
0.0
10
490.8018030788
20
724.74364542286
30
0.0
40
842.442870852847
210
0.0
220
0.0
230
1.0
100
AcDbArc
50
96.1109287735405
51
96.5388179777593
0
ARC
5
CB
330
70
100
AcDbEntity
67
0
8
IV_INTERIOR_PROFILES
62
256
6
ByLayer
370
-1
48
1.0
60
0
100
AcDbCircle
39
0.0
10
491.248004426229
20
720.763046031944
30
0.0
40
846.448388008044
210
0.0
220
0.0
230
1.0
100
AcDbArc
50
96.5381412649494
51
96.9643689997381
0
LINE
5
CC
330
70
100
AcDbEntity
67
0
8
IV_INTERIOR_PROFILES
62
256
6
ByLayer
370
-1
48
1.0
60
0
100
AcDbLine
10
388.614379310774
20
1425.78684525213
30
0.0
11
388.614379310774
21
1564.35090985764
31
0.0
39
0.0
210
0.0
220
0.0
230
1.0
0
ARC
5
CD
330
70
100
AcDbEntity
67
0
8
IV_INTERIOR_PROFILES
62
256
6
ByLayer
370
-1
48
1.0
60
0
100
AcDbCircle
39
0.0
10
486.541204707987
20
599.965359490654
30
0.0
40
832.118042945426
210
0.0
220
0.0
230
1.0
100
AcDbArc
50
82.947047276031
51
83.3806918600657
0
ARC
5
CE
330
70
100
AcDbEntity
67
0
8
IV_INTERIOR_PROFILES
62
256
6
ByLayer
370
-1
48
1.0
60
0
100
AcDbCircle
39
0.0
10
486.871819754731
20
602.753186960212
30
0.0
40
829.310688604388
210
0.0
220
0.0
230
1.0
100
AcDbArc
50
83.3811791398647
51
83.8159088208599
0
ARC
5
CF
330
70
100
AcDbEntity
67
0
8
IV_INTERIOR_PROFILES
62
256
6
ByLayer
370
-1
48
1.0
60
0
100
AcDbCircle
39
0.0
10
487.164803808516
20
605.395013799324
30
0.0
40
826.652673599564
210
0.0
220
0.0
230
1.0
100
AcDbArc
50
83.8163727035092
51
84.2521410274475
0
ARC
5
D0
330
70
100
AcDbEntity
67
0
8
IV_INTERIOR_PROFILES
62
256
6
ByLayer
370
-1
48
1.0
60
0
100
AcDbCircle
39
0.0
10
487.422386133694
20
607.89081059726
30
0.0
40
824.143627942944
210
0.0
220
0.0
230
1.0
100
AcDbArc
50
84.2525811699874
51
84.6893409790478
0
ARC
5
D1
330
70
100
AcDbEntity
67
0
8
IV_INTERIOR_PROFILES
62
256
6
ByLayer
370
-1
48
1.0
60
0
100
AcDbCircle
39
0.0
10
487.64679897495
20
610.240547982976
30
0.0
40
821.783206118389
210
0.0
220
0.0
230
1.0
100
AcDbArc
50
84.689757052306
51
85.1274605121567
0
ARC
5
D2
330
70
100
AcDbEntity
67
0
8
IV_INTERIOR_PROFILES
62
256
6
ByLayer
370
-1
48
1.0
60
0
100
AcDbCircle
39
0.0
10
487.840277521767
20
612.444196210471
30
0.0
40
819.571087680677
210
0.0
220
0.0
230
1.0
100
AcDbArc
50
85.127852201309
51
85.5664508292978
0
ARC
5
D3
330
70
100
AcDbEntity
67
0
8
IV_INTERIOR_PROFILES
62
256
6
ByLayer
370
-1
48
1.0
60
0
100
AcDbCircle
39
0.0
10
488.005059953645
20
614.501725577874
30
0.0
40
817.506977010817
210
0.0
220
0.0
230
1.0
100
AcDbArc
50
85.5668178344182
51
86.0062625290695
0
ARC
5
D4
330
70
100
AcDbEntity
67
0
8
IV_INTERIOR_PROFILES
62
256
6
ByLayer
370
-1
48
1.0
60
0
100
AcDbCircle
39
0.0
10
488.143387415825
20
616.413106089207
30
0.0
40
815.590603825614
210
0.0
220
0.0
230
1.0
100
AcDbArc
50
86.0066045656282
51
86.4468456370025
0
ARC
5
D5
330
70
100
AcDbEntity
67
0
8
IV_INTERIOR_PROFILES
62
256
6
ByLayer
370
-1
48
1.0
60
0
100
AcDbCircle
39
0.0
10
488.257504047194
20
618.178307738432
30
0.0
40
813.821723056319
210
0.0
220
0.0
230
1.0
100
AcDbArc
50
86.4471624363757
51
86.8881496375827
0
ARC
5
D6
330
70
100
AcDbEntity
67
0
8
IV_INTERIOR_PROFILES
62
256
6
ByLayer
370
-1
48
1.0
60
0
100
AcDbCircle
39
0.0
10
488.349656972833
20
619.797300360728
30
0.0
40
812.200115154859
210
0.0
220
0.0
230
1.0
100
AcDbArc
50
86.8884409474784
51
87.3301235070659
0
ARC
5
D7
330
70
100
AcDbEntity
67
0
8
IV_INTERIOR_PROFILES
62
256
6
ByLayer
370
-1
48
1.0
60
0
100
AcDbCircle
39
0.0
10
488.422096307909
20
621.270053579837
30
0.0
40
810.725586296698
210
0.0
220
0.0
230
1.0
100
AcDbArc
50
87.3303890920031
51
87.7727157472246
0
ARC
5
D8
330
70
100
AcDbEntity
67
0
8
IV_INTERIOR_PROFILES
62
256
6
ByLayer
370
-1
48
1.0
60
0
100
AcDbCircle
39
0.0
10
488.477075169592
20
622.596536920894
30
0.0
40
809.397968411149
210
0.0
220
0.0
230
1.0
100
AcDbArc
50
87.7729553889543
51
88.2158744199524
0
ARC
5
D9
330
70
100
AcDbEntity
67
0
8
IV_INTERIOR_PROFILES
62
256
6
ByLayer
370
-1
48
1.0
60
0
100
AcDbCircle
39
0.0
10
488.516849682104
20
623.776719859457
30
0.0
40
808.217119268683
210
0.0
220
0.0
230
1.0
100
AcDbArc
50
88.2160879178143
51
88.659547182634
0
ARC
5
DA
330
70
100
AcDbEntity
67
0
8
IV_INTERIOR_PROFILES
62
256
6
ByLayer
370
-1
48
1.0
60
0
100
AcDbCircle
39
0.0
10
488.543678973019
20
624.810571540251
30
0.0
40
807.18292289142
210
0.0
220
0.0
230
1.0
100
AcDbArc
50
88.6597343539461
51
89.1036813241377
0
ARC
5
DB
330
70
100
AcDbEntity
67
0
8
IV_INTERIOR_PROFILES
62
256
6
ByLayer
370
-1
48
1.0
60
0
100
AcDbCircle
39
0.0
10
488.559825191016
20
625.698061203205
30
0.0
40
806.295289248715
210
0.0
220
0.0
230
1.0
100
AcDbArc
50
89.1038420045197
51
89.5482238016613
0
ARC
5
DC
330
70
100
AcDbEntity
67
0
8
IV_INTERIOR_PROFILES
62
256
6
ByLayer
370
-1
48
1.0
60
0
100
AcDbCircle
39
0.0
10
488.567553500234
20
626.439157730933
30
0.0
40
805.5541548242
210
0.0
220
0.0
230
1.0
100
AcDbArc
50
89.548357845329
51
89.9931212779249
0
ARC
5
DD
330
70
100
AcDbEntity
67
0
8
IV_INTERIOR_PROFILES
62
256
6
ByLayer
370
-1
48
1.0
60
0
100
AcDbCircle
39
0.0
10
488.569132092631
20
627.033830035072
30
0.0
40
804.959482336237
210
0.0
220
0.0
230
1.0
100
AcDbArc
50
89.9932285579777
51
90.4383201591294
0
ARC
5
DE
330
70
100
AcDbEntity
67
0
8
IV_INTERIOR_PROFILES
62
256
6
ByLayer
370
-1
48
1.0
60
0
100
AcDbCircle
39
0.0
10
488.566832189323
20
627.482046828697
30
0.0
40
804.511261064783
210
0.0
220
0.0
230
1.0
100
AcDbArc
50
90.438400567753
51
90.8837666332001
0
ARC
5
DF
330
70
100
AcDbEntity
67
0
8
IV_INTERIOR_PROFILES
62
256
6
ByLayer
370
-1
48
1.0
60
0
100
AcDbCircle
39
0.0
10
488.562928046807
20
627.783776704492
30
0.0
40
804.209506864732
210
0.0
220
0.0
230
1.0
100
AcDbArc
50
90.8838200818888
51
91.3294067085218
0
ARC
5
E0
330
70
100
AcDbEntity
67
0
8
IV_INTERIOR_PROFILES
62
256
6
ByLayer
370
-1
48
1.0
60
0
100
AcDbCircle
39
0.0
10
488.559696962009
20
627.938988114989
30
0.0
40
804.054262269435
210
0.0
220
0.0
230
1.0
100
AcDbArc
50
91.3294331282372
51
91.7751862529592
0
ARC
5
E1
330
70
100
AcDbEntity
67
0
8
IV_INTERIOR_PROFILES
62
256
6
ByLayer
370
-1
48
1.0
60
0
100
AcDbCircle
39
0.0
10
488.559419278391
20
627.947649352683
30
0.0
40
804.045596586475
210
0.0
220
0.0
230
1.0
100
AcDbArc
50
91.7751855942736
51
92.22105103314
0
ARC
5
E2
330
70
100
AcDbEntity
67
0
8
IV_INTERIOR_PROFILES
62
256
6
ByLayer
370
-1
48
1.0
60
0
100
AcDbCircle
39
0.0
10
488.564378389071
20
627.809728622817
30
0.0
40
804.183605892849
210
0.0
220
0.0
230
1.0
100
AcDbArc
50
92.2210232663318
51
92.6669467539512
0
ARC
5
E3
330
70
100
AcDbEntity
67
0
8
IV_INTERIOR_PROFILES
62
256
6
ByLayer
370
-1
48
1.0
60
0
100
AcDbCircle
39
0.0
10
488.576860741905
20
627.525194007293
30
0.0
40
804.468413131033
210
0.0
220
0.0
230
1.0
100
AcDbArc
50
92.6668918690453
51
93.1128190981078
0
ARC
5
E4
330
70
100
AcDbEntity
67
0
8
IV_INTERIOR_PROFILES
62
256
6
ByLayer
370
-1
48
1.0
60
0
100
AcDbCircle
39
0.0
10
488.599155848194
20
627.094013397489
30
0.0
40
804.90016822826
210
0.0
220
0.0
230
1.0
100
AcDbArc
50
93.1127371049161
51
93.5586137657605
0
ARC
5
E5
330
70
100
AcDbEntity
67
0
8
IV_INTERIOR_PROFILES
62
256
6
ByLayer
370
-1
48
1.0
60
0
100
AcDbCircle
39
0.0
10
488.62916201982
20
626.472292670696
30
0.0
40
805.522552685126
210
0.0
220
0.0
230
1.0
100
AcDbArc
50
93.5579990967794
51
94.0037465754473
0
ARC
5
E6
330
70
100
AcDbEntity
67
0
8
IV_INTERIOR_PROFILES
62
256
6
ByLayer
370
-1
48
1.0
60
0
100
AcDbCircle
39
0.0
10
489.222570466934
20
617.636395554643
30
0.0
40
814.378318849357
210
0.0
220
0.0
230
1.0
100
AcDbArc
50
94.0019893007018
51
94.4431274177304
0
ARC
5
E7
330
70
100
AcDbEntity
67
0
8
IV_INTERIOR_PROFILES
62
256
6
ByLayer
370
-1
48
1.0
60
0
100
AcDbCircle
39
0.0
10
489.463225760484
20
614.432468862392
30
0.0
40
817.591260339718
210
0.0
220
0.0
230
1.0
100
AcDbArc
50
94.4425475474096
51
94.8822142227153
0
ARC
5
E8
330
70
100
AcDbEntity
67
0
8
IV_INTERIOR_PROFILES
62
256
6
ByLayer
370
-1
48
1.0
60
0
100
AcDbCircle
39
0.0
10
489.741452137472
20
611.073589643441
30
0.0
40
820.961631983936
210
0.0
220
0.0
230
1.0
100
AcDbArc
50
94.8816105751276
51
95.3197584047065
0
ARC
5
E9
330
70
100
AcDbEntity
67
0
8
IV_INTERIOR_PROFILES
62
256
6
ByLayer
370
-1
48
1.0
60
0
100
AcDbCircle
39
0.0
10
490.059578675372
20
607.559796373863
30
0.0
40
824.489785410083
210
0.0
220
0.0
230
1.0
100
AcDbArc
50
95.3191314873688
51
95.7557141130198
0
ARC
5
EA
330
70
100
AcDbEntity
67
0
8
IV_INTERIOR_PROFILES
62
256
6
ByLayer
370
-1
48
1.0
60
0
100
AcDbCircle
39
0.0
10
490.419925826581
20
603.891125628104
30
0.0
40
828.176098923578
210
0.0
220
0.0
230
1.0
100
AcDbArc
50
95.7550644439773
51
96.1900365742497
0
ARC
5
EB
330
70
100
AcDbEntity
67
0
8
IV_INTERIOR_PROFILES
62
256
6
ByLayer
370
-1
48
1.0
60
0
100
AcDbCircle
39
0.0
10
490.824805493071
20
600.06761195818
30
0.0
40
832.020977279426
210
0.0
220
0.0
230
1.0
100
AcDbArc
50
96.1893646811881
51
96.6226821105737
0
ARC
5
EC
330
70
100
AcDbEntity
67
0
8
IV_INTERIOR_PROFILES
62
256
6
ByLayer
370
-1
48
1.0
60
0
100
AcDbCircle
39
0.0
10
491.276521111926
20
596.089287725347
30
0.0
40
836.024851499712
210
0.0
220
0.0
230
1.0
100
AcDbArc
50
96.6219885300064
51
97.053608156352
0
LINE
5
ED
330
70
100
AcDbEntity
67
0
8
IV_INTERIOR_PROFILES
62
256
6
ByLayer
370
-1
48
1.0
60
0
100
AcDbLine
10
588.714151469988
20
1564.35090985764
30
0.0
11
588.714151469988
21
1425.78684525213
31
0.0
39
0.0
210
0.0
220
0.0
230
1.0
0
LINE
5
EE
330
70
100
AcDbEntity
67
0
8
IV_OUTER_PROFILE
62
256
6
ByLayer
370
-1
48
1.0
60
0
100
AcDbLine
10
0.0000001000004068
20
1832.0000001
30
0.0
11
2931.17115140013
21
1832.0000001
31
0.0
39
0.0
210
0.0
220
0.0
230
1.0
0
LINE
5
EF
330
70
100
AcDbEntity
67
0
8
IV_OUTER_PROFILE
62
256
6
ByLayer
370
-1
48
1.0
60
0
100
AcDbLine
10
0.0000001
20
0.0000001000006478
30
0.0
11
2931.17115140013
21
0.0000001000000793
31
0.0
39
0.0
210
0.0
220
0.0
230
1.0
0
LINE
5
F0
330
70
100
AcDbEntity
67
0
8
IV_OUTER_PROFILE
62
256
6
ByLayer
370
-1
48
1.0
60
0
100
AcDbLine
10
0.0000001000004068
20
1832.0000001
30
0.0
11
0.0000001
21
0.0000001000006478
31
0.0
39
0.0
210
0.0
220
0.0
230
1.0
0
LINE
5
F1
330
70
100
AcDbEntity
67
0
8
IV_OUTER_PROFILE
62
256
6
ByLayer
370
-1
48
1.0
60
0
100
AcDbLine
10
2931.17115140013
20
1832.0000001
30
0.0
11
2931.17115140013
21
0.0000001000000793
31
0.0
39
0.0
210
0.0
220
0.0
230
1.0
0
ARC
5
F2
330
70
100
AcDbEntity
67
0
8
0
62
256
6
ByLayer
370
-1
48
1.0
60
0
100
AcDbCircle
39
0.0
10
554.431471983678
20
417.499811701427
30
0.0
40
216.769511001988
210
0.0
220
0.0
230
1.0
100
AcDbArc
50
359.744112185936
51
0.0000497968697477
0
ARC
5
F3
330
70
100
AcDbEntity
67
0
8
0
62
256
6
ByLayer
370
-1
48
1.0
60
0
100
AcDbCircle
39
0.0
10
553.926107727176
20
417.501317488896
30
0.0
40
217.274876944773
210
0.0
220
0.0
230
1.0
100
AcDbArc
50
359.488748566702
51
359.744310283936
0
ARC
5
F4
330
70
100
AcDbEntity
67
0
8
0
62
256
6
ByLayer
370
-1
48
1.0
60
0
100
AcDbCircle
39
0.0
10
553.429984592606
20
417.505008102667
30
0.0
40
217.771013260969
210
0.0
220
0.0
230
1.0
100
AcDbArc
50
359.233745559241
51
359.48894231206
0
ARC
5
F5
330
70
100
AcDbEntity
67
0
8
0
62
256
6
ByLayer
370
-1
48
1.0
60
0
100
AcDbCircle
39
0.0
10
552.943186255251
20
417.510797179179
30
0.0
40
218.257845485892
210
0.0
220
0.0
230
1.0
100
AcDbArc
50
358.979092294222
51
359.233934969518
0
ARC
5
F6
330
70
100
AcDbEntity
67
0
8
0
62
256
6
ByLayer
370
-1
48
1.0
60
0
100
AcDbCircle
39
0.0
10
552.465792965334
20
417.518597636464
30
0.0
40
218.735301978327
210
0.0
220
0.0
230
1.0
100
AcDbArc
50
358.724777945
51
358.979277387184
0
ARC
5
F7
330
70
100
AcDbEntity
67
0
8
0
62
256
6
ByLayer
370
-1
48
1.0
60
0
100
AcDbCircle
39
0.0
10
551.997881282081
20
417.528321729459
30
0.0
40
219.203314183195
210
0.0
220
0.0
230
1.0
100
AcDbArc
50
358.470791727879
51
358.724958738519
0
ARC
5
F8
330
70
100
AcDbEntity
67
0
8
0
62
256
6
ByLayer
370
-1
48
1.0
60
0
100
AcDbCircle
39
0.0
10
551.539524409434
20
417.53988109446
30
0.0
40
219.661816292933
210
0.0
220
0.0
230
1.0
100
AcDbArc
50
358.217122902038
51
358.470968239933
0
ARC
5
F9
330
70
100
AcDbEntity
67
0
8
0
62
256
6
ByLayer
370
-1
48
1.0
60
0
100
AcDbCircle
39
0.0
10
551.090791911311
20
417.553186804899
30
0.0
40
220.110745529919
210
0.0
220
0.0
230
1.0
100
AcDbArc
50
357.963760769809
51
358.21729515077
0
ARC
5
FA
330
70
100
AcDbEntity
67
0
8
0
62
256
6
ByLayer
370
-1
48
1.0
60
0
100
AcDbCircle
39
0.0
10
550.651749737001
20
417.568149422451
30
0.0
40
220.550042119205
210
0.0
220
0.0
230
1.0
100
AcDbArc
50
357.710694676809
51
357.963928773499
0
ARC
5
FB
330
70
100
AcDbEntity
67
0
8
0
62
256
6
ByLayer
370
-1
48
1.0
60
0
100
AcDbCircle
39
0.0
10
550.222460256907
20
417.584679047258
30
0.0
40
220.979649251359
210
0.0
220
0.0
230
1.0
100
AcDbArc
50
357.457914011895
51
357.71085845375
0
ARC
5
FC
330
70
100
AcDbEntity
67
0
8
0
62
256
6
ByLayer
370
-1
48
1.0
60
0
100
AcDbCircle
39
0.0
10
549.802982322924
20
417.60268536488
30
0.0
40
221.399513021054
210
0.0
220
0.0
230
1.0
100
AcDbArc
50
357.205408207327
51
357.45807358057
0
ARC
5
FD
330
70
100
AcDbEntity
67
0
8
0
62
256
6
ByLayer
370
-1
48
1.0
60
0
100
AcDbCircle
39
0.0
10
549.393370932441
20
417.622077712239
30
0.0
40
221.809582762918
210
0.0
220
0.0
230
1.0
100
AcDbArc
50
356.953166738975
51
357.20556358627
0
ARC
5
FE
330
70
100
AcDbEntity
67
0
8
0
62
256
6
ByLayer
370
-1
48
1.0
60
0
100
AcDbCircle
39
0.0
10
548.993677741744
20
417.642765104904
30
0.0
40
222.209810537599
210
0.0
220
0.0
230
1.0
100
AcDbArc
50
356.70117912608
51
356.953317946797
0
ARC
5
FF
330
70
100
AcDbEntity
67
0
8
0
62
256
6
ByLayer
370
-1
48
1.0
60
0
100
AcDbCircle
39
0.0
10
548.603950474065
20
417.664656316445
30
0.0
40
222.600151724863
210
0.0
220
0.0
230
1.0
100
AcDbArc
50
356.449434931709
51
356.701326181535
0
ARC
5
100
330
70
100
AcDbEntity
67
0
8
0
62
256
6
ByLayer
370
-1
48
1.0
60
0
100
AcDbCircle
39
0.0
10
548.224233361762
20
417.687659907226
30
0.0
40
222.980564581791
210
0.0
220
0.0
230
1.0
100
AcDbArc
50
356.197923762505
51
356.449577853574
0
ARC
5
101
330
70
100
AcDbEntity
67
0
8
0
62
256
6
ByLayer
370
-1
48
1.0
60
0
100
AcDbCircle
39
0.0
10
547.854566923409
20
417.711684286709
30
0.0
40
223.351010467382
210
0.0
220
0.0
230
1.0
100
AcDbArc
50
355.946635268879
51
356.198062569659
0
ARC
5
102
330
70
100
AcDbEntity
67
0
8
0
62
256
6
ByLayer
370
-1
48
1.0
60
0
100
AcDbCircle
39
0.0
10
547.494988060074
20
417.736637758174
30
0.0
40
223.71145374792
210
0.0
220
0.0
230
1.0
100
AcDbArc
50
355.695559145012
51
355.94676998032
0
ARC
5
103
330
70
100
AcDbEntity
67
0
8
0
62
256
6
ByLayer
370
-1
48
1.0
60
0
100
AcDbCircle
39
0.0
10
547.145529916093
20
417.762428579153
30
0.0
40
224.061861938847
210
0.0
220
0.0
230
1.0
100
AcDbArc
50
355.44468512896
51
355.69568977982
0
ARC
5
104
330
70
100
AcDbEntity
67
0
8
0
62
256
6
ByLayer
370
-1
48
1.0
60
0
100
AcDbCircle
39
0.0
10
546.806221875734
20
417.788965014127
30
0.0
40
224.402205710997
210
0.0
220
0.0
230
1.0
100
AcDbArc
50
355.194003002722
51
355.444811706231
0
ARC
5
105
330
70
100
AcDbEntity
67
0
8
0
62
256
6
ByLayer
370
-1
48
1.0
60
0
100
AcDbCircle
39
0.0
10
546.4770899139
20
417.816155356946
30
0.0
40
224.732458541978
210
0.0
220
0.0
230
1.0
100
AcDbArc
50
354.94350259204
51
355.194125541629
0
ARC
5
106
330
70
100
AcDbEntity
67
0
8
0
62
256
6
ByLayer
370
-1
48
1.0
60
0
100
AcDbCircle
39
0.0
10
546.158156021388
20
417.843908027539
30
0.0
40
225.052597296432
210
0.0
220
0.0
230
1.0
100
AcDbArc
50
354.693173766811
51
354.943621111858
0
ARC
5
107
330
70
100
AcDbEntity
67
0
8
0
62
256
6
ByLayer
370
-1
48
1.0
60
0
100
AcDbCircle
39
0.0
10
545.849438758673
20
417.872131576811
30
0.0
40
225.362601674483
210
0.0
220
0.0
230
1.0
100
AcDbArc
50
354.443006440766
51
354.693288286835
0
ARC
5
108
330
70
100
AcDbEntity
67
0
8
0
62
256
6
ByLayer
370
-1
48
1.0
60
0
100
AcDbCircle
39
0.0
10
545.550952999956
20
417.900734757257
30
0.0
40
225.66245447303
210
0.0
220
0.0
230
1.0
100
AcDbArc
50
354.192990571676
51
354.443116980454
0
ARC
5
109
330
70
100
AcDbEntity
67
0
8
0
62
256
6
ByLayer
370
-1
48
1.0
60
0
100
AcDbCircle
39
0.0
10
545.262709646112
20
417.929626603591
30
0.0
40
225.952141879366
210
0.0
220
0.0
230
1.0
100
AcDbArc
50
353.943116161569
51
354.193097150485
0
ARC
5
10A
330
70
100
AcDbEntity
67
0
8
0
62
256
6
ByLayer
370
-1
48
1.0
60
0
100
AcDbCircle
39
0.0
10
544.984716405162
20
417.958716405765
30
0.0
40
226.231652692341
210
0.0
220
0.0
230
1.0
100
AcDbArc
50
353.693373256267
51
353.943218798964
0
ARC
5
10B
330
70
100
AcDbEntity
67
0
8
0
62
256
6
ByLayer
370
-1
48
1.0
60
0
100
AcDbCircle
39
0.0
10
544.716977053759
20
417.987913832027
30
0.0
40
226.500979070334
210
0.0
220
0.0
230
1.0
100
AcDbArc
50
353.443751945933
51
353.693471971906
0
ARC
5
10C
330
70
100
AcDbEntity
67
0
8
0
62
256
6
ByLayer
370
-1
48
1.0
60
0
100
AcDbCircle
39
0.0
10
544.45949187377
20
418.017128934794
30
0.0
40
226.76011609875
210
0.0
220
0.0
230
1.0
100
AcDbArc
50
353.19424236476
51
353.443846759465
0
ARC
5
10D
330
70
100
AcDbEntity
67
0
8
0
62
256
6
ByLayer
370
-1
48
1.0
60
0
100
AcDbCircle
39
0.0
10
544.212257382588
20
418.046272229945
30
0.0
40
227.009062068042
210
0.0
220
0.0
230
1.0
100
AcDbArc
50
352.944834691317
51
353.194333295965
0
ARC
5
10E
330
70
100
AcDbEntity
67
0
8
0
62
256
6
ByLayer
370
-1
48
1.0
60
0
100
AcDbCircle
39
0.0
10
543.975266604107
20
418.075254716573
30
0.0
40
227.247818208249
210
0.0
220
0.0
230
1.0
100
AcDbArc
50
352.69551914828
51
352.944921759908
0
ARC
5
10F
330
70
100
AcDbEntity
67
0
8
0
62
256
6
ByLayer
370
-1
48
1.0
60
0
100
AcDbCircle
39
0.0
10
543.748509051979
20
418.103987926167
30
0.0
40
227.476388713148
210
0.0
220
0.0
230
1.0
100
AcDbArc
50
352.446286002611
51
352.695602374112
0
ARC
5
110
330
70
100
AcDbEntity
67
0
8
0
62
256
6
ByLayer
370
-1
48
1.0
60
0
100
AcDbCircle
39
0.0
10
543.531970655678
20
418.132383980607
30
0.0
40
227.694780822677
210
0.0
220
0.0
230
1.0
100
AcDbArc
50
352.197125565655
51
352.446365405702
0
ARC
5
111
330
70
100
AcDbEntity
67
0
8
0
62
256
6
ByLayer
370
-1
48
1.0
60
0
100
AcDbCircle
39
0.0
10
543.325633618081
20
418.160355662186
30
0.0
40
227.903004975237
210
0.0
220
0.0
230
1.0
100
AcDbArc
50
351.948028193216
51
352.197201166003
0
ARC
5
112
330
70
100
AcDbEntity
67
0
8
0
62
256
6
ByLayer
370
-1
48
1.0
60
0
100
AcDbCircle
39
0.0
10
543.129476772689
20
418.187816415394
30
0.0
40
228.10107445619
210
0.0
220
0.0
230
1.0
100
AcDbArc
50
351.698984285495
51
351.948100010837
0
ARC
5
113
330
70
100
AcDbEntity
67
0
8
0
62
256
6
ByLayer
370
-1
48
1.0
60
0
100
AcDbCircle
39
0.0
10
542.943475623435
20
418.214680386891
30
0.0
40
228.289005366426
210
0.0
220
0.0
230
1.0
100
AcDbArc
50
351.44998428711
51
351.699052340562
0
ARC
5
114
330
70
100
AcDbEntity
67
0
8
0
62
256
6
ByLayer
370
-1
48
1.0
60
0
100
AcDbCircle
39
0.0
10
542.767601898008
20
418.240862538643
30
0.0
40
228.466817083284
210
0.0
220
0.0
230
1.0
100
AcDbArc
50
351.201018687471
51
351.450048599918
0
ARC
5
115
330
70
100
AcDbEntity
67
0
8
0
62
256
6
ByLayer
370
-1
48
1.0
60
0
100
AcDbCircle
39
0.0
10
542.601824096734
20
418.266278617526
30
0.0
40
228.634531716052
210
0.0
220
0.0
230
1.0
100
AcDbArc
50
350.952078020491
51
351.201079278303
0
ARC
5
116
330
70
100
AcDbEntity
67
0
8
0
62
256
6
ByLayer
370
-1
48
1.0
60
0
100
AcDbCircle
39
0.0
10
542.446107158873
20
418.290845252346
30
0.0
40
228.792174453637
210
0.0
220
0.0
230
1.0
100
AcDbArc
50
350.703152864987
51
350.952134909774
0
ARC
5
117
330
70
100
AcDbEntity
67
0
8
0
62
256
6
ByLayer
370
-1
48
1.0
60
0
100
AcDbCircle
39
0.0
10
542.300412809035
20
418.314479948424
30
0.0
40
228.939773224841
210
0.0
220
0.0
230
1.0
100
AcDbArc
50
350.454233844447
51
350.703206073151
0
ARC
5
118
330
70
100
AcDbEntity
67
0
8
0
62
256
6
ByLayer
370
-1
48
1.0
60
0
100
AcDbCircle
39
0.0
10
542.164699359262
20
418.337101164891
30
0.0
40
229.077358909648
210
0.0
220
0.0
230
1.0
100
AcDbArc
50
350.205311627403
51
350.454283392127
0
ARC
5
119
330
70
100
AcDbEntity
67
0
8
0
62
256
6
ByLayer
370
-1
48
1.0
60
0
100
AcDbCircle
39
0.0
10
542.038921714198
20
418.358628363092
30
0.0
40
229.204965345818
210
0.0
220
0.0
230
1.0
100
AcDbArc
50
349.956376927479
51
350.205357535285
0
ARC
5
11A
330
70
100
AcDbEntity
67
0
8
0
62
256
6
ByLayer
370
-1
48
1.0
60
0
100
AcDbCircle
39
0.0
10
541.923031571536
20
418.378982020023
30
0.0
40
229.322629137543
210
0.0
220
0.0
230
1.0
100
AcDbArc
50
349.707420503418
51
349.95641921629
0
ARC
5
11B
330
70
100
AcDbEntity
67
0
8
0
62
256
6
ByLayer
370
-1
48
1.0
60
0
100
AcDbCircle
39
0.0
10
541.816977406691
20
418.39808367648
30
0.0
40
229.430389683053
210
0.0
220
0.0
230
1.0
100
AcDbArc
50
349.458433159249
51
349.707459194
0
ARC
5
11C
330
70
100
AcDbEntity
67
0
8
0
62
256
6
ByLayer
370
-1
48
1.0
60
0
100
AcDbCircle
39
0.0
10
541.720704576098
20
418.415855963868
30
0.0
40
229.528289082087
210
0.0
220
0.0
230
1.0
100
AcDbArc
50
349.209405744382
51
349.458468272614
0
ARC
5
11D
330
70
100
AcDbEntity
67
0
8
0
62
256
6
ByLayer
370
-1
48
1.0
60
0
100
AcDbCircle
39
0.0
10
541.634154990948
20
418.432222711344
30
0.0
40
229.616372480776
210
0.0
220
0.0
230
1.0
100
AcDbArc
50
348.960329154011
51
349.209437301671
0
ARC
5
11E
330
70
100
AcDbEntity
67
0
8
0
62
256
6
ByLayer
370
-1
48
1.0
60
0
100
AcDbCircle
39
0.0
10
541.557267617203
20
418.447108900024
30
0.0
40
229.694687576632
210
0.0
220
0.0
230
1.0
100
AcDbArc
50
348.711194328892
51
348.960357176321
0
ARC
5
11F
330
70
100
AcDbEntity
67
0
8
0
62
256
6
ByLayer
370
-1
48
1.0
60
0
100
AcDbCircle
39
0.0
10
541.489978423152
20
418.460440714687
30
0.0
40
229.763284684892
210
0.0
220
0.0
230
1.0
100
AcDbArc
50
348.461992255699
51
348.71121883757
0
ARC
5
120
330
70
100
AcDbEntity
67
0
8
0
62
256
6
ByLayer
370
-1
48
1.0
60
0
100
AcDbCircle
39
0.0
10
541.432220107922
20
418.472145643527
30
0.0
40
229.822217029428
210
0.0
220
0.0
230
1.0
100
AcDbArc
50
348.212713967316
51
348.462013272208
0
ARC
5
121
330
70
100
AcDbEntity
67
0
8
0
62
256
6
ByLayer
370
-1
48
1.0
60
0
100
AcDbCircle
39
0.0
10
541.383922574389
20
418.482152428679
30
0.0
40
229.871540274862
210
0.0
220
0.0
230
1.0
100
AcDbArc
50
347.963350542774
51
348.212731513215
0
ARC
5
122
330
70
100
AcDbEntity
67
0
8
0
62
256
6
ByLayer
370
-1
48
1.0
60
0
100
AcDbCircle
39
0.0
10
541.345012583608
20
418.490391180695
30
0.0
40
229.911312893812
210
0.0
220
0.0
230
1.0
100
AcDbArc
50
347.713893107703
51
347.963364639774
0
ARC
5
123
330
70
100
AcDbEntity
67
0
8
0
62
256
6
ByLayer
370
-1
48
1.0
60
0
100
AcDbCircle
39
0.0
10
541.315414126028
20
418.496793345526
30
0.0
40
229.941595802724
210
0.0
220
0.0
230
1.0
100
AcDbArc
50
347.464332834376
51
347.713903777647
0
ARC
5
124
330
70
100
AcDbEntity
67
0
8
0
62
256
6
ByLayer
370
-1
48
1.0
60
0
100
AcDbCircle
39
0.0
10
541.295048217082
20
418.501291791307
30
0.0
40
229.96245258607
210
0.0
220
0.0
230
1.0
100
AcDbArc
50
347.214660942072
51
347.464340099263
0
ARC
5
125
330
70
100
AcDbEntity
67
0
8
0
62
256
6
ByLayer
370
-1
48
1.0
60
0
100
AcDbCircle
39
0.0
10
541.283833170755
20
418.503820792055
30
0.0
40
229.973949231935
210
0.0
220
0.0
230
1.0
100
AcDbArc
50
346.964868697164
51
347.214664824036
0
ARC
5
126
330
70
100
AcDbEntity
67
0
8
0
62
256
6
ByLayer
370
-1
48
1.0
60
0
100
AcDbCircle
39
0.0
10
541.28168435834
20
418.504316124529
30
0.0
40
229.97615439512
210
0.0
220
0.0
230
1.0
100
AcDbArc
50
346.714947413599
51
346.964869218508
0
ARC
5
127
330
70
100
AcDbEntity
67
0
8
0
62
256
6
ByLayer
370
-1
48
1.0
60
0
100
AcDbCircle
39
0.0
10
541.288514663675
20
418.502715006957
30
0.0
40
229.969138946409
210
0.0
220
0.0
230
1.0
100
AcDbArc
50
346.46488845288
51
346.714944596772
0
ARC
5
128
330
70
100
AcDbEntity
67
0
8
0
62
256
6
ByLayer
370
-1
48
1.0
60
0
100
AcDbCircle
39
0.0
10
541.304234090398
20
418.49895623143
30
0.0
40
229.952976392026
210
0.0
220
0.0
230
1.0
100
AcDbArc
50
346.214683224673
51
346.464882320569
0
ARC
5
129
330
70
100
AcDbEntity
67
0
8
0
62
256
6
ByLayer
370
-1
48
1.0
60
0
100
AcDbCircle
39
0.0
10
541.328750045916
20
418.492980140988
30
0.0
40
229.927742599183
210
0.0
220
0.0
230
1.0
100
AcDbArc
50
345.964323186904
51
346.214673799628
0
ARC
5
12A
330
70
100
AcDbEntity
67
0
8
0
62
256
6
ByLayer
370
-1
48
1.0
60
0
100
AcDbCircle
39
0.0
10
541.361967589431
20
418.484728608064
30
0.0
40
229.893515557274
210
0.0
220
0.0
230
1.0
100
AcDbArc
50
345.713799846039
51
345.964310492155
0
ARC
5
12B
330
70
100
AcDbEntity
67
0
8
0
62
256
6
ByLayer
370
-1
48
1.0
60
0
100
AcDbCircle
39
0.0
10
540.466872192548
20
418.712222359747
30
0.0
40
230.81706793841
210
0.0
220
0.0
230
1.0
100
AcDbArc
50
345.464277883113
51
345.713904156123
0
ARC
5
12C
330
70
100
AcDbEntity
67
0
8
0
62
256
6
ByLayer
370
-1
48
1.0
60
0
100
AcDbCircle
39
0.0
10
539.44611554347
20
418.97513675581
30
0.0
40
231.871138741891
210
0.0
220
0.0
230
1.0
100
AcDbArc
50
345.2160927591
51
345.464696543285
0
ARC
5
12D
330
70
100
AcDbEntity
67
0
8
0
62
256
6
ByLayer
370
-1
48
1.0
60
0
100
AcDbCircle
39
0.0
10
538.669046777071
20
419.179013111854
30
0.0
40
232.674506710728
210
0.0
220
0.0
230
1.0
100
AcDbArc
50
344.968522365412
51
345.21637861618
0
ARC
5
12E
330
70
100
AcDbEntity
67
0
8
0
62
256
6
ByLayer
370
-1
48
1.0
60
0
100
AcDbCircle
39
0.0
10
537.897240356131
20
419.385080963913
30
0.0
40
233.473348241455
210
0.0
220
0.0
230
1.0
100
AcDbArc
50
344.721687213848
51
344.968804782409
0
ARC
5
12F
330
70
100
AcDbEntity
67
0
8
0
62
256
6
ByLayer
370
-1
48
1.0
60
0
100
AcDbCircle
39
0.0
10
537.130880883122
20
419.593239058273
30
0.0
40
234.267473758977
210
0.0
220
0.0
230
1.0
100
AcDbArc
50
344.475578404062
51
344.721966172835
0
ARC
5
130
330
70
100
AcDbEntity
67
0
8
0
62
256
6
ByLayer
370
-1
48
1.0
60
0
100
AcDbCircle
39
0.0
10
536.370151752154
20
419.803384177661
30
0.0
40
235.056693949353
210
0.0
220
0.0
230
1.0
100
AcDbArc
50
344.23018700679
51
344.475853887902
0
ARC
5
131
330
70
100
AcDbEntity
67
0
8
0
62
256
6
ByLayer
370
-1
48
1.0
60
0
100
AcDbCircle
39
0.0
10
535.615235129492
20
420.015411166857
30
0.0
40
235.84081976964
210
0.0
220
0.0
230
1.0
100
AcDbArc
50
343.985504065097
51
344.230458998986
0
ARC
5
132
330
70
100
AcDbEntity
67
0
8
0
62
256
6
ByLayer
370
-1
48
1.0
60
0
100
AcDbCircle
39
0.0
10
534.866312056623
20
420.229212921946
30
0.0
40
236.619662330235
210
0.0
220
0.0
230
1.0
100
AcDbArc
50
343.741520595668
51
343.985772549895
0
ARC
5
133
330
70
100
AcDbEntity
67
0
8
0
62
256
6
ByLayer
370
-1
48
1.0
60
0
100
AcDbCircle
39
0.0
10
534.123561981317
20
420.444680544533
30
0.0
40
237.3930333728
210
0.0
220
0.0
230
1.0
100
AcDbArc
50
343.498227590244
51
343.741785557922
0
ARC
5
134
330
70
100
AcDbEntity
67
0
8
0
62
256
6
ByLayer
370
-1
48
1.0
60
0
100
AcDbCircle
39
0.0
10
533.38716317317
20
420.661703243824
30
0.0
40
238.160744828763
210
0.0
220
0.0
230
1.0
100
AcDbArc
50
343.255616016601
51
343.49848901538
0
ARC
5
135
330
70
100
AcDbEntity
67
0
8
0
62
256
6
ByLayer
370
-1
48
1.0
60
0
100
AcDbCircle
39
0.0
10
532.657292539279
20
420.880168408419
30
0.0
40
238.922609001504
210
0.0
220
0.0
230
1.0
100
AcDbArc
50
343.013676819777
51
343.255873890735
0
ARC
5
136
330
70
100
AcDbEntity
67
0
8
0
62
256
6
ByLayer
370
-1
48
1.0
60
0
100
AcDbCircle
39
0.0
10
531.934125122581
20
421.099961779808
30
0.0
40
239.678439081966
210
0.0
220
0.0
230
1.0
100
AcDbArc
50
342.772400923486
51
343.013931129602
0
ARC
5
137
330
70
100
AcDbEntity
67
0
8
0
62
256
6
ByLayer
370
-1
48
1.0
60
0
100
AcDbCircle
39
0.0
10
531.217834775641
20
421.320967272254
30
0.0
40
240.428048437072
210
0.0
220
0.0
230
1.0
100
AcDbArc
50
342.531779230752
51
342.772651656198
0
ARC
5
138
330
70
100
AcDbEntity
67
0
8
0
62
256
6
ByLayer
370
-1
48
1.0
60
0
100
AcDbCircle
39
0.0
10
530.508593498502
20
421.543067196379
30
0.0
40
241.171251294063
210
0.0
220
0.0
230
1.0
100
AcDbArc
50
342.291802625303
51
342.532026374141
0
ARC
5
139
330
70
100
AcDbEntity
67
0
8
0
62
256
6
ByLayer
370
-1
48
1.0
60
0
100
AcDbCircle
39
0.0
10
529.806571604018
20
421.766142234262
30
0.0
40
241.907862561128
210
0.0
220
0.0
230
1.0
100
AcDbArc
50
342.05246197245
51
342.292046167616
0
ARC
5
13A
330
70
100
AcDbEntity
67
0
8
0
62
256
6
ByLayer
370
-1
48
1.0
60
0
100
AcDbCircle
39
0.0
10
529.111937909616
20
421.990071400688
30
0.0
40
242.637697619
210
0.0
220
0.0
230
1.0
100
AcDbArc
50
341.813748119906
51
342.052701902488
0
ARC
5
13B
330
70
100
AcDbEntity
67
0
8
0
62
256
6
ByLayer
370
-1
48
1.0
60
0
100
AcDbCircle
39
0.0
10
528.42485918055
20
422.214732245686
30
0.0
40
243.360572899242
210
0.0
220
0.0
230
1.0
100
AcDbArc
50
341.575651899004
51
341.813984427047
0
ARC
5
13C
330
70
100
AcDbEntity
67
0
8
0
62
256
6
ByLayer
370
-1
48
1.0
60
0
100
AcDbCircle
39
0.0
10
527.745500209283
20
422.440000858772
30
0.0
40
244.076305796581
210
0.0
220
0.0
230
1.0
100
AcDbArc
50
341.338164125447
51
341.575884572946
0
ARC
5
13D
330
70
100
AcDbEntity
67
0
8
0
62
256
6
ByLayer
370
-1
48
1.0
60
0
100
AcDbCircle
39
0.0
10
527.074024278741
20
422.665751739354
30
0.0
40
244.784714175069
210
0.0
220
0.0
230
1.0
100
AcDbArc
50
341.101275599908
51
341.338393156377
0
ARC
5
13E
330
70
100
AcDbEntity
67
0
8
0
62
256
6
ByLayer
370
-1
48
1.0
60
0
100
AcDbCircle
39
0.0
10
526.410592177546
20
422.891858152558
30
0.0
40
245.485617401761
210
0.0
220
0.0
230
1.0
100
AcDbArc
50
340.864977109359
51
341.101500978487
0
ARC
5
13F
330
70
100
AcDbEntity
67
0
8
0
62
256
6
ByLayer
370
-1
48
1.0
60
0
100
AcDbCircle
39
0.0
10
525.755363123062
20
423.118191845912
30
0.0
40
246.178835368655
210
0.0
220
0.0
230
1.0
100
AcDbArc
50
340.629259427226
51
340.865198826572
0
ARC
5
140
330
70
100
AcDbEntity
67
0
8
0
62
256
6
ByLayer
370
-1
48
1.0
60
0
100
AcDbCircle
39
0.0
10
525.108493940244
20
423.34462335596
30
0.0
40
246.864189356208
210
0.0
220
0.0
230
1.0
100
AcDbArc
50
340.394113314637
51
340.629477474589
0
ARC
5
141
330
70
100
AcDbEntity
67
0
8
0
62
256
6
ByLayer
370
-1
48
1.0
60
0
100
AcDbCircle
39
0.0
10
524.470139328993
20
423.571021947743
30
0.0
40
247.541501748413
210
0.0
220
0.0
230
1.0
100
AcDbArc
50
340.159529520838
51
340.394327683937
0
ARC
5
142
330
70
100
AcDbEntity
67
0
8
0
62
256
6
ByLayer
370
-1
48
1.0
60
0
100
AcDbCircle
39
0.0
10
523.840451887148
20
423.797255634076
30
0.0
40
248.210596005206
210
0.0
220
0.0
230
1.0
100
AcDbArc
50
339.925498783882
51
340.159740204261
0
ARC
5
143
330
70
100
AcDbEntity
67
0
8
0
62
256
6
ByLayer
370
-1
48
1.0
60
0
100
AcDbCircle
39
0.0
10
523.219581722376
20
424.023191345008
30
0.0
40
248.871297072835
210
0.0
220
0.0
230
1.0
100
AcDbArc
50
339.692011831413
51
339.925705773946
0
ARC
5
144
330
70
100
AcDbEntity
67
0
8
0
62
256
6
ByLayer
370
-1
48
1.0
60
0
100
AcDbCircle
39
0.0
10
522.607676907075
20
424.24869479361
30
0.0
40
249.523430898491
210
0.0
220
0.0
230
1.0
100
AcDbArc
50
339.459059380969
51
339.692215120951
0
ARC
5
145
330
70
100
AcDbEntity
67
0
8
0
62
256
6
ByLayer
370
-1
48
1.0
60
0
100
AcDbCircle
39
0.0
10
522.004882838642
20
424.473630740708
30
0.0
40
250.166825110316
210
0.0
220
0.0
230
1.0
100
AcDbArc
50
339.226632140877
51
339.459258963171
0
ARC
5
146
330
70
100
AcDbEntity
67
0
8
0
62
256
6
ByLayer
370
-1
48
1.0
60
0
100
AcDbCircle
39
0.0
10
521.411342643558
20
424.697862878855
30
0.0
40
250.801308586638
210
0.0
220
0.0
230
1.0
100
AcDbArc
50
338.994720810503
51
339.226828009167
0
ARC
5
147
330
70
100
AcDbEntity
67
0
8
0
62
256
6
ByLayer
370
-1
48
1.0
60
0
100
AcDbCircle
39
0.0
10
520.827196859107
20
424.92125398291
30
0.0
40
251.426711795506
210
0.0
220
0.0
230
1.0
100
AcDbArc
50
338.763316080935
51
338.994912958624
0
ARC
5
148
330
70
100
AcDbEntity
67
0
8
0
62
256
6
ByLayer
370
-1
48
1.0
60
0
100
AcDbCircle
39
0.0
10
520.25258362564
20
425.14366586987
30
0.0
40
252.042866589532
210
0.0
220
0.0
230
1.0
100
AcDbArc
50
338.532408635258
51
338.763504502902
0
ARC
5
149
330
70
100
AcDbEntity
67
0
8
0
62
256
6
ByLayer
370
-1
48
1.0
60
0
100
AcDbCircle
39
0.0
10
519.68763823086
20
425.364959608398
30
0.0
40
252.649606695454
210
0.0
220
0.0
230
1.0
100
AcDbArc
50
338.301989149249
51
338.532593325359
0
ARC
5
14A
330
70
100
AcDbEntity
67
0
8
0
62
256
6
ByLayer
370
-1
48
1.0
60
0
100
AcDbCircle
39
0.0
10
519.1324934337
20
425.584995428788
30
0.0
40
253.246767368876
210
0.0
220
0.0
230
1.0
100
AcDbArc
50
338.072048291584
51
338.302170101968
0
ARC
5
14B
330
70
100
AcDbEntity
67
0
8
0
62
256
6
ByLayer
370
-1
48
1.0
60
0
100
AcDbCircle
39
0.0
10
518.587279297595
20
425.803632822092
30
0.0
40
253.834185575123
210
0.0
220
0.0
230
1.0
100
AcDbArc
50
337.842576724221
51
338.072225501611
0
ARC
5
14C
330
70
100
AcDbEntity
67
0
8
0
62
256
6
ByLayer
370
-1
48
1.0
60
0
100
AcDbCircle
39
0.0
10
518.052123164342
20
426.020730585241
30
0.0
40
254.411700019806
210
0.0
220
0.0
230
1.0
100
AcDbArc
50
337.613565102797
51
337.842750186531
0
ARC
5
14D
330
70
100
AcDbEntity
67
0
8
0
62
256
6
ByLayer
370
-1
48
1.0
60
0
100
AcDbCircle
39
0.0
10
517.527149390101
20
426.236146965271
30
0.0
40
254.979151437373
210
0.0
220
0.0
230
1.0
100
AcDbArc
50
337.385004077015
51
337.613734812538
0
ARC
5
14E
330
70
100
AcDbEntity
67
0
8
0
62
256
6
ByLayer
370
-1
48
1.0
60
0
100
AcDbCircle
39
0.0
10
517.012479585155
20
426.449739598986
30
0.0
40
255.536382336271
210
0.0
220
0.0
230
1.0
100
AcDbArc
50
337.156884290843
51
337.385170029522
0
ARC
5
14F
330
70
100
AcDbEntity
67
0
8
0
62
256
6
ByLayer
370
-1
48
1.0
60
0
100
AcDbCircle
39
0.0
10
516.508232318109
20
426.661365672743
30
0.0
40
256.083237323488
210
0.0
220
0.0
230
1.0
100
AcDbArc
50
336.929196382835
51
337.157046481559
0
ARC
5
150
330
70
100
AcDbEntity
67
0
8
0
62
256
6
ByLayer
370
-1
48
1.0
60
0
100
AcDbCircle
39
0.0
10
516.014523409301
20
426.870881837136
30
0.0
40
256.619562791235
210
0.0
220
0.0
230
1.0
100
AcDbArc
50
336.701930986255
51
336.929354807387
0
ARC
5
151
330
70
100
AcDbEntity
67
0
8
0
62
256
6
ByLayer
370
-1
48
1.0
60
0
100
AcDbCircle
39
0.0
10
515.531465640362
20
427.07814436604
30
0.0
40
257.145207236882
210
0.0
220
0.0
230
1.0
100
AcDbArc
50
336.475078729382
51
336.70208564051
0
ARC
5
152
330
70
100
AcDbEntity
67
0
8
0
62
256
6
ByLayer
370
-1
48
1.0
60
0
100
AcDbCircle
39
0.0
10
515.059168366972
20
427.283009365298
30
0.0
40
257.660021691727
210
0.0
220
0.0
230
1.0
100
AcDbArc
50
336.248630235929
51
336.475229609308
0
ARC
5
153
330
70
100
AcDbEntity
67
0
8
0
62
256
6
ByLayer
370
-1
48
1.0
60
0
100
AcDbCircle
39
0.0
10
514.597738268134
20
427.485332489849
30
0.0
40
258.163858911848
210
0.0
220
0.0
230
1.0
100
AcDbArc
50
336.022576124727
51
336.248777337514
0
ARC
5
154
330
70
100
AcDbEntity
67
0
8
0
62
256
6
ByLayer
370
-1
48
1.0
60
0
100
AcDbCircle
39
0.0
10
514.147278713676
20
427.684969256031
30
0.0
40
258.656574073783
210
0.0
220
0.0
230
1.0
100
AcDbArc
50
335.79690701026
51
336.022719444206
0
ARC
5
155
330
70
100
AcDbEntity
67
0
8
0
62
256
6
ByLayer
370
-1
48
1.0
60
0
100
AcDbCircle
39
0.0
10
513.707889800928
20
427.881775069831
30
0.0
40
259.138024743596
210
0.0
220
0.0
230
1.0
100
AcDbArc
50
335.571613502682
51
335.797046543922
0
ARC
5
156
330
70
100
AcDbEntity
67
0
8
0
62
256
6
ByLayer
370
-1
48
1.0
60
0
100
AcDbCircle
39
0.0
10
513.279668539693
20
428.075605185665
30
0.0
40
259.60807068259
210
0.0
220
0.0
230
1.0
100
AcDbArc
50
335.3466862078
51
335.571749246887
0
ARC
5
157
330
70
100
AcDbEntity
67
0
8
0
62
256
6
ByLayer
370
-1
48
1.0
60
0
100
AcDbCircle
39
0.0
10
512.862708380922
20
428.266314961755
30
0.0
40
260.06657437354
210
0.0
220
0.0
230
1.0
100
AcDbArc
50
335.122115727455
51
335.346818159006
0
ARC
5
158
330
70
100
AcDbEntity
67
0
8
0
62
256
6
ByLayer
370
-1
48
1.0
60
0
100
AcDbCircle
39
0.0
10
512.457099860951
20
428.453759609764
30
0.0
40
260.513400322415
210
0.0
220
0.0
230
1.0
100
AcDbArc
50
334.897892659121
51
335.122243882134
0
ARC
5
159
330
70
100
AcDbEntity
67
0
8
0
62
256
6
ByLayer
370
-1
48
1.0
60
0
100
AcDbCircle
39
0.0
10
512.062929973212
20
428.637794523733
30
0.0
40
260.94841575861
210
0.0
220
0.0
230
1.0
100
AcDbArc
50
334.674007596311
51
334.89801701394
0
ARC
5
15A
330
70
100
AcDbEntity
67
0
8
0
62
256
6
ByLayer
370
-1
48
1.0
60
0
100
AcDbCircle
39
0.0
10
511.680282071851
20
428.818275373994
30
0.0
40
261.371490754081
210
0.0
220
0.0
230
1.0
100
AcDbArc
50
334.450451128638
51
334.67412814794
0
ARC
5
15B
330
70
100
AcDbEntity
67
0
8
0
62
256
6
ByLayer
370
-1
48
1.0
60
0
100
AcDbCircle
39
0.0
10
511.309236508459
20
428.995057851868
30
0.0
40
261.782497530816
210
0.0
220
0.0
230
1.0
100
AcDbArc
50
334.22721384141
51
334.450567873748
0
ARC
5
15C
330
70
100
AcDbEntity
67
0
8
0
62
256
6
ByLayer
370
-1
48
1.0
60
0
100
AcDbCircle
39
0.0
10
510.949869778338
20
429.16799811814
30
0.0
40
262.181311416929
210
0.0
220
0.0
230
1.0
100
AcDbArc
50
334.004286316081
51
334.227326776765
0
ARC
5
15D
330
70
100
AcDbEntity
67
0
8
0
62
256
6
ByLayer
370
-1
48
1.0
60
0
100
AcDbCircle
39
0.0
10
510.602255125042
20
429.336952561861
30
0.0
40
262.567810189935
210
0.0
220
0.0
230
1.0
100
AcDbArc
50
333.781659129862
51
334.004395438425
0
ARC
5
15E
330
70
100
AcDbEntity
67
0
8
0
62
256
6
ByLayer
370
-1
48
1.0
60
0
100
AcDbCircle
39
0.0
10
510.266462016895
20
429.501778099225
30
0.0
40
262.941874671044
210
0.0
220
0.0
230
1.0
100
AcDbArc
50
333.559322855944
51
333.781764435962
0
ARC
5
15F
330
70
100
AcDbEntity
67
0
8
0
62
256
6
ByLayer
370
-1
48
1.0
60
0
100
AcDbCircle
39
0.0
10
509.942556686405
20
429.66233195683
30
0.0
40
263.303388138425
210
0.0
220
0.0
230
1.0
100
AcDbArc
50
333.337268063087
51
333.55942434256
0
ARC
5
160
330
70
100
AcDbEntity
67
0
8
0
62
256
6
ByLayer
370
-1
48
1.0
60
0
100
AcDbCircle
39
0.0
10
509.630601400133
20
429.81847207895
30
0.0
40
263.652237155431
210
0.0
220
0.0
230
1.0
100
AcDbArc
50
333.115485315922
51
333.337365727015
0
ARC
5
161
330
70
100
AcDbEntity
67
0
8
0
62
256
6
ByLayer
370
-1
48
1.0
60
0
100
AcDbCircle
39
0.0
10
509.330655011088
20
429.970056902842
30
0.0
40
263.98831096941
210
0.0
220
0.0
230
1.0
100
AcDbArc
50
332.893965174573
51
333.115579153917
0
ARC
5
162
330
70
100
AcDbEntity
67
0
8
0
62
256
6
ByLayer
370
-1
48
1.0
60
0
100
AcDbCircle
39
0.0
10
509.04277288826
20
430.116945438562
30
0.0
40
264.311501604133
210
0.0
220
0.0
230
1.0
100
AcDbArc
50
332.672698194479
51
332.894055183448
0
ARC
5
163
330
70
100
AcDbEntity
67
0
8
0
62
256
6
ByLayer
370
-1
48
1.0
60
0
100
AcDbCircle
39
0.0
10
508.767006083556
20
430.258997745541
30
0.0
40
264.62170481216
210
0.0
220
0.0
230
1.0
100
AcDbArc
50
332.451674926765
51
332.672784371014
0
ARC
5
164
330
70
100
AcDbEntity
67
0
8
0
62
256
6
ByLayer
370
-1
48
1.0
60
0
100
AcDbCircle
39
0.0
10
508.503402723398
20
430.396074268979
30
0.0
40
264.918818527729
210
0.0
220
0.0
230
1.0
100
AcDbArc
50
332.230885917289
51
332.451757267636
0
ARC
5
165
330
70
100
AcDbEntity
67
0
8
0
62
256
6
ByLayer
370
-1
48
1.0
60
0
100
AcDbCircle
39
0.0
10
508.252006472509
20
430.52803668274
30
0.0
40
265.202744612685
210
0.0
220
0.0
230
1.0
100
AcDbArc
50
332.01032170731
51
332.230964419209
0
ARC
5
166
330
70
100
AcDbEntity
67
0
8
0
62
256
6
ByLayer
370
-1
48
1.0
60
0
100
AcDbCircle
39
0.0
10
508.012857790762
20
430.654747287326
30
0.0
40
265.473387458061
210
0.0
220
0.0
230
1.0
100
AcDbArc
50
331.789972832612
51
332.010396366846
0
ARC
5
167
330
70
100
AcDbEntity
67
0
8
0
62
256
6
ByLayer
370
-1
48
1.0
60
0
100
AcDbCircle
39
0.0
10
507.785993276336
20
430.776069401217
30
0.0
40
265.730654742155
210
0.0
220
0.0
230
1.0
100
AcDbArc
50
331.569829823645
51
331.790043646432
0
ARC
5
168
330
70
100
AcDbEntity
67
0
8
0
62
256
6
ByLayer
370
-1
48
1.0
60
0
100
AcDbCircle
39
0.0
10
507.762349791812
20
430.787255015929
30
0.0
40
265.756772108539
210
0.0
220
0.0
230
1.0
100
AcDbArc
50
331.349941699997
51
331.570135915749
0
ARC
5
169
330
70
100
AcDbEntity
67
0
8
0
62
256
6
ByLayer
370
-1
48
1.0
60
0
100
AcDbCircle
39
0.0
10
505.034889558624
20
432.273006119054
30
0.0
40
268.862650554064
210
0.0
220
0.0
230
1.0
100
AcDbArc
50
331.133110324096
51
331.350764790505
0
ARC
5
16A
330
70
100
AcDbEntity
67
0
8
0
62
256
6
ByLayer
370
-1
48
1.0
60
0
100
AcDbCircle
39
0.0
10
504.285681870762
20
432.684791856624
30
0.0
40
269.717564870412
210
0.0
220
0.0
230
1.0
100
AcDbArc
50
330.916372586749
51
331.133339965948
0
ARC
5
16B
330
70
100
AcDbEntity
67
0
8
0
62
256
6
ByLayer
370
-1
48
1.0
60
0
100
AcDbCircle
39
0.0
10
503.54597958773
20
433.095008088976
30
0.0
40
270.563399187349
210
0.0
220
0.0
230
1.0
100
AcDbArc
50
330.700308585345
51
330.916598357608
0
ARC
5
16C
330
70
100
AcDbEntity
67
0
8
0
62
256
6
ByLayer
370
-1
48
1.0
60
0
100
AcDbCircle
39
0.0
10
502.815978422353
20
433.503455237023
30
0.0
40
271.399897646942
210
0.0
220
0.0
230
1.0
100
AcDbArc
50
330.484908810601
51
330.700530474129
0
ARC
5
16D
330
70
100
AcDbEntity
67
0
8
0
62
256
6
ByLayer
370
-1
48
1.0
60
0
100
AcDbCircle
39
0.0
10
502.095872127816
20
433.909931982897
30
0.0
40
272.226804746222
210
0.0
220
0.0
230
1.0
100
AcDbArc
50
330.270163736289
51
330.48512680653
0
ARC
5
16E
330
70
100
AcDbEntity
67
0
8
0
62
256
6
ByLayer
370
-1
48
1.0
60
0
100
AcDbCircle
39
0.0
10
501.385852639393
20
434.314235212371
30
0.0
40
273.043865170847
210
0.0
220
0.0
230
1.0
100
AcDbArc
50
330.056063819553
51
330.270377828767
0
ARC
5
16F
330
70
100
AcDbEntity
67
0
8
0
62
256
6
ByLayer
370
-1
48
1.0
60
0
100
AcDbCircle
39
0.0
10
500.686110178159
20
434.716159974029
30
0.0
40
273.850823670337
210
0.0
220
0.0
230
1.0
100
AcDbArc
50
329.842599501224
51
330.05627399824
0
ARC
5
170
330
70
100
AcDbEntity
67
0
8
0
62
256
6
ByLayer
370
-1
48
1.0
60
0
100
AcDbCircle
39
0.0
10
499.996832715426
20
435.115499806714
30
0.0
40
274.647425671302
210
0.0
220
0.0
230
1.0
100
AcDbArc
50
329.629761206522
51
329.842805756117
0
ARC
5
171
330
70
100
AcDbEntity
67
0
8
0
62
256
6
ByLayer
370
-1
48
1.0
60
0
100
AcDbCircle
39
0.0
10
499.318206190022
20
435.512046640354
30
0.0
40
275.433417025578
210
0.0
220
0.0
230
1.0
100
AcDbArc
50
329.417539345119
51
329.629963527703
0
ARC
5
172
330
70
100
AcDbEntity
67
0
8
0
62
256
6
ByLayer
370
-1
48
1.0
60
0
100
AcDbCircle
39
0.0
10
498.650414403485
20
435.905590879043
30
0.0
40
276.208544128685
210
0.0
220
0.0
230
1.0
100
AcDbArc
50
329.205924311591
51
329.417737722898
0
ARC
5
173
330
70
100
AcDbEntity
67
0
8
0
62
256
6
ByLayer
370
-1
48
1.0
60
0
100
AcDbCircle
39
0.0
10
497.993639055372
20
436.295921403956
30
0.0
40
276.97255387709
210
0.0
220
0.0
230
1.0
100
AcDbArc
50
328.994906485501
51
329.206118736415
0
ARC
5
174
330
70
100
AcDbEntity
67
0
8
0
62
256
6
ByLayer
370
-1
48
1.0
60
0
100
AcDbCircle
39
0.0
10
497.348059358304
20
436.682825826436
30
0.0
40
277.725194114778
210
0.0
220
0.0
230
1.0
100
AcDbArc
50
328.784476231887
51
328.99509694803
0
ARC
5
175
330
70
100
AcDbEntity
67
0
8
0
62
256
6
ByLayer
370
-1
48
1.0
60
0
100
AcDbCircle
39
0.0
10
496.713852250086
20
437.066090389639
30
0.0
40
278.466213387263
210
0.0
220
0.0
230
1.0
100
AcDbArc
50
328.574623901241
51
328.78466272285
0
ARC
5
176
330
70
100
AcDbEntity
67
0
8
0
62
256
6
ByLayer
370
-1
48
1.0
60
0
100
AcDbCircle
39
0.0
10
496.091192204107
20
437.445500108941
30
0.0
40
279.19536116315
210
0.0
220
0.0
230
1.0
100
AcDbArc
50
328.365339829693
51
328.574806411435
0
ARC
5
177
330
70
100
AcDbEntity
67
0
8
0
62
256
6
ByLayer
370
-1
48
1.0
60
0
100
AcDbCircle
39
0.0
10
495.480251287591
20
437.820838763325
30
0.0
40
279.912387766746
210
0.0
220
0.0
230
1.0
100
AcDbArc
50
328.156614339152
51
328.365518350086
0
ARC
5
178
330
70
100
AcDbEntity
67
0
8
0
62
256
6
ByLayer
370
-1
48
1.0
60
0
100
AcDbCircle
39
0.0
10
494.881198907732
20
438.191889079963
30
0.0
40
280.617044677962
210
0.0
220
0.0
230
1.0
100
AcDbArc
50
327.948437737325
51
328.156788860742
0
ARC
5
179
330
70
100
AcDbEntity
67
0
8
0
62
256
6
ByLayer
370
-1
48
1.0
60
0
100
AcDbCircle
39
0.0
10
494.29420174949
20
438.55843280355
30
0.0
40
281.309084608842
210
0.0
220
0.0
230
1.0
100
AcDbArc
50
327.740800317892
51
327.948608251202
0
ARC
5
17A
330
70
100
AcDbEntity
67
0
8
0
62
256
6
ByLayer
370
-1
48
1.0
60
0
100
AcDbCircle
39
0.0
10
493.719423837792
20
438.920250689279
30
0.0
40
281.988261434381
210
0.0
220
0.0
230
1.0
100
AcDbArc
50
327.533692360336
51
327.740966815107
0
ARC
5
17B
330
70
100
AcDbEntity
67
0
8
0
62
256
6
ByLayer
370
-1
48
1.0
60
0
100
AcDbCircle
39
0.0
10
493.157026552571
20
439.277122522177
30
0.0
40
282.654330177553
210
0.0
220
0.0
230
1.0
100
AcDbArc
50
327.327104129928
51
327.533854832039
0
ARC
5
17C
330
70
100
AcDbEntity
67
0
8
0
62
256
6
ByLayer
370
-1
48
1.0
60
0
100
AcDbCircle
39
0.0
10
492.60716823734
20
439.628827397375
30
0.0
40
283.307047477569
210
0.0
220
0.0
230
1.0
100
AcDbArc
50
327.12102587777
51
327.327262567314
0
ARC
5
17D
330
70
100
AcDbEntity
67
0
8
0
62
256
6
ByLayer
370
-1
48
1.0
60
0
100
AcDbCircle
39
0.0
10
492.07000413343
20
439.975143799687
30
0.0
40
283.946171675913
210
0.0
220
0.0
230
1.0
100
AcDbArc
50
326.915447840722
51
327.121180271955
0
ARC
5
17E
330
70
100
AcDbEntity
67
0
8
0
62
256
6
ByLayer
370
-1
48
1.0
60
0
100
AcDbCircle
39
0.0
10
491.545686830893
20
440.315849347014
30
0.0
40
284.57146228625
210
0.0
220
0.0
230
1.0
100
AcDbArc
50
326.710360240979
51
326.915598182756
0
ARC
5
17F
330
70
100
AcDbEntity
67
0
8
0
62
256
6
ByLayer
370
-1
48
1.0
60
0
100
AcDbCircle
39
0.0
10
491.034365651817
20
440.650721222098
30
0.0
40
285.182680734848
210
0.0
220
0.0
230
1.0
100
AcDbArc
50
326.505753286211
51
326.710506521975
0
ARC
5
180
330
70
100
AcDbEntity
67
0
8
0
62
256
6
ByLayer
370
-1
48
1.0
60
0
100
AcDbCircle
39
0.0
10
490.53618668151
20
440.979536192548
30
0.0
40
285.77959033367
210
0.0
220
0.0
230
1.0
100
AcDbArc
50
326.301617169274
51
326.505895497179
0
ARC
5
181
330
70
100
AcDbEntity
67
0
8
0
62
256
6
ByLayer
370
-1
48
1.0
60
0
100
AcDbCircle
39
0.0
10
490.051292961122
20
441.302070521079
30
0.0
40
286.361956058538
210
0.0
220
0.0
230
1.0
100
AcDbArc
50
326.097942067832
51
326.301755301116
0
ARC
5
182
330
70
100
AcDbEntity
67
0
8
0
62
256
6
ByLayer
370
-1
48
1.0
60
0
100
AcDbCircle
39
0.0
10
489.579824044758
20
441.618100296962
30
0.0
40
286.929545089992
210
0.0
220
0.0
230
1.0
100
AcDbArc
50
325.894718144339
51
326.098076111411
0
ARC
5
183
330
70
100
AcDbEntity
67
0
8
0
62
256
6
ByLayer
370
-1
48
1.0
60
0
100
AcDbCircle
39
0.0
10
489.121916418143
20
441.92740119593
30
0.0
40
287.48212632051
210
0.0
220
0.0
230
1.0
100
AcDbArc
50
325.691935545422
51
325.894848090402
0
ARC
5
184
330
70
100
AcDbEntity
67
0
8
0
62
256
6
ByLayer
370
-1
48
1.0
60
0
100
AcDbCircle
39
0.0
10
488.677702573321
20
442.229749145365
30
0.0
40
288.019471482439
210
0.0
220
0.0
230
1.0
100
AcDbArc
50
325.489584402054
51
325.692061384609
0
ARC
5
185
330
70
100
AcDbEntity
67
0
8
0
62
256
6
ByLayer
370
-1
48
1.0
60
0
100
AcDbCircle
39
0.0
10
488.247312292263
20
442.524919495062
30
0.0
40
288.541353609251
210
0.0
220
0.0
230
1.0
100
AcDbArc
50
325.287654828426
51
325.489706124799
0
ARC
5
186
330
70
100
AcDbEntity
67
0
8
0
62
256
6
ByLayer
370
-1
48
1.0
60
0
100
AcDbCircle
39
0.0
10
487.830871117708
20
442.812688100744
30
0.0
40
289.047548898586
210
0.0
220
0.0
230
1.0
100
AcDbArc
50
325.086136922376
51
325.28777242519
0
ARC
5
187
330
70
100
AcDbEntity
67
0
8
0
62
256
6
ByLayer
370
-1
48
1.0
60
0
100
AcDbCircle
39
0.0
10
487.428501061427
20
443.092830888821
30
0.0
40
289.537835871405
210
0.0
220
0.0
230
1.0
100
AcDbArc
50
324.885020764554
51
325.086250383314
0
ARC
5
188
330
70
100
AcDbEntity
67
0
8
0
62
256
6
ByLayer
370
-1
48
1.0
60
0
100
AcDbCircle
39
0.0
10
487.040320811769
20
443.36512375159
30
0.0
40
290.011995131233
210
0.0
220
0.0
230
1.0
100
AcDbArc
50
324.684296417799
51
324.885130079657
0
ARC
5
189
330
70
100
AcDbEntity
67
0
8
0
62
256
6
ByLayer
370
-1
48
1.0
60
0
100
AcDbCircle
39
0.0
10
486.66644483185
20
443.629343223124
30
0.0
40
290.469810480177
210
0.0
220
0.0
230
1.0
100
AcDbArc
50
324.483953927097
51
324.684401576938
0
ARC
5
18A
330
70
100
AcDbEntity
67
0
8
0
62
256
6
ByLayer
370
-1
48
1.0
60
0
100
AcDbCircle
39
0.0
10
486.306983978488
20
443.885266094175
30
0.0
40
290.911068180944
210
0.0
220
0.0
230
1.0
100
AcDbArc
50
324.28398331877
51
324.484054919902
0
ARC
5
18B
330
70
100
AcDbEntity
67
0
8
0
62
256
6
ByLayer
370
-1
48
1.0
60
0
100
AcDbCircle
39
0.0
10
485.96204510034
20
444.132669743592
30
0.0
40
291.335557466333
210
0.0
220
0.0
230
1.0
100
AcDbArc
50
324.084374600055
51
324.284080134654
0
ARC
5
18C
330
70
100
AcDbEntity
67
0
8
0
62
256
6
ByLayer
370
-1
48
1.0
60
0
100
AcDbCircle
39
0.0
10
485.631731177997
20
444.371332087692
30
0.0
40
291.743070385933
210
0.0
220
0.0
230
1.0
100
AcDbArc
50
323.885117758458
51
324.084467228203
0
ARC
5
18D
330
70
100
AcDbEntity
67
0
8
0
62
256
6
ByLayer
370
-1
48
1.0
60
0
100
AcDbCircle
39
0.0
10
485.316141006173
20
444.601031859819
30
0.0
40
292.13340221765
210
0.0
220
0.0
230
1.0
100
AcDbArc
50
323.686202761287
51
323.885206187815
0
ARC
5
18E
330
70
100
AcDbEntity
67
0
8
0
62
256
6
ByLayer
370
-1
48
1.0
60
0
100
AcDbCircle
39
0.0
10
485.015369402066
20
444.82154851155
30
0.0
40
292.506351231459
210
0.0
220
0.0
230
1.0
100
AcDbArc
50
323.487619554898
51
323.68628698052
0
ARC
5
18F
330
70
100
AcDbEntity
67
0
8
0
62
256
6
ByLayer
370
-1
48
1.0
60
0
100
AcDbCircle
39
0.0
10
484.729507037327
20
445.032662386316
30
0.0
40
292.861718918084
210
0.0
220
0.0
230
1.0
100
AcDbArc
50
323.289358064093
51
323.487699552436
0
ARC
5
190
330
70
100
AcDbEntity
67
0
8
0
62
256
6
ByLayer
370
-1
48
1.0
60
0
100
AcDbCircle
39
0.0
10
484.458640279878
20
445.234154890389
30
0.0
40
293.199310208471
210
0.0
220
0.0
230
1.0
100
AcDbArc
50
323.091408191489
51
323.289433828092
0
ARC
5
191
330
70
100
AcDbEntity
67
0
8
0
62
256
6
ByLayer
370
-1
48
1.0
60
0
100
AcDbCircle
39
0.0
10
484.202851201036
20
445.425808543812
30
0.0
40
293.518933489284
210
0.0
220
0.0
230
1.0
100
AcDbArc
50
322.893759816812
51
323.09147970981
0
ARC
5
192
330
70
100
AcDbEntity
67
0
8
0
62
256
6
ByLayer
370
-1
48
1.0
60
0
100
AcDbCircle
39
0.0
10
483.962217741314
20
445.607406911002
30
0.0
40
293.820400419571
210
0.0
220
0.0
230
1.0
100
AcDbArc
50
322.696402795974
51
322.893827076986
0
ARC
5
193
330
70
100
AcDbEntity
67
0
8
0
62
256
6
ByLayer
370
-1
48
1.0
60
0
100
AcDbCircle
39
0.0
10
483.736813000328
20
445.77873519345
30
0.0
40
294.103526845722
210
0.0
220
0.0
230
1.0
100
AcDbArc
50
322.499326960761
51
322.696465785263
0
ARC
5
194
330
70
100
AcDbEntity
67
0
8
0
62
256
6
ByLayer
370
-1
48
1.0
60
0
100
AcDbCircle
39
0.0
10
483.526706137543
20
445.939579607075
30
0.0
40
294.368131698847
210
0.0
220
0.0
230
1.0
100
AcDbArc
50
322.302522117463
51
322.499385665993
0
ARC
5
195
330
70
100
AcDbEntity
67
0
8
0
62
256
6
ByLayer
370
-1
48
1.0
60
0
100
AcDbCircle
39
0.0
10
483.331961521013
20
446.089728086708
30
0.0
40
294.614038090388
210
0.0
220
0.0
230
1.0
100
AcDbArc
50
322.105978046486
51
322.302576525206
0
ARC
5
196
330
70
100
AcDbEntity
67
0
8
0
62
256
6
ByLayer
370
-1
48
1.0
60
0
100
AcDbCircle
39
0.0
10
483.152638918598
20
446.22897020416
30
0.0
40
294.841073102232
210
0.0
220
0.0
230
1.0
100
AcDbArc
50
321.909684501475
51
322.106028142961
0
ARC
5
197
330
70
100
AcDbEntity
67
0
8
0
62
256
6
ByLayer
370
-1
48
1.0
60
0
100
AcDbCircle
39
0.0
10
482.988793632103
20
446.357097125999
30
0.0
40
295.04906764661
210
0.0
220
0.0
230
1.0
100
AcDbArc
50
321.713631208216
51
321.909730272435
0
ARC
5
198
330
70
100
AcDbEntity
67
0
8
0
62
256
6
ByLayer
370
-1
48
1.0
60
0
100
AcDbCircle
39
0.0
10
482.840476371482
20
446.473901770779
30
0.0
40
295.237856653948
210
0.0
220
0.0
230
1.0
100
AcDbArc
50
321.517807863897
51
321.713672639147
0
ARC
5
199
330
70
100
AcDbEntity
67
0
8
0
62
256
6
ByLayer
370
-1
48
1.0
60
0
100
AcDbCircle
39
0.0
10
482.707732737963
20
446.579179282946
30
0.0
40
295.407279764201
210
0.0
220
0.0
230
1.0
100
AcDbArc
50
321.322204136378
51
321.517844939859
0
ARC
5
19A
330
70
100
AcDbEntity
67
0
8
0
62
256
6
ByLayer
370
-1
48
1.0
60
0
100
AcDbCircle
39
0.0
10
482.490093921137
20
446.752414492922
30
0.0
40
295.685446078305
210
0.0
220
0.0
230
1.0
100
AcDbArc
50
321.127011103061
51
321.322353583075
0
ARC
5
19B
330
70
100
AcDbEntity
67
0
8
0
62
256
6
ByLayer
370
-1
48
1.0
60
0
100
AcDbCircle
39
0.0
10
481.219412021324
20
447.774039486121
30
0.0
40
297.315889493896
210
0.0
220
0.0
230
1.0
100
AcDbArc
50
320.93326066665
51
321.127415793483
0
ARC
5
19C
330
70
100
AcDbEntity
67
0
8
0
62
256
6
ByLayer
370
-1
48
1.0
60
0
100
AcDbCircle
39
0.0
10
480.758115879225
20
448.147619021156
30
0.0
40
297.909484771402
210
0.0
220
0.0
230
1.0
100
AcDbArc
50
320.739739610232
51
320.933389270174
0
ARC
5
19D
330
70
100
AcDbEntity
67
0
8
0
62
256
6
ByLayer
370
-1
48
1.0
60
0
100
AcDbCircle
39
0.0
10
480.31046280699
20
448.512662516721
30
0.0
40
298.487108876202
210
0.0
220
0.0
230
1.0
100
AcDbArc
50
320.546710402126
51
320.739864174132
0
ARC
5
19E
330
70
100
AcDbEntity
67
0
8
0
62
256
6
ByLayer
370
-1
48
1.0
60
0
100
AcDbCircle
39
0.0
10
479.876604923833
20
448.868899103369
30
0.0
40
299.04847931857
210
0.0
220
0.0
230
1.0
100
AcDbArc
50
320.354163422501
51
320.546830911684
0
ARC
5
19F
330
70
100
AcDbEntity
67
0
8
0
62
256
6
ByLayer
370
-1
48
1.0
60
0
100
AcDbCircle
39
0.0
10
479.456691395231
20
449.216057277766
30
0.0
40
299.59331488966
210
0.0
220
0.0
230
1.0
100
AcDbArc
50
320.162089024747
51
320.354279862938
0
ARC
5
1A0
330
70
100
AcDbEntity
67
0
8
0
62
256
6
ByLayer
370
-1
48
1.0
60
0
100
AcDbCircle
39
0.0
10
479.050867772656
20
449.553865485311
30
0.0
40
300.121336529331
210
0.0
220
0.0
230
1.0
100
AcDbArc
50
319.97047753515
51
320.162201381016
0
ARC
5
1A1
330
70
100
AcDbEntity
67
0
8
0
62
256
6
ByLayer
370
-1
48
1.0
60
0
100
AcDbCircle
39
0.0
10
478.659276976324
20
449.882051339422
30
0.0
40
300.632266059214
210
0.0
220
0.0
230
1.0
100
AcDbArc
50
319.779319251868
51
319.970585791942
0
ARC
5
1A2
330
70
100
AcDbEntity
67
0
8
0
62
256
6
ByLayer
370
-1
48
1.0
60
0
100
AcDbCircle
39
0.0
10
478.282058159976
20
450.20034260283
30
0.0
40
301.125827671059
210
0.0
220
0.0
230
1.0
100
AcDbArc
50
319.588604444827
51
319.779423393706
0
ARC
5
1A3
330
70
100
AcDbEntity
67
0
8
0
62
256
6
ByLayer
370
-1
48
1.0
60
0
100
AcDbCircle
39
0.0
10
477.919347185858
20
450.508466831723
30
0.0
40
301.601747322325
210
0.0
220
0.0
230
1.0
100
AcDbArc
50
319.398323354838
51
319.588704455878
0
ARC
5
1A4
330
70
100
AcDbEntity
67
0
8
0
62
256
6
ByLayer
370
-1
48
1.0
60
0
100
AcDbCircle
39
0.0
10
477.571276512681
20
450.80615150763
30
0.0
40
302.059752895179
210
0.0
220
0.0
230
1.0
100
AcDbArc
50
319.208466192901
51
319.398419218925
0
ARC
5
1A5
330
70
100
AcDbEntity
67
0
8
0
62
256
6
ByLayer
370
-1
48
1.0
60
0
100
AcDbCircle
39
0.0
10
477.23797524442
20
451.093124032306
30
0.0
40
302.499574144425
210
0.0
220
0.0
230
1.0
100
AcDbArc
50
319.019023139493
51
319.208557893638
0
ARC
5
1A6
330
70
100
AcDbEntity
67
0
8
0
62
256
6
ByLayer
370
-1
48
1.0
60
0
100
AcDbCircle
39
0.0
10
476.919568484016
20
451.369112326358
30
0.0
40
302.920943566327
210
0.0
220
0.0
230
1.0
100
AcDbArc
50
318.829984344026
51
319.019110660162
0
ARC
5
1A7
330
70
100
AcDbEntity
67
0
8
0
62
256
6
ByLayer
370
-1
48
1.0
60
0
100
AcDbCircle
39
0.0
10
476.6161780312
20
451.633844269903
30
0.0
40
303.323595493516
210
0.0
220
0.0
230
1.0
100
AcDbArc
50
318.641339923729
51
318.830067667563
0
ARC
5
1A8
330
70
100
AcDbEntity
67
0
8
0
62
256
6
ByLayer
370
-1
48
1.0
60
0
100
AcDbCircle
39
0.0
10
476.327921480946
20
451.887048530026
30
0.0
40
303.707267307037
210
0.0
220
0.0
230
1.0
100
AcDbArc
50
318.45307996324
51
318.64141903277
0
ARC
5
1A9
330
70
100
AcDbEntity
67
0
8
0
62
256
6
ByLayer
370
-1
48
1.0
60
0
100
AcDbCircle
39
0.0
10
476.054912694974
20
452.128454199374
30
0.0
40
304.071698832422
210
0.0
220
0.0
230
1.0
100
AcDbArc
50
318.265194513412
51
318.453154839879
0
ARC
5
1AA
330
70
100
AcDbEntity
67
0
8
0
62
256
6
ByLayer
370
-1
48
1.0
60
0
100
AcDbCircle
39
0.0
10
475.797261961324
20
452.357790695298
30
0.0
40
304.416632142305
210
0.0
220
0.0
230
1.0
100
AcDbArc
50
318.077673590375
51
318.265265139454
0
ARC
5
1AB
330
70
100
AcDbEntity
67
0
8
0
62
256
6
ByLayer
370
-1
48
1.0
60
0
100
AcDbCircle
39
0.0
10
475.555074961269
20
452.574788727313
30
0.0
40
304.74181296041
210
0.0
220
0.0
230
1.0
100
AcDbArc
50
317.890507175006
51
318.077739947238
0
ARC
5
1AC
330
70
100
AcDbEntity
67
0
8
0
62
256
6
ByLayer
370
-1
48
1.0
60
0
100
AcDbCircle
39
0.0
10
475.328453694736
20
452.779179524323
30
0.0
40
305.046989445831
210
0.0
220
0.0
230
1.0
100
AcDbArc
50
317.703685211532
51
317.890569243631
0
ARC
5
1AD
330
70
100
AcDbEntity
67
0
8
0
62
256
6
ByLayer
370
-1
48
1.0
60
0
100
AcDbCircle
39
0.0
10
475.11749592882
20
452.970695376686
30
0.0
40
305.331912954949
210
0.0
220
0.0
230
1.0
100
AcDbArc
50
317.517197606653
51
317.703742972454
0
ARC
5
1AE
330
70
100
AcDbEntity
67
0
8
0
62
256
6
ByLayer
370
-1
48
1.0
60
0
100
AcDbCircle
39
0.0
10
474.922294704515
20
453.149070142044
30
0.0
40
305.596338736095
210
0.0
220
0.0
230
1.0
100
AcDbArc
50
317.331034228817
51
317.517251039925
0
ARC
5
1AF
330
70
100
AcDbEntity
67
0
8
0
62
256
6
ByLayer
370
-1
48
1.0
60
0
100
AcDbCircle
39
0.0
10
474.742939487366
20
453.314038250716
30
0.0
40
305.840024398787
210
0.0
220
0.0
230
1.0
100
AcDbArc
50
317.145184906383
51
317.331083313875
0
ARC
5
1B0
330
70
100
AcDbEntity
67
0
8
0
62
256
6
ByLayer
370
-1
48
1.0
60
0
100
AcDbCircle
39
0.0
10
474.579514724183
20
453.465336079437
30
0.0
40
306.062731895703
210
0.0
220
0.0
230
1.0
100
AcDbArc
50
316.959639427365
51
317.145229622391
0
ARC
5
1B1
330
70
100
AcDbEntity
67
0
8
0
62
256
6
ByLayer
370
-1
48
1.0
60
0
100
AcDbCircle
39
0.0
10
474.432100706708
20
453.602701219465
30
0.0
40
306.26422638151
210
0.0
220
0.0
230
1.0
100
AcDbArc
50
316.774387537582
51
316.959679752797
0
ARC
5
1B2
330
70
100
AcDbEntity
67
0
8
0
62
256
6
ByLayer
370
-1
48
1.0
60
0
100
AcDbCircle
39
0.0
10
474.300772952225
20
453.725873107659
30
0.0
40
306.44427708622
210
0.0
220
0.0
230
1.0
100
AcDbArc
50
316.589418939874
51
316.774423450449
0
ARC
5
1B3
330
70
100
AcDbEntity
67
0
8
0
62
256
6
ByLayer
370
-1
48
1.0
60
0
100
AcDbCircle
39
0.0
10
474.185602550915
20
453.83459276382
30
0.0
40
306.602656872224
210
0.0
220
0.0
230
1.0
100
AcDbArc
50
316.404723292616
51
316.58945041764
0
ARC
5
1B4
330
70
100
AcDbEntity
67
0
8
0
62
256
6
ByLayer
370
-1
48
1.0
60
0
100
AcDbCircle
39
0.0
10
474.086655449352
20
453.928603530074
30
0.0
40
306.739143253099
210
0.0
220
0.0
230
1.0
100
AcDbArc
50
316.220290208746
51
316.404750312135
0
ARC
5
1B5
330
70
100
AcDbEntity
67
0
8
0
62
256
6
ByLayer
370
-1
48
1.0
60
0
100
AcDbCircle
39
0.0
10
474.003993353426
20
454.00765028025
30
0.0
40
306.853517184801
210
0.0
220
0.0
230
1.0
100
AcDbArc
50
316.036109253936
51
316.220312746194
0
ARC
5
1B6
330
70
100
AcDbEntity
67
0
8
0
62
256
6
ByLayer
370
-1
48
1.0
60
0
100
AcDbCircle
39
0.0
10
473.937672784814
20
454.071480380635
30
0.0
40
306.945564402077
210
0.0
220
0.0
230
1.0
100
AcDbArc
50
315.852169945666
51
316.036127284958
0
ARC
5
1B7
330
70
100
AcDbEntity
67
0
8
0
62
256
6
ByLayer
370
-1
48
1.0
60
0
100
AcDbCircle
39
0.0
10
473.887745450152
20
454.119843406928
30
0.0
40
307.015074946797
210
0.0
220
0.0
230
1.0
100
AcDbArc
50
315.668461751694
51
315.852183445331
0
ARC
5
1B8
330
70
100
AcDbEntity
67
0
8
0
62
256
6
ByLayer
370
-1
48
1.0
60
0
100
AcDbCircle
39
0.0
10
473.854257909108
20
454.152491535669
30
0.0
40
307.061843669453
210
0.0
220
0.0
230
1.0
100
AcDbArc
50
315.484974088584
51
315.668470694325
0
ARC
5
1B9
330
70
100
AcDbEntity
67
0
8
0
62
256
6
ByLayer
370
-1
48
1.0
60
0
100
AcDbCircle
39
0.0
10
473.837251814981
20
454.169179381032
30
0.0
40
307.085669933836
210
0.0
220
0.0
230
1.0
100
AcDbArc
50
315.301696320201
51
315.484978447856
0
ARC
5
1BA
330
70
100
AcDbEntity
67
0
8
0
62
256
6
ByLayer
370
-1
48
1.0
60
0
100
AcDbCircle
39
0.0
10
473.836763617062
20
454.169664357713
30
0.0
40
307.08635807465
210
0.0
220
0.0
230
1.0
100
AcDbArc
50
315.11861775623
51
315.301696069119
0
ARC
5
1BB
330
70
100
AcDbEntity
67
0
8
0
62
256
6
ByLayer
370
-1
48
1.0
60
0
100
AcDbCircle
39
0.0
10
473.852824509949
20
454.153706807597
30
0.0
40
307.063717513715
210
0.0
220
0.0
230
1.0
100
AcDbArc
50
314.935727650606
51
315.118612867063
0
ARC
5
1BC
330
70
100
AcDbEntity
67
0
8
0
62
256
6
ByLayer
370
-1
48
1.0
60
0
100
AcDbCircle
39
0.0
10
473.165739705365
20
454.837405396067
30
0.0
40
308.033004470333
210
0.0
220
0.0
230
1.0
100
AcDbArc
50
314.754296566021
51
314.936375270864
0
ARC
5
1BD
330
70
100
AcDbEntity
67
0
8
0
62
256
6
ByLayer
370
-1
48
1.0
60
0
100
AcDbCircle
39
0.0
10
467.791286098202
20
460.243521785465
30
0.0
40
315.656044706345
210
0.0
220
0.0
230
1.0
100
AcDbArc
50
314.578794254438
51
314.756166365262
0
ARC
5
1BE
330
70
100
AcDbEntity
67
0
8
0
62
256
6
ByLayer
370
-1
48
1.0
60
0
100
AcDbCircle
39
0.0
10
469.140778125782
20
458.876840677754
30
0.0
40
313.735382815811
210
0.0
220
0.0
230
1.0
100
AcDbArc
50
314.40027245112
51
314.578435394171
0
ARC
5
1BF
330
70
100
AcDbEntity
67
0
8
0
62
256
6
ByLayer
370
-1
48
1.0
60
0
100
AcDbCircle
39
0.0
10
470.342281679409
20
457.652434388313
30
0.0
40
312.019929979842
210
0.0
220
0.0
230
1.0
100
AcDbArc
50
314.221074752489
51
314.39994906067
0
ARC
5
1C0
330
70
100
AcDbEntity
67
0
8
0
62
256
6
ByLayer
370
-1
48
1.0
60
0
100
AcDbCircle
39
0.0
10
471.398509464026
20
456.569323537638
30
0.0
40
310.507070498366
210
0.0
220
0.0
230
1.0
100
AcDbArc
50
314.041282382382
51
314.220787385244
0
ARC
5
1C1
330
70
100
AcDbEntity
67
0
8
0
62
256
6
ByLayer
370
-1
48
1.0
60
0
100
AcDbCircle
39
0.0
10
472.311938645607
20
455.626750053148
30
0.0
40
309.194517336332
210
0.0
220
0.0
230
1.0
100
AcDbArc
50
313.860977588758
51
314.041031534252
0
ARC
5
1C2
330
70
100
AcDbEntity
67
0
8
0
62
256
6
ByLayer
370
-1
48
1.0
60
0
100
AcDbCircle
39
0.0
10
473.084817732899
20
454.824174091288
30
0.0
40
308.080305089671
210
0.0
220
0.0
230
1.0
100
AcDbArc
50
313.680243515425
51
313.86076369641
0
ARC
5
1C3
330
70
100
AcDbEntity
67
0
8
0
62
256
6
ByLayer
370
-1
48
1.0
60
0
100
AcDbCircle
39
0.0
10
473.719170085557
20
454.161274391644
30
0.0
40
307.162787776214
210
0.0
220
0.0
230
1.0
100
AcDbArc
50
313.499164072041
51
313.68006695486
0
ARC
5
1C4
330
70
100
AcDbEntity
67
0
8
0
62
256
6
ByLayer
370
-1
48
1.0
60
0
100
AcDbCircle
39
0.0
10
474.216799923135
20
453.637945999887
30
0.0
40
306.440633009176
210
0.0
220
0.0
230
1.0
100
AcDbArc
50
313.317823799668
51
313.499025156914
0
ARC
5
1C5
330
70
100
AcDbEntity
67
0
8
0
62
256
6
ByLayer
370
-1
48
1.0
60
0
100
AcDbCircle
39
0.0
10
474.579295527631
20
453.254300870486
30
0.0
40
305.91282020412
210
0.0
220
0.0
230
1.0
100
AcDbArc
50
313.136307735192
51
313.317722780357
0
ARC
5
1C6
330
70
100
AcDbEntity
67
0
8
0
62
256
6
ByLayer
370
-1
48
1.0
60
0
100
AcDbCircle
39
0.0
10
474.808032986817
20
453.010667885248
30
0.0
40
305.578638002417
210
0.0
220
0.0
230
1.0
100
AcDbArc
50
312.954701273401
51
313.136244797856
0
ARC
5
1C7
330
70
100
AcDbEntity
67
0
8
0
62
256
6
ByLayer
370
-1
48
1.0
60
0
100
AcDbCircle
39
0.0
10
474.904178833594
20
452.907594021686
30
0.0
40
305.437683301154
210
0.0
220
0.0
230
1.0
100
AcDbArc
50
312.773090027825
51
312.954676539175
0
ARC
5
1C8
330
70
100
AcDbEntity
67
0
8
0
62
256
6
ByLayer
370
-1
48
1.0
60
0
100
AcDbCircle
39
0.0
10
474.868692444119
20
452.945845772527
30
0.0
40
305.48986064376
210
0.0
220
0.0
230
1.0
100
AcDbArc
50
312.591559690798
51
312.77310355238
0
ARC
5
1C9
330
70
100
AcDbEntity
67
0
8
0
62
256
6
ByLayer
370
-1
48
1.0
60
0
100
AcDbCircle
39
0.0
10
474.702328324266
20
453.126410677991
30
0.0
40
305.735381781746
210
0.0
220
0.0
230
1.0
100
AcDbArc
50
312.410195892639
51
312.591611464027
0
ARC
5
1CA
330
70
100
AcDbEntity
67
0
8
0
62
256
6
ByLayer
370
-1
48
1.0
60
0
100
AcDbCircle
39
0.0
10
474.405636767806
20
453.450500623238
30
0.0
40
306.17476765042
210
0.0
220
0.0
230
1.0
100
AcDbArc
50
312.229084061833
51
312.410285838889
0
ARC
5
1CB
330
70
100
AcDbEntity
67
0
8
0
62
256
6
ByLayer
370
-1
48
1.0
60
0
100
AcDbCircle
39
0.0
10
473.978964744276
20
453.919554919256
30
0.0
40
306.808850042236
210
0.0
220
0.0
230
1.0
100
AcDbArc
50
312.048309285233
51
312.229212039854
0
ARC
5
1CC
330
70
100
AcDbEntity
67
0
8
0
62
256
6
ByLayer
370
-1
48
1.0
60
0
100
AcDbCircle
39
0.0
10
473.422456729605
20
454.535243459842
30
0.0
40
307.638773387488
210
0.0
220
0.0
230
1.0
100
AcDbArc
50
311.867956169276
51
312.048475088755
0
ARC
5
1CD
330
70
100
AcDbEntity
67
0
8
0
62
256
6
ByLayer
370
-1
48
1.0
60
0
100
AcDbCircle
39
0.0
10
472.736054003635
20
455.299471596986
30
0.0
40
308.665998850376
210
0.0
220
0.0
230
1.0
100
AcDbArc
50
311.6881087033
51
311.868159527918
0
ARC
5
1CE
330
70
100
AcDbEntity
67
0
8
0
62
256
6
ByLayer
370
-1
48
1.0
60
0
100
AcDbCircle
39
0.0
10
471.919493341925
20
456.214385753538
30
0.0
40
309.892309390843
210
0.0
220
0.0
230
1.0
100
AcDbArc
50
311.508850124971
51
311.688349283258
0
ARC
5
1CF
330
70
100
AcDbEntity
67
0
8
0
62
256
6
ByLayer
370
-1
48
1.0
60
0
100
AcDbCircle
39
0.0
10
470.972306908734
20
457.282377742398
30
0.0
40
311.319813074189
210
0.0
220
0.0
230
1.0
100
AcDbArc
50
311.330262787501
51
311.509127530238
0
ARC
5
1D0
330
70
100
AcDbEntity
67
0
8
0
62
256
6
ByLayer
370
-1
48
1.0
60
0
100
AcDbCircle
39
0.0
10
469.893819471622
20
458.506092145241
30
0.0
40
312.95095045951
210
0.0
220
0.0
230
1.0
100
AcDbArc
50
311.15242803075
51
311.330576561355
0
ARC
5
1D1
330
70
100
AcDbEntity
67
0
8
0
62
256
6
ByLayer
370
-1
48
1.0
60
0
100
AcDbCircle
39
0.0
10
468.683145905388
20
459.888433461765
30
0.0
40
314.788501637328
210
0.0
220
0.0
230
1.0
100
AcDbArc
50
310.975426055687
51
311.152777657308
0
ARC
5
1D2
330
70
100
AcDbEntity
67
0
8
0
62
256
6
ByLayer
370
-1
48
1.0
60
0
100
AcDbCircle
39
0.0
10
467.339188966123
20
461.432573030043
30
0.0
40
316.835592929831
210
0.0
220
0.0
230
1.0
100
AcDbArc
50
310.799335801909
51
310.975810961516
0
ARC
5
1D3
330
70
100
AcDbEntity
67
0
8
0
62
256
6
ByLayer
370
-1
48
1.0
60
0
100
AcDbCircle
39
0.0
10
468.177405228657
20
460.466249404173
30
0.0
40
315.556382997954
210
0.0
220
0.0
230
1.0
100
AcDbArc
50
310.621305717526
51
310.798768461114
0
ARC
5
1D4
330
70
100
AcDbEntity
67
0
8
0
62
256
6
ByLayer
370
-1
48
1.0
60
0
100
AcDbCircle
39
0.0
10
474.879501032623
20
452.673956072547
30
0.0
40
305.278361551018
210
0.0
220
0.0
230
1.0
100
AcDbArc
50
310.435057065779
51
310.618703760954
0
ARC
5
1D5
330
70
100
AcDbEntity
67
0
8
0
62
256
6
ByLayer
370
-1
48
1.0
60
0
100
AcDbCircle
39
0.0
10
474.559635399722
20
453.048523049833
30
0.0
40
305.770920348723
210
0.0
220
0.0
230
1.0
100
AcDbArc
50
310.251604294316
51
310.43515529915
0
ARC
5
1D6
330
70
100
AcDbEntity
67
0
8
0
62
256
6
ByLayer
370
-1
48
1.0
60
0
100
AcDbCircle
39
0.0
10
474.255749403165
20
453.406694134979
30
0.0
40
306.240636194677
210
0.0
220
0.0
230
1.0
100
AcDbArc
50
310.068231404511
51
310.251697762841
0
ARC
5
1D7
330
70
100
AcDbEntity
67
0
8
0
62
256
6
ByLayer
370
-1
48
1.0
60
0
100
AcDbCircle
39
0.0
10
473.967733063461
20
453.748371811384
30
0.0
40
306.687510697439
210
0.0
220
0.0
230
1.0
100
AcDbArc
50
309.884927451159
51
310.068320139795
0
ARC
5
1D8
330
70
100
AcDbEntity
67
0
8
0
62
256
6
ByLayer
370
-1
48
1.0
60
0
100
AcDbCircle
39
0.0
10
473.695472204151
20
454.073463851445
30
0.0
40
307.111551506112
210
0.0
220
0.0
230
1.0
100
AcDbArc
50
309.701681553273
51
309.88501148393
0
ARC
5
1D9
330
70
100
AcDbEntity
67
0
8
0
62
256
6
ByLayer
370
-1
48
1.0
60
0
100
AcDbCircle
39
0.0
10
473.438848405612
20
454.381883467862
30
0.0
40
307.512772458435
210
0.0
220
0.0
230
1.0
100
AcDbArc
50
309.518482892556
51
309.701760913642
0
ARC
5
1DA
330
70
100
AcDbEntity
67
0
8
0
62
256
6
ByLayer
370
-1
48
1.0
60
0
100
AcDbCircle
39
0.0
10
473.197738487943
20
454.67355004341
30
0.0
40
307.891194475076
210
0.0
220
0.0
230
1.0
100
AcDbArc
50
309.335320712022
51
309.518557609832
0
ARC
5
1DB
330
70
100
AcDbEntity
67
0
8
0
62
256
6
ByLayer
370
-1
48
1.0
60
0
100
AcDbCircle
39
0.0
10
472.972015771791
20
454.948387712217
30
0.0
40
308.24684366558
210
0.0
220
0.0
230
1.0
100
AcDbArc
50
309.152184313747
51
309.33539081473
0
ARC
5
1DC
330
70
100
AcDbEntity
67
0
8
0
62
256
6
ByLayer
370
-1
48
1.0
60
0
100
AcDbCircle
39
0.0
10
472.76154881314
20
455.206326994514
30
0.0
40
308.579753397589
210
0.0
220
0.0
230
1.0
100
AcDbArc
50
308.969063058061
51
309.152249829792
0
ARC
5
1DD
330
70
100
AcDbEntity
67
0
8
0
62
256
6
ByLayer
370
-1
48
1.0
60
0
100
AcDbCircle
39
0.0
10
472.566202706588
20
455.44730331185
30
0.0
40
308.889962325532
210
0.0
220
0.0
230
1.0
100
AcDbArc
50
308.785946361276
51
308.969124014543
0
ARC
5
1DE
330
70
100
AcDbEntity
67
0
8
0
62
256
6
ByLayer
370
-1
48
1.0
60
0
100
AcDbCircle
39
0.0
10
472.385838362615
20
455.671257970057
30
0.0
40
309.177515612582
210
0.0
220
0.0
230
1.0
100
AcDbArc
50
308.602823694595
51
308.786002784693
0
ARC
5
1DF
330
70
100
AcDbEntity
67
0
8
0
62
256
6
ByLayer
370
-1
48
1.0
60
0
100
AcDbCircle
39
0.0
10
472.220312742139
20
455.878137977568
30
0.0
40
309.442464645401
210
0.0
220
0.0
230
1.0
100
AcDbArc
50
308.419684582575
51
308.602875610712
0
ARC
5
1E0
330
70
100
AcDbEntity
67
0
8
0
62
256
6
ByLayer
370
-1
48
1.0
60
0
100
AcDbCircle
39
0.0
10
472.069479371761
20
456.067895501614
30
0.0
40
309.68486629117
210
0.0
220
0.0
230
1.0
100
AcDbArc
50
308.236518601362
51
308.419732016433
0
ARC
5
1E1
330
70
100
AcDbEntity
67
0
8
0
62
256
6
ByLayer
370
-1
48
1.0
60
0
100
AcDbCircle
39
0.0
10
471.93318791572
20
456.240488501481
30
0.0
40
309.904783663375
210
0.0
220
0.0
230
1.0
100
AcDbArc
50
308.053315377575
51
308.236561577427
0
ARC
5
1E2
330
70
100
AcDbEntity
67
0
8
0
62
256
6
ByLayer
370
-1
48
1.0
60
0
100
AcDbCircle
39
0.0
10
471.811284624931
20
456.39588026385
30
0.0
40
310.102285482685
210
0.0
220
0.0
230
1.0
100
AcDbArc
50
307.870064586618
51
308.053353919619
0
ARC
5
1E3
330
70
100
AcDbEntity
67
0
8
0
62
256
6
ByLayer
370
-1
48
1.0
60
0
100
AcDbCircle
39
0.0
10
471.703612119776
20
456.534039776659
30
0.0
40
310.277446509177
210
0.0
220
0.0
230
1.0
100
AcDbArc
50
307.686755951539
51
307.870098717827
0
ARC
5
1E4
330
70
100
AcDbEntity
67
0
8
0
62
256
6
ByLayer
370
-1
48
1.0
60
0
100
AcDbCircle
39
0.0
10
471.610009945392
20
456.654941116253
30
0.0
40
310.430346721765
210
0.0
220
0.0
230
1.0
100
AcDbArc
50
307.50337924129
51
307.686785694441
0
ARC
5
1E5
330
70
100
AcDbEntity
67
0
8
0
62
256
6
ByLayer
370
-1
48
1.0
60
0
100
AcDbCircle
39
0.0
10
471.530313964986
20
456.758564325714
30
0.0
40
310.561072388411
210
0.0
220
0.0
230
1.0
100
AcDbArc
50
307.319924269903
51
307.503404617893
0
ARC
5
1E6
330
70
100
AcDbEntity
67
0
8
0
62
256
6
ByLayer
370
-1
48
1.0
60
0
100
AcDbCircle
39
0.0
10
471.464357196477
20
456.844894431943
30
0.0
40
310.669714781396
210
0.0
220
0.0
230
1.0
100
AcDbArc
50
307.136380894603
51
307.319945301463
0
ARC
5
1E7
330
70
100
AcDbEntity
67
0
8
0
62
256
6
ByLayer
370
-1
48
1.0
60
0
100
AcDbCircle
39
0.0
10
471.41196936884
20
456.913922115392
30
0.0
40
310.756370983472
210
0.0
220
0.0
230
1.0
100
AcDbArc
50
306.952739014952
51
307.136397601876
0
ARC
5
1E8
330
70
100
AcDbEntity
67
0
8
0
62
256
6
ByLayer
370
-1
48
1.0
60
0
100
AcDbCircle
39
0.0
10
471.372977426538
20
456.965643144699
30
0.0
40
310.821143137293
210
0.0
220
0.0
230
1.0
100
AcDbArc
50
306.768988571273
51
306.952751418099
0
ARC
5
1E9
330
70
100
AcDbEntity
67
0
8
0
62
256
6
ByLayer
370
-1
48
1.0
60
0
100
AcDbCircle
39
0.0
10
471.347205489182
20
457.000058518571
30
0.0
40
310.86413858791
210
0.0
220
0.0
230
1.0
100
AcDbArc
50
306.585119543472
51
306.76899669
0
ARC
5
1EA
330
70
100
AcDbEntity
67
0
8
0
62
256
6
ByLayer
370
-1
48
1.0
60
0
100
AcDbCircle
39
0.0
10
471.334474151316
20
457.017175504375
30
0.0
40
310.885471138853
210
0.0
220
0.0
230
1.0
100
AcDbArc
50
306.40112195031
51
306.585123396815
0
ARC
5
1EB
330
70
100
AcDbEntity
67
0
8
0
62
256
6
ByLayer
370
-1
48
1.0
60
0
100
AcDbCircle
39
0.0
10
471.334602484191
20
457.017005044116
30
0.0
40
310.885257781255
210
0.0
220
0.0
230
1.0
100
AcDbArc
50
306.216985847088
51
306.401121556681
0
ARC
5
1EC
330
70
100
AcDbEntity
67
0
8
0
62
256
6
ByLayer
370
-1
48
1.0
60
0
100
AcDbCircle
39
0.0
10
471.347406115562
20
456.999564424729
30
0.0
40
310.863621987952
210
0.0
220
0.0
230
1.0
100
AcDbArc
50
306.032701325648
51
306.216981224629
0
ARC
5
1ED
330
70
100
AcDbEntity
67
0
8
0
62
256
6
ByLayer
370
-1
48
1.0
60
0
100
AcDbCircle
39
0.0
10
471.372698361494
20
456.96487585016
30
0.0
40
310.820691898119
210
0.0
220
0.0
230
1.0
100
AcDbArc
50
305.848258512638
51
306.032692491834
0
ARC
5
1EE
330
70
100
AcDbEntity
67
0
8
0
62
256
6
ByLayer
370
-1
48
1.0
60
0
100
AcDbCircle
39
0.0
10
471.410290258724
20
456.912966481445
30
0.0
40
310.756600336243
210
0.0
220
0.0
230
1.0
100
AcDbArc
50
305.663647568349
51
305.848245484374
0
ARC
5
1EF
330
70
100
AcDbEntity
67
0
8
0
62
256
6
ByLayer
370
-1
48
1.0
60
0
100
AcDbCircle
39
0.0
10
471.45999045463
20
456.843868675514
30
0.0
40
310.671485075855
210
0.0
220
0.0
230
1.0
100
AcDbArc
50
305.478858685887
51
305.663630362165
0
ARC
5
1F0
330
70
100
AcDbEntity
67
0
8
0
62
256
6
ByLayer
370
-1
48
1.0
60
0
100
AcDbCircle
39
0.0
10
471.5216054487
20
456.757619742213
30
0.0
40
310.565488507183
210
0.0
220
0.0
230
1.0
100
AcDbArc
50
305.293882089853
51
305.478837317767
0
ARC
5
1F1
330
70
100
AcDbEntity
67
0
8
0
62
256
6
ByLayer
370
-1
48
1.0
60
0
100
AcDbCircle
39
0.0
10
471.594939774346
20
456.654261773728
30
0.0
40
310.438757398734
210
0.0
220
0.0
230
1.0
100
AcDbArc
50
305.108708035326
51
305.293856575424
0
ARC
5
1F2
330
70
100
AcDbEntity
67
0
8
0
62
256
6
ByLayer
370
-1
48
1.0
60
0
100
AcDbCircle
39
0.0
10
471.679795311926
20
456.533842707361
30
0.0
40
310.291444167779
210
0.0
220
0.0
230
1.0
100
AcDbArc
50
304.923326807298
51
305.108678389667
0
ARC
5
1F3
330
70
100
AcDbEntity
67
0
8
0
62
256
6
ByLayer
370
-1
48
1.0
60
0
100
AcDbCircle
39
0.0
10
471.775972947021
20
456.396414064124
30
0.0
40
310.123704082943
210
0.0
220
0.0
230
1.0
100
AcDbArc
50
304.737728718719
51
304.923293044949
0
ARC
5
1F4
330
70
100
AcDbEntity
67
0
8
0
62
256
6
ByLayer
370
-1
48
1.0
60
0
100
AcDbCircle
39
0.0
10
471.8832711116
20
456.242033101618
30
0.0
40
309.935697871005
210
0.0
220
0.0
230
1.0
100
AcDbArc
50
304.551904110432
51
304.737690853947
0
ARC
5
1F5
330
70
100
AcDbEntity
67
0
8
0
62
256
6
ByLayer
370
-1
48
1.0
60
0
100
AcDbCircle
39
0.0
10
472.001486684374
20
456.070761620755
30
0.0
40
309.727590229783
210
0.0
220
0.0
230
1.0
100
AcDbArc
50
304.365843349823
51
304.551862157016
0
ARC
5
1F6
330
70
100
AcDbEntity
67
0
8
0
62
256
6
ByLayer
370
-1
48
1.0
60
0
100
AcDbCircle
39
0.0
10
472.13041506878
20
455.882665930906
30
0.0
40
309.499549761929
210
0.0
220
0.0
230
1.0
100
AcDbArc
50
304.17953682974
51
304.36579732107
0
ARC
5
1F7
330
70
100
AcDbEntity
67
0
8
0
62
256
6
ByLayer
370
-1
48
1.0
60
0
100
AcDbCircle
39
0.0
10
472.269849958189
20
455.677817272828
30
0.0
40
309.251749463412
210
0.0
220
0.0
230
1.0
100
AcDbArc
50
303.992974967967
51
304.179486738682
0
ARC
5
1F8
330
70
100
AcDbEntity
67
0
8
0
62
256
6
ByLayer
370
-1
48
1.0
60
0
100
AcDbCircle
39
0.0
10
472.419583606079
20
455.456291512249
30
0.0
40
308.984366325218
210
0.0
220
0.0
230
1.0
100
AcDbArc
50
303.806148206082
51
303.992920827103
0
ARC
5
1F9
330
70
100
AcDbEntity
67
0
8
0
62
256
6
ByLayer
370
-1
48
1.0
60
0
100
AcDbCircle
39
0.0
10
472.579407312698
20
455.218168494122
30
0.0
40
308.697580533005
210
0.0
220
0.0
230
1.0
100
AcDbArc
50
303.619047008451
51
303.80609002765
0
ARC
5
1FA
330
70
100
AcDbEntity
67
0
8
0
62
256
6
ByLayer
370
-1
48
1.0
60
0
100
AcDbCircle
39
0.0
10
472.74911052401
20
454.963533464897
30
0.0
40
308.391577157487
210
0.0
220
0.0
230
1.0
100
AcDbArc
50
303.431661861961
51
303.618984804343
0
ARC
5
1FB
330
70
100
AcDbEntity
67
0
8
0
62
256
6
ByLayer
370
-1
48
1.0
60
0
100
AcDbCircle
39
0.0
10
472.928481920422
20
454.692475532551
30
0.0
40
308.066544276629
210
0.0
220
0.0
230
1.0
100
AcDbArc
50
303.243983274619
51
303.431595643556
0
ARC
5
1FC
330
70
100
AcDbEntity
67
0
8
0
62
256
6
ByLayer
370
-1
48
1.0
60
0
100
AcDbCircle
39
0.0
10
473.117309284869
20
454.405087929587
30
0.0
40
307.722673275373
210
0.0
220
0.0
230
1.0
100
AcDbArc
50
303.056001774837
51
303.243913053034
0
ARC
5
1FD
330
70
100
AcDbEntity
67
0
8
0
62
256
6
ByLayer
370
-1
48
1.0
60
0
100
AcDbCircle
39
0.0
10
473.315378906367
20
454.101469002541
30
0.0
40
307.36016000784
210
0.0
220
0.0
230
1.0
100
AcDbArc
50
302.867707911222
51
303.055927560898
0
ARC
5
1FE
330
70
100
AcDbEntity
67
0
8
0
62
256
6
ByLayer
370
-1
48
1.0
60
0
100
AcDbCircle
39
0.0
10
473.522476865159
20
453.781720326511
30
0.0
40
306.97920252384
210
0.0
220
0.0
230
1.0
100
AcDbArc
50
302.679092250957
51
302.867629715322
0
ARC
5
1FF
330
70
100
AcDbEntity
67
0
8
0
62
256
6
ByLayer
370
-1
48
1.0
60
0
100
AcDbCircle
39
0.0
10
473.738387983069
20
453.445948387256
30
0.0
40
306.580003059323
210
0.0
220
0.0
230
1.0
100
AcDbArc
50
302.490145379873
51
302.679010083316
0
ARC
5
200
330
70
100
AcDbEntity
67
0
8
0
62
256
6
ByLayer
370
-1
48
1.0
60
0
100
AcDbCircle
39
0.0
10
473.96289658274
20
453.094263489602
30
0.0
40
306.16276671568
210
0.0
220
0.0
230
1.0
100
AcDbArc
50
302.300857901316
51
302.490059250304
0
ARC
5
201
330
70
100
AcDbEntity
67
0
8
0
62
256
6
ByLayer
370
-1
48
1.0
60
0
100
AcDbCircle
39
0.0
10
474.195786388678
20
452.72677997984
30
0.0
40
305.727701708719
210
0.0
220
0.0
230
1.0
100
AcDbArc
50
302.111220435625
51
302.300767819375
0
ARC
5
202
330
70
100
AcDbEntity
67
0
8
0
62
256
6
ByLayer
370
-1
48
1.0
60
0
100
AcDbCircle
39
0.0
10
474.436840687852
20
452.343616064673
30
0.0
40
305.275019138155
210
0.0
220
0.0
230
1.0
100
AcDbArc
50
301.921223619399
51
302.111126410604
0
ARC
5
203
330
70
100
AcDbEntity
67
0
8
0
62
256
6
ByLayer
370
-1
48
1.0
60
0
100
AcDbCircle
39
0.0
10
474.68584228764
20
451.944893949017
30
0.0
40
304.804933135154
210
0.0
220
0.0
230
1.0
100
AcDbArc
50
301.730858104977
51
301.921125660352
0
ARC
5
204
330
70
100
AcDbEntity
67
0
8
0
62
256
6
ByLayer
370
-1
48
1.0
60
0
100
AcDbCircle
39
0.0
10
474.942573557905
20
451.530739843854
30
0.0
40
304.317660855365
210
0.0
220
0.0
230
1.0
100
AcDbArc
50
301.540114559935
51
301.730756220692
0
ARC
5
205
330
70
100
AcDbEntity
67
0
8
0
62
256
6
ByLayer
370
-1
48
1.0
60
0
100
AcDbCircle
39
0.0
10
475.206816853996
20
451.101283354677
30
0.0
40
303.813421745056
210
0.0
220
0.0
230
1.0
100
AcDbArc
50
301.348983666191
51
301.540008758869
0
ARC
5
206
330
70
100
AcDbEntity
67
0
8
0
62
256
6
ByLayer
370
-1
48
1.0
60
0
100
AcDbCircle
39
0.0
10
475.478354354468
20
450.656657805115
30
0.0
40
303.292437910714
210
0.0
220
0.0
230
1.0
100
AcDbArc
50
301.157456119704
51
301.348873956703
0
ARC
5
207
330
70
100
AcDbEntity
67
0
8
0
62
256
6
ByLayer
370
-1
48
1.0
60
0
100
AcDbCircle
39
0.0
10
475.756967863484
20
450.197000636523
30
0.0
40
302.754934572103
210
0.0
220
0.0
230
1.0
100
AcDbArc
50
300.965522630113
51
301.157342509838
0
ARC
5
208
330
70
100
AcDbEntity
67
0
8
0
62
256
6
ByLayer
370
-1
48
1.0
60
0
100
AcDbCircle
39
0.0
10
476.042439706549
20
449.722451997744
30
0.0
40
302.201138401162
210
0.0
220
0.0
230
1.0
100
AcDbArc
50
300.773173919746
51
300.965405127722
0
ARC
5
209
330
70
100
AcDbEntity
67
0
8
0
62
256
6
ByLayer
370
-1
48
1.0
60
0
100
AcDbCircle
39
0.0
10
476.334551877306
20
449.233156219472
30
0.0
40
301.631279234527
210
0.0
220
0.0
230
1.0
100
AcDbArc
50
300.5804007237
51
300.773052532517
0
ARC
5
20A
330
70
100
AcDbEntity
67
0
8
0
62
256
6
ByLayer
370
-1
48
1.0
60
0
100
AcDbCircle
39
0.0
10
476.63308697345
20
448.729260318523
30
0.0
40
301.045588318946
210
0.0
220
0.0
230
1.0
100
AcDbArc
50
300.387193788901
51
300.580275459184
0
ARC
5
20B
330
70
100
AcDbEntity
67
0
8
0
62
256
6
ByLayer
370
-1
48
1.0
60
0
100
AcDbCircle
39
0.0
10
476.937827283828
20
448.210915598297
30
0.0
40
300.444300163144
210
0.0
220
0.0
230
1.0
100
AcDbArc
50
300.193543874366
51
300.387064654478
0
ARC
5
20C
330
70
100
AcDbEntity
67
0
8
0
62
256
6
ByLayer
370
-1
48
1.0
60
0
100
AcDbCircle
39
0.0
10
477.248556009756
20
447.678275645381
30
0.0
40
299.827650201507
210
0.0
220
0.0
230
1.0
100
AcDbArc
50
299.999441749969
51
300.193410877118
0
ARC
5
20D
330
70
100
AcDbEntity
67
0
8
0
62
256
6
ByLayer
370
-1
48
1.0
60
0
100
AcDbCircle
39
0.0
10
477.565056463074
20
447.131497748511
30
0.0
40
299.195876433718
210
0.0
220
0.0
230
1.0
100
AcDbArc
50
299.804878196745
51
299.999304896959
0
ARC
5
20E
330
70
100
AcDbEntity
67
0
8
0
62
256
6
ByLayer
370
-1
48
1.0
60
0
100
AcDbCircle
39
0.0
10
477.887112624976
20
446.57074200284
30
0.0
40
298.549218379528
210
0.0
220
0.0
230
1.0
100
AcDbArc
50
299.609844006227
51
299.804737494908
0
ARC
5
20F
330
70
100
AcDbEntity
67
0
8
0
62
256
6
ByLayer
370
-1
48
1.0
60
0
100
AcDbCircle
39
0.0
10
478.214508839783
20
445.996171900712
30
0.0
40
297.8879177537
210
0.0
220
0.0
230
1.0
100
AcDbArc
50
299.414329980382
51
299.609699462341
0
ARC
5
210
330
70
100
AcDbEntity
67
0
8
0
62
256
6
ByLayer
370
-1
48
1.0
60
0
100
AcDbCircle
39
0.0
10
478.54703038987
20
445.407953383205
30
0.0
40
297.212217367555
210
0.0
220
0.0
230
1.0
100
AcDbArc
50
299.218326931
51
299.414181601114
0
ARC
5
211
330
70
100
AcDbEntity
67
0
8
0
62
256
6
ByLayer
370
-1
48
1.0
60
0
100
AcDbCircle
39
0.0
10
478.884463087896
20
444.806255611002
30
0.0
40
296.522362011104
210
0.0
220
0.0
230
1.0
100
AcDbArc
50
299.021825679763
51
299.218174722973
0
ARC
5
212
330
70
100
AcDbEntity
67
0
8
0
62
256
6
ByLayer
370
-1
48
1.0
60
0
100
AcDbCircle
39
0.0
10
479.226593580928
20
444.191250485421
30
0.0
40
295.818597897042
210
0.0
220
0.0
230
1.0
100
AcDbArc
50
298.824817057945
51
299.021669649524
0
ARC
5
213
330
70
100
AcDbEntity
67
0
8
0
62
256
6
ByLayer
370
-1
48
1.0
60
0
100
AcDbCircle
39
0.0
10
479.573209429849
20
443.563112559236
30
0.0
40
295.101172554871
210
0.0
220
0.0
230
1.0
100
AcDbArc
50
298.627291906097
51
298.824657211906
0
ARC
5
214
330
70
100
AcDbEntity
67
0
8
0
62
256
6
ByLayer
370
-1
48
1.0
60
0
100
AcDbCircle
39
0.0
10
479.924099225775
20
442.922018874504
30
0.0
40
294.370334643458
210
0.0
220
0.0
230
1.0
100
AcDbArc
50
298.429241073926
51
298.627128250708
0
ARC
5
215
330
70
100
AcDbEntity
67
0
8
0
62
256
6
ByLayer
370
-1
48
1.0
60
0
100
AcDbCircle
39
0.0
10
480.309484634361
20
442.211645421412
30
0.0
40
293.562156547044
210
0.0
220
0.0
230
1.0
100
AcDbArc
50
298.230638935312
51
298.429100459282
0
ARC
5
216
330
70
100
AcDbEntity
67
0
8
0
62
256
6
ByLayer
370
-1
48
1.0
60
0
100
AcDbCircle
39
0.0
10
480.275084107796
20
442.276205804321
30
0.0
40
293.635309718133
210
0.0
220
0.0
230
1.0
100
AcDbArc
50
298.03215684133
51
298.230594080956
0
ARC
5
217
330
70
100
AcDbEntity
67
0
8
0
62
256
6
ByLayer
370
-1
48
1.0
60
0
100
AcDbCircle
39
0.0
10
480.256505295081
20
442.311005991824
30
0.0
40
293.674758715227
210
0.0
220
0.0
230
1.0
100
AcDbArc
50
297.833732654041
51
298.032165480157
0
ARC
5
218
330
70
100
AcDbEntity
67
0
8
0
62
256
6
ByLayer
370
-1
48
1.0
60
0
100
AcDbCircle
39
0.0
10
480.244198790687
20
442.334251753847
30
0.0
40
293.701061085
210
0.0
220
0.0
230
1.0
100
AcDbArc
50
297.635302660703
51
297.833738331199
0
ARC
5
219
330
70
100
AcDbEntity
67
0
8
0
62
256
6
ByLayer
370
-1
48
1.0
60
0
100
AcDbCircle
39
0.0
10
480.23808126457
20
442.34590592348
30
0.0
40
293.71422328852
210
0.0
220
0.0
230
1.0
100
AcDbArc
50
297.436859610891
51
297.635305378677
0
ARC
5
21A
330
70
100
AcDbEntity
67
0
8
0
62
256
6
ByLayer
370
-1
48
1.0
60
0
100
AcDbCircle
39
0.0
10
480.238067587843
20
442.345934924891
30
0.0
40
293.714255329665
210
0.0
220
0.0
230
1.0
100
AcDbArc
50
297.238396259239
51
297.436859371995
0
ARC
5
21B
330
70
100
AcDbEntity
67
0
8
0
62
256
6
ByLayer
370
-1
48
1.0
60
0
100
AcDbCircle
39
0.0
10
480.244071481914
20
442.334307608301
30
0.0
40
293.701169422469
210
0.0
220
0.0
230
1.0
100
AcDbArc
50
297.039905364918
51
297.238393065752
0
ARC
5
21C
330
70
100
AcDbEntity
67
0
8
0
62
256
6
ByLayer
370
-1
48
1.0
60
0
100
AcDbCircle
39
0.0
10
480.256005060139
20
442.310996206766
30
0.0
40
293.674981052181
210
0.0
220
0.0
230
1.0
100
AcDbArc
50
296.841379691613
51
297.039899218986
0
ARC
5
21D
330
70
100
AcDbEntity
67
0
8
0
62
256
6
ByLayer
370
-1
48
1.0
60
0
100
AcDbCircle
39
0.0
10
480.273779329967
20
442.275975432443
30
0.0
40
293.635707942695
210
0.0
220
0.0
230
1.0
100
AcDbArc
50
296.642812007088
51
296.841370595435
0
ARC
5
21E
330
70
100
AcDbEntity
67
0
8
0
62
256
6
ByLayer
370
-1
48
1.0
60
0
100
AcDbCircle
39
0.0
10
480.297303513853
20
442.229223892244
30
0.0
40
293.583371627111
210
0.0
220
0.0
230
1.0
100
AcDbArc
50
296.444195083408
51
296.642799962687
0
ARC
5
21F
330
70
100
AcDbEntity
67
0
8
0
62
256
6
ByLayer
370
-1
48
1.0
60
0
100
AcDbCircle
39
0.0
10
480.326485950782
20
442.170722383543
30
0.0
40
293.517995521028
210
0.0
220
0.0
230
1.0
100
AcDbArc
50
296.245521696145
51
296.44418009268
0
ARC
5
220
330
70
100
AcDbEntity
67
0
8
0
62
256
6
ByLayer
370
-1
48
1.0
60
0
100
AcDbCircle
39
0.0
10
480.361233645651
20
442.100454855896
30
0.0
40
293.439605985369
210
0.0
220
0.0
230
1.0
100
AcDbArc
50
296.046784624399
51
296.245503761001
0
ARC
5
221
330
70
100
AcDbEntity
67
0
8
0
62
256
6
ByLayer
370
-1
48
1.0
60
0
100
AcDbCircle
39
0.0
10
480.401452072685
20
442.018408897847
30
0.0
40
293.348232851047
210
0.0
220
0.0
230
1.0
100
AcDbArc
50
295.84797665095
51
296.046763746665
0
ARC
5
222
330
70
100
AcDbEntity
67
0
8
0
62
256
6
ByLayer
370
-1
48
1.0
60
0
100
AcDbCircle
39
0.0
10
480.447045995626
20
441.924574145449
30
0.0
40
293.24390763022
210
0.0
220
0.0
230
1.0
100
AcDbArc
50
295.649090561252
51
295.847952832309
0
ARC
5
223
330
70
100
AcDbEntity
67
0
8
0
62
256
6
ByLayer
370
-1
48
1.0
60
0
100
AcDbCircle
39
0.0
10
480.497918546367
20
441.818944243419
30
0.0
40
293.126665684338
210
0.0
220
0.0
230
1.0
100
AcDbArc
50
295.450119144135
51
295.649063803419
0
ARC
5
224
330
70
100
AcDbEntity
67
0
8
0
62
256
6
ByLayer
370
-1
48
1.0
60
0
100
AcDbCircle
39
0.0
10
480.553972046816
20
441.701515236077
30
0.0
40
292.996544419328
210
0.0
220
0.0
230
1.0
100
AcDbArc
50
295.251055190886
51
295.450089448618
0
ARC
5
225
330
70
100
AcDbEntity
67
0
8
0
62
256
6
ByLayer
370
-1
48
1.0
60
0
100
AcDbCircle
39
0.0
10
480.615107766539
20
441.572286135075
30
0.0
40
292.853583904011
210
0.0
220
0.0
230
1.0
100
AcDbArc
50
295.051891495286
51
295.251022559268
0
ARC
5
226
330
70
100
AcDbEntity
67
0
8
0
62
256
6
ByLayer
370
-1
48
1.0
60
0
100
AcDbCircle
39
0.0
10
480.68122563986
20
441.431259605072
30
0.0
40
292.697827612621
210
0.0
220
0.0
230
1.0
100
AcDbArc
50
294.852620853692
51
295.05185592904
0
ARC
5
227
330
70
100
AcDbEntity
67
0
8
0
62
256
6
ByLayer
370
-1
48
1.0
60
0
100
AcDbCircle
39
0.0
10
480.752224835964
20
441.278440836783
30
0.0
40
292.529321164288
210
0.0
220
0.0
230
1.0
100
AcDbArc
50
294.65323606445
51
294.85258235416
0
ARC
5
228
330
70
100
AcDbEntity
67
0
8
0
62
256
6
ByLayer
370
-1
48
1.0
60
0
100
AcDbCircle
39
0.0
10
480.828003606599
20
441.113837940016
30
0.0
40
292.348112745653
210
0.0
220
0.0
230
1.0
100
AcDbArc
50
294.453729927742
51
294.653194632959
0
ARC
5
229
330
70
100
AcDbEntity
67
0
8
0
62
256
6
ByLayer
370
-1
48
1.0
60
0
100
AcDbCircle
39
0.0
10
480.908459004664
20
440.937462640181
30
0.0
40
292.154253863299
210
0.0
220
0.0
230
1.0
100
AcDbArc
50
294.254095245841
51
294.453685565592
0
ARC
5
22A
330
70
100
AcDbEntity
67
0
8
0
62
256
6
ByLayer
370
-1
48
1.0
60
0
100
AcDbCircle
39
0.0
10
480.993487526597
20
440.749328958217
30
0.0
40
291.947797878348
210
0.0
220
0.0
230
1.0
100
AcDbArc
50
294.054324822251
51
294.254047954167
0
ARC
5
22B
330
70
100
AcDbEntity
67
0
8
0
62
256
6
ByLayer
370
-1
48
1.0
60
0
100
AcDbCircle
39
0.0
10
481.082984602365
20
440.549454404956
30
0.0
40
291.728801307187
210
0.0
220
0.0
230
1.0
100
AcDbArc
50
293.854411462154
51
294.05427460228
0
ARC
5
22C
330
70
100
AcDbEntity
67
0
8
0
62
256
6
ByLayer
370
-1
48
1.0
60
0
100
AcDbCircle
39
0.0
10
481.176844913963
20
440.337859364421
30
0.0
40
291.497323130888
210
0.0
220
0.0
230
1.0
100
AcDbArc
50
293.654347971912
51
293.854358314972
0
ARC
5
22D
330
70
100
AcDbEntity
67
0
8
0
62
256
6
ByLayer
370
-1
48
1.0
60
0
100
AcDbCircle
39
0.0
10
481.274962377481
20
440.114567211613
30
0.0
40
291.253424912695
210
0.0
220
0.0
230
1.0
100
AcDbArc
50
293.45412715897
51
293.654291898528
0
ARC
5
22E
330
70
100
AcDbEntity
67
0
8
0
62
256
6
ByLayer
370
-1
48
1.0
60
0
100
AcDbCircle
39
0.0
10
481.377230272913
20
439.879604094888
30
0.0
40
290.997170549238
210
0.0
220
0.0
230
1.0
100
AcDbArc
50
293.25374183164
51
293.454068160417
0
ARC
5
22F
330
70
100
AcDbEntity
67
0
8
0
62
256
6
ByLayer
370
-1
48
1.0
60
0
100
AcDbCircle
39
0.0
10
481.483541005981
20
439.632999566018
30
0.0
40
290.728626946061
210
0.0
220
0.0
230
1.0
100
AcDbArc
50
293.053184799225
51
293.253679908922
0
ARC
5
230
330
70
100
AcDbEntity
67
0
8
0
62
256
6
ByLayer
370
-1
48
1.0
60
0
100
AcDbCircle
39
0.0
10
481.593786483369
20
439.374785800602
30
0.0
40
290.447863156066
210
0.0
220
0.0
230
1.0
100
AcDbArc
50
292.852448871466
51
293.053119953165
0
ARC
5
231
330
70
100
AcDbEntity
67
0
8
0
62
256
6
ByLayer
370
-1
48
1.0
60
0
100
AcDbCircle
39
0.0
10
481.707857979296
20
439.104997981519
30
0.0
40
290.154950787584
210
0.0
220
0.0
230
1.0
100
AcDbArc
50
292.651526858727
51
292.85238110298
0
ARC
5
232
330
70
100
AcDbEntity
67
0
8
0
62
256
6
ByLayer
370
-1
48
1.0
60
0
100
AcDbCircle
39
0.0
10
481.82564620338
20
438.82367422523
30
0.0
40
289.849963913167
210
0.0
220
0.0
230
1.0
100
AcDbArc
50
292.45041157166
51
292.651456168624
0
ARC
5
233
330
70
100
AcDbEntity
67
0
8
0
62
256
6
ByLayer
370
-1
48
1.0
60
0
100
AcDbCircle
39
0.0
10
481.947041301636
20
438.530855661685
30
0.0
40
289.532979146155
210
0.0
220
0.0
230
1.0
100
AcDbArc
50
292.249095821286
51
292.450337960773
0
ARC
5
234
330
70
100
AcDbEntity
67
0
8
0
62
256
6
ByLayer
370
-1
48
1.0
60
0
100
AcDbCircle
39
0.0
10
482.071932965712
20
438.226586256968
30
0.0
40
289.204075438348
210
0.0
220
0.0
230
1.0
100
AcDbArc
50
292.047572418709
51
292.249019290356
0
ARC
5
235
330
70
100
AcDbEntity
67
0
8
0
62
256
6
ByLayer
370
-1
48
1.0
60
0
100
AcDbCircle
39
0.0
10
482.20021051617
20
437.910912688159
30
0.0
40
288.863333936091
210
0.0
220
0.0
230
1.0
100
AcDbArc
50
291.845834174978
51
292.047492968487
0
ARC
5
236
330
70
100
AcDbEntity
67
0
8
0
62
256
6
ByLayer
370
-1
48
1.0
60
0
100
AcDbCircle
39
0.0
10
482.331762756321
20
437.583884785191
30
0.0
40
288.510838448221
210
0.0
220
0.0
230
1.0
100
AcDbArc
50
291.643873901213
51
291.84575180624
0
ARC
5
237
330
70
100
AcDbEntity
67
0
8
0
62
256
6
ByLayer
370
-1
48
1.0
60
0
100
AcDbCircle
39
0.0
10
482.466478269617
20
437.245554878826
30
0.0
40
288.146674733852
210
0.0
220
0.0
230
1.0
100
AcDbArc
50
291.441684408194
51
291.643788614706
0
ARC
5
238
330
70
100
AcDbEntity
67
0
8
0
62
256
6
ByLayer
370
-1
48
1.0
60
0
100
AcDbCircle
39
0.0
10
482.604244984505
20
436.895978980005
30
0.0
40
287.770931762852
210
0.0
220
0.0
230
1.0
100
AcDbArc
50
291.239258506859
51
291.441596204581
0
ARC
5
239
330
70
100
AcDbEntity
67
0
8
0
62
256
6
ByLayer
370
-1
48
1.0
60
0
100
AcDbCircle
39
0.0
10
482.744951088398
20
436.535214549307
30
0.0
40
287.383699309457
210
0.0
220
0.0
230
1.0
100
AcDbArc
50
291.036589007189
51
291.239167386703
0
ARC
5
23A
330
70
100
AcDbEntity
67
0
8
0
62
256
6
ByLayer
370
-1
48
1.0
60
0
100
AcDbCircle
39
0.0
10
482.888484154892
20
436.163322789178
30
0.0
40
286.985070409011
210
0.0
220
0.0
230
1.0
100
AcDbArc
50
290.83366871921
51
291.03649497131
0
ARC
5
23B
330
70
100
AcDbEntity
67
0
8
0
62
256
6
ByLayer
370
-1
48
1.0
60
0
100
AcDbCircle
39
0.0
10
483.034731640531
20
435.780367470169
30
0.0
40
286.575140088186
210
0.0
220
0.0
230
1.0
100
AcDbArc
50
290.630490452412
51
290.83357176831
0
ARC
5
23C
330
70
100
AcDbEntity
67
0
8
0
62
256
6
ByLayer
370
-1
48
1.0
60
0
100
AcDbCircle
39
0.0
10
483.183580844031
20
435.386415115228
30
0.0
40
286.154005555977
210
0.0
220
0.0
230
1.0
100
AcDbArc
50
290.427047015786
51
290.630390587155
0
ARC
5
23D
330
70
100
AcDbEntity
67
0
8
0
62
256
6
ByLayer
370
-1
48
1.0
60
0
100
AcDbCircle
39
0.0
10
483.334918944492
20
434.981534983615
30
0.0
40
285.721766179549
210
0.0
220
0.0
230
1.0
100
AcDbArc
50
290.223331217777
51
290.426944236781
0
ARC
5
23E
330
70
100
AcDbEntity
67
0
8
0
62
256
6
ByLayer
370
-1
48
1.0
60
0
100
AcDbCircle
39
0.0
10
483.488633228363
20
434.5657985395
30
0.0
40
285.278522911506
210
0.0
220
0.0
230
1.0
100
AcDbArc
50
290.019335866028
51
290.223225525722
0
ARC
5
23F
330
70
100
AcDbEntity
67
0
8
0
62
256
6
ByLayer
370
-1
48
1.0
60
0
100
AcDbCircle
39
0.0
10
483.644610584881
20
434.139280901196
30
0.0
40
284.824379828778
210
0.0
220
0.0
230
1.0
100
AcDbArc
50
289.815053768106
51
290.019227261708
0
ARC
5
240
330
70
100
AcDbEntity
67
0
8
0
62
256
6
ByLayer
370
-1
48
1.0
60
0
100
AcDbCircle
39
0.0
10
483.802738357688
20
433.702058611736
30
0.0
40
284.35944175105
210
0.0
220
0.0
230
1.0
100
AcDbArc
50
289.610477730312
51
289.814942252145
0
ARC
5
241
330
70
100
AcDbEntity
67
0
8
0
62
256
6
ByLayer
370
-1
48
1.0
60
0
100
AcDbCircle
39
0.0
10
483.962903554846
20
433.254211880624
30
0.0
40
283.883816622429
210
0.0
220
0.0
230
1.0
100
AcDbArc
50
289.405600558946
51
289.61036330363
0
ARC
5
242
330
70
100
AcDbEntity
67
0
8
0
62
256
6
ByLayer
370
-1
48
1.0
60
0
100
AcDbCircle
39
0.0
10
484.12499346716
20
432.795822970998
30
0.0
40
283.397613789517
210
0.0
220
0.0
230
1.0
100
AcDbArc
50
289.200415059374
51
289.405483222224
0
ARC
5
243
330
70
100
AcDbEntity
67
0
8
0
62
256
6
ByLayer
370
-1
48
1.0
60
0
100
AcDbCircle
39
0.0
10
484.288895567225
20
432.326976544831
30
0.0
40
282.900944365642
210
0.0
220
0.0
230
1.0
100
AcDbArc
50
288.994914036372
51
289.200294813498
0
ARC
5
244
330
70
100
AcDbEntity
67
0
8
0
62
256
6
ByLayer
370
-1
48
1.0
60
0
100
AcDbCircle
39
0.0
10
484.45449725142
20
431.84776049428
30
0.0
40
282.393922105958
210
0.0
220
0.0
230
1.0
100
AcDbArc
50
288.789090294524
51
288.994790882258
0
ARC
5
245
330
70
100
AcDbEntity
67
0
8
0
62
256
6
ByLayer
370
-1
48
1.0
60
0
100
AcDbCircle
39
0.0
10
484.621686399766
20
431.358264418475
30
0.0
40
281.876661790235
210
0.0
220
0.0
230
1.0
100
AcDbArc
50
288.582936637491
51
288.788964232947
0
ARC
5
246
330
70
100
AcDbEntity
67
0
8
0
62
256
6
ByLayer
370
-1
48
1.0
60
0
100
AcDbCircle
39
0.0
10
484.790351026151
20
430.85858070575
30
0.0
40
281.349280365511
210
0.0
220
0.0
230
1.0
100
AcDbArc
50
288.376445868783
51
288.582807669552
0
ARC
5
247
330
70
100
AcDbEntity
67
0
8
0
62
256
6
ByLayer
370
-1
48
1.0
60
0
100
AcDbCircle
39
0.0
10
484.960379420816
20
430.348804213958
30
0.0
40
280.811896603157
210
0.0
220
0.0
230
1.0
100
AcDbArc
50
288.169610791411
51
288.376313995466
0
ARC
5
248
330
70
100
AcDbEntity
67
0
8
0
62
256
6
ByLayer
370
-1
48
1.0
60
0
100
AcDbCircle
39
0.0
10
485.131660181302
20
429.829032260681
30
0.0
40
280.264631085477
210
0.0
220
0.0
230
1.0
100
AcDbArc
50
287.962424208279
51
288.169476013842
0
ARC
5
249
330
70
100
AcDbEntity
67
0
8
0
62
256
6
ByLayer
370
-1
48
1.0
60
0
100
AcDbCircle
39
0.0
10
485.304082362549
20
429.299364252248
30
0.0
40
279.707605812188
210
0.0
220
0.0
230
1.0
100
AcDbArc
50
287.754878921916
51
287.962286527582
0
ARC
5
24A
330
70
100
AcDbEntity
67
0
8
0
62
256
6
ByLayer
370
-1
48
1.0
60
0
100
AcDbCircle
39
0.0
10
485.477535377194
20
428.759902065031
30
0.0
40
279.140944599756
210
0.0
220
0.0
230
1.0
100
AcDbArc
50
287.546967734873
51
287.754738339398
0
ARC
5
24B
330
70
100
AcDbEntity
67
0
8
0
62
256
6
ByLayer
370
-1
48
1.0
60
0
100
AcDbCircle
39
0.0
10
485.651909050237
20
428.210749968427
30
0.0
40
278.564772997359
210
0.0
220
0.0
230
1.0
100
AcDbArc
50
287.338683449799
51
287.546824251897
0
ARC
5
24C
330
70
100
AcDbEntity
67
0
8
0
62
256
6
ByLayer
370
-1
48
1.0
60
0
100
AcDbCircle
39
0.0
10
485.82709375246
20
427.652014289378
30
0.0
40
277.979217932915
210
0.0
220
0.0
230
1.0
100
AcDbArc
50
287.130018869394
51
287.338537067769
0
ARC
5
24D
330
70
100
AcDbEntity
67
0
8
0
62
256
6
ByLayer
370
-1
48
1.0
60
0
100
AcDbCircle
39
0.0
10
486.002980235925
20
427.083804020218
30
0.0
40
277.384408348573
210
0.0
220
0.0
230
1.0
100
AcDbArc
50
286.920966797034
51
287.129869589883
0
ARC
5
24E
330
70
100
AcDbEntity
67
0
8
0
62
256
6
ByLayer
370
-1
48
1.0
60
0
100
AcDbCircle
39
0.0
10
486.179460024135
20
426.506229650372
30
0.0
40
276.780473975673
210
0.0
220
0.0
230
1.0
100
AcDbArc
50
286.711520036124
51
286.920814621518
0
ARC
5
24F
330
70
100
AcDbEntity
67
0
8
0
62
256
6
ByLayer
370
-1
48
1.0
60
0
100
AcDbCircle
39
0.0
10
486.356425086644
20
425.919404291402
30
0.0
40
276.167546512287
210
0.0
220
0.0
230
1.0
100
AcDbArc
50
286.501671391161
51
286.711364966498
0
ARC
5
250
330
70
100
AcDbEntity
67
0
8
0
62
256
6
ByLayer
370
-1
48
1.0
60
0
100
AcDbCircle
39
0.0
10
486.533768024182
20
425.323443173147
30
0.0
40
275.545759093977
210
0.0
220
0.0
230
1.0
100
AcDbArc
50
286.291413667402
51
286.501513429207
0
ARC
5
251
330
70
100
AcDbEntity
67
0
8
0
62
256
6
ByLayer
370
-1
48
1.0
60
0
100
AcDbCircle
39
0.0
10
486.711382211176
20
424.71846323718
30
0.0
40
274.915245870241
210
0.0
220
0.0
230
1.0
100
AcDbArc
50
286.08073967111
51
286.291252815119
0
ARC
5
252
330
70
100
AcDbEntity
67
0
8
0
62
256
6
ByLayer
370
-1
48
1.0
60
0
100
AcDbCircle
39
0.0
10
486.889161634706
20
424.104583762081
30
0.0
40
274.276142656699
210
0.0
220
0.0
230
1.0
100
AcDbArc
50
285.869642210008
51
286.080575930705
0
ARC
5
253
330
70
100
AcDbEntity
67
0
8
0
62
256
6
ByLayer
370
-1
48
1.0
60
0
100
AcDbCircle
39
0.0
10
487.067000971491
20
423.481926198565
30
0.0
40
273.628586762293
210
0.0
220
0.0
230
1.0
100
AcDbArc
50
285.658114093509
51
285.869475583744
0
ARC
5
254
330
70
100
AcDbEntity
67
0
8
0
62
256
6
ByLayer
370
-1
48
1.0
60
0
100
AcDbCircle
39
0.0
10
487.244795838338
20
422.850613371237
30
0.0
40
272.972716160074
210
0.0
220
0.0
230
1.0
100
AcDbArc
50
285.446148132566
51
285.657944583765
0
ARC
5
255
330
70
100
AcDbEntity
67
0
8
0
62
256
6
ByLayer
370
-1
48
1.0
60
0
100
AcDbCircle
39
0.0
10
487.422442444571
20
422.210770787223
30
0.0
40
272.308670848289
210
0.0
220
0.0
230
1.0
100
AcDbArc
50
285.233737140658
51
285.445975741938
0
ARC
5
256
330
70
100
AcDbEntity
67
0
8
0
62
256
6
ByLayer
370
-1
48
1.0
60
0
100
AcDbCircle
39
0.0
10
487.599838109093
20
421.562524870241
30
0.0
40
271.636591017834
210
0.0
220
0.0
230
1.0
100
AcDbArc
50
285.020873933214
51
285.233561871865
0
ARC
5
257
330
70
100
AcDbEntity
67
0
8
0
62
256
6
ByLayer
370
-1
48
1.0
60
0
100
AcDbCircle
39
0.0
10
487.490789523731
20
421.969772153576
30
0.0
40
272.058185483652
210
0.0
220
0.0
230
1.0
100
AcDbArc
50
284.808547437508
51
285.020826736876
0
ARC
5
258
330
70
100
AcDbEntity
67
0
8
0
62
256
6
ByLayer
370
-1
48
1.0
60
0
100
AcDbCircle
39
0.0
10
487.309013975764
20
422.652544970209
30
0.0
40
272.764740198326
210
0.0
220
0.0
230
1.0
100
AcDbArc
50
284.597159857512
51
284.808805391567
0
ARC
5
259
330
70
100
AcDbEntity
67
0
8
0
62
256
6
ByLayer
370
-1
48
1.0
60
0
100
AcDbCircle
39
0.0
10
487.30817363046
20
422.655760111512
30
0.0
40
272.768063345209
210
0.0
220
0.0
230
1.0
100
AcDbArc
50
284.385602946938
51
284.597160474223
0
ARC
5
25A
330
70
100
AcDbEntity
67
0
8
0
62
256
6
ByLayer
370
-1
48
1.0
60
0
100
AcDbCircle
39
0.0
10
487.310150031393
20
422.648098366366
30
0.0
40
272.76015079944
210
0.0
220
0.0
230
1.0
100
AcDbArc
50
284.174123909023
51
284.385600657637
0
ARC
5
25B
330
70
100
AcDbEntity
67
0
8
0
62
256
6
ByLayer
370
-1
48
1.0
60
0
100
AcDbCircle
39
0.0
10
487.314875741003
20
422.629488236513
30
0.0
40
272.740950053359
210
0.0
220
0.0
230
1.0
100
AcDbArc
50
283.962715479397
51
284.174118702044
0
ARC
5
25C
330
70
100
AcDbEntity
67
0
8
0
62
256
6
ByLayer
370
-1
48
1.0
60
0
100
AcDbCircle
39
0.0
10
487.32228205936
20
422.599861047317
30
0.0
40
272.710411186462
210
0.0
220
0.0
230
1.0
100
AcDbArc
50
283.751370369169
51
283.962707343144
0
ARC
5
25D
330
70
100
AcDbEntity
67
0
8
0
62
256
6
ByLayer
370
-1
48
1.0
60
0
100
AcDbCircle
39
0.0
10
487.3322989971
20
422.5591512092
30
0.0
40
272.668487121991
210
0.0
220
0.0
230
1.0
100
AcDbArc
50
283.54008126494
51
283.75135929194
0
ARC
5
25E
330
70
100
AcDbEntity
67
0
8
0
62
256
6
ByLayer
370
-1
48
1.0
60
0
100
AcDbCircle
39
0.0
10
487.344855561025
20
422.507295196879
30
0.0
40
272.615132564038
210
0.0
220
0.0
230
1.0
100
AcDbArc
50
283.328840828149
51
283.540067234929
0
ARC
5
25F
330
70
100
AcDbEntity
67
0
8
0
62
256
6
ByLayer
370
-1
48
1.0
60
0
100
AcDbCircle
39
0.0
10
487.359879480973
20
422.444232796147
30
0.0
40
272.550305270249
210
0.0
220
0.0
230
1.0
100
AcDbArc
50
283.117641695635
51
283.328823833714
0
ARC
5
260
330
70
100
AcDbEntity
67
0
8
0
62
256
6
ByLayer
370
-1
48
1.0
60
0
100
AcDbCircle
39
0.0
10
487.377297421916
20
422.369906384249
30
0.0
40
272.473965299395
210
0.0
220
0.0
230
1.0
100
AcDbArc
50
282.906476478989
51
283.117621724952
0
ARC
5
261
330
70
100
AcDbEntity
67
0
8
0
62
256
6
ByLayer
370
-1
48
1.0
60
0
100
AcDbCircle
39
0.0
10
487.397034935916
20
422.284261270785
30
0.0
40
272.386075351151
210
0.0
220
0.0
230
1.0
100
AcDbArc
50
282.695337764711
51
282.906453520279
0
ARC
5
262
330
70
100
AcDbEntity
67
0
8
0
62
256
6
ByLayer
370
-1
48
1.0
60
0
100
AcDbCircle
39
0.0
10
487.419016502336
20
422.187245683391
30
0.0
40
272.28660074014
210
0.0
220
0.0
230
1.0
100
AcDbArc
50
282.484218113947
51
282.695311806088
0
ARC
5
263
330
70
100
AcDbEntity
67
0
8
0
62
256
6
ByLayer
370
-1
48
1.0
60
0
100
AcDbCircle
39
0.0
10
487.443165624356
20
422.078810491755
30
0.0
40
272.175509102596
210
0.0
220
0.0
230
1.0
100
AcDbArc
50
282.273110062191
51
282.484189143477
0
ARC
5
264
330
70
100
AcDbEntity
67
0
8
0
62
256
6
ByLayer
370
-1
48
1.0
60
0
100
AcDbCircle
39
0.0
10
487.469404677514
20
421.95891004571
30
0.0
40
272.052771244607
210
0.0
220
0.0
230
1.0
100
AcDbArc
50
282.062006119628
51
282.273078067963
0
ARC
5
265
330
70
100
AcDbEntity
67
0
8
0
62
256
6
ByLayer
370
-1
48
1.0
60
0
100
AcDbCircle
39
0.0
10
487.497655269007
20
421.827500702127
30
0.0
40
271.918359623648
210
0.0
220
0.0
230
1.0
100
AcDbArc
50
281.850898770086
51
282.061971089623
0
ARC
5
266
330
70
100
AcDbEntity
67
0
8
0
62
256
6
ByLayer
370
-1
48
1.0
60
0
100
AcDbCircle
39
0.0
10
487.527837771244
20
421.684543144523
30
0.0
40
271.772250711949
210
0.0
220
0.0
230
1.0
100
AcDbArc
50
281.639780472056
51
281.850860692307
0
ARC
5
267
330
70
100
AcDbEntity
67
0
8
0
62
256
6
ByLayer
370
-1
48
1.0
60
0
100
AcDbCircle
39
0.0
10
487.559871899523
20
421.529999857795
30
0.0
40
271.614422403988
210
0.0
220
0.0
230
1.0
100
AcDbArc
50
281.428643657334
51
281.639739334307
0
ARC
5
268
330
70
100
AcDbEntity
67
0
8
0
62
256
6
ByLayer
370
-1
48
1.0
60
0
100
AcDbCircle
39
0.0
10
487.59367637347
20
421.363836881934
30
0.0
40
271.444855800231
210
0.0
220
0.0
230
1.0
100
AcDbArc
50
281.217480731537
51
281.428599447508
0
ARC
5
269
330
70
100
AcDbEntity
67
0
8
0
62
256
6
ByLayer
370
-1
48
1.0
60
0
100
AcDbCircle
39
0.0
10
487.629169050177
20
421.186023366108
30
0.0
40
271.263534741497
210
0.0
220
0.0
230
1.0
100
AcDbArc
50
281.006284073827
51
281.217433437486
0
ARC
5
26A
330
70
100
AcDbEntity
67
0
8
0
62
256
6
ByLayer
370
-1
48
1.0
60
0
100
AcDbCircle
39
0.0
10
487.666266929988
20
420.99653173427
30
0.0
40
271.070445968267
210
0.0
220
0.0
230
1.0
100
AcDbArc
50
280.795046036674
51
281.006233683169
0
ARC
5
26B
330
70
100
AcDbEntity
67
0
8
0
62
256
6
ByLayer
370
-1
48
1.0
60
0
100
AcDbCircle
39
0.0
10
487.704886382879
20
420.79533669788
30
0.0
40
270.865578106481
210
0.0
220
0.0
230
1.0
100
AcDbArc
50
280.583758945267
51
280.794992537047
0
ARC
5
26C
330
70
100
AcDbEntity
67
0
8
0
62
256
6
ByLayer
370
-1
48
1.0
60
0
100
AcDbCircle
39
0.0
10
487.744942825589
20
420.582417112821
30
0.0
40
270.648923550305
210
0.0
220
0.0
230
1.0
100
AcDbArc
50
280.372415098123
51
280.583702324334
0
ARC
5
26D
330
70
100
AcDbEntity
67
0
8
0
62
256
6
ByLayer
370
-1
48
1.0
60
0
100
AcDbCircle
39
0.0
10
487.786351098726
20
420.357754210767
30
0.0
40
270.420476652674
210
0.0
220
0.0
230
1.0
100
AcDbArc
50
280.161006766054
51
280.372355343351
0
ARC
5
26E
330
70
100
AcDbEntity
67
0
8
0
62
256
6
ByLayer
370
-1
48
1.0
60
0
100
AcDbCircle
39
0.0
10
487.829025248739
20
420.121332950079
30
0.0
40
270.180235091891
210
0.0
220
0.0
230
1.0
100
AcDbArc
50
279.949526192626
51
280.160943864939
0
ARC
5
26F
330
70
100
AcDbEntity
67
0
8
0
62
256
6
ByLayer
370
-1
48
1.0
60
0
100
AcDbCircle
39
0.0
10
487.872878735826
20
419.873141097215
30
0.0
40
269.928198929385
210
0.0
220
0.0
230
1.0
100
AcDbArc
50
279.737965593412
51
279.949460132449
0
ARC
5
270
330
70
100
AcDbEntity
67
0
8
0
62
256
6
ByLayer
370
-1
48
1.0
60
0
100
AcDbCircle
39
0.0
10
487.917824410469
20
419.613169539384
30
0.0
40
269.664370920498
210
0.0
220
0.0
230
1.0
100
AcDbArc
50
279.526317155982
51
279.737896361513
0
ARC
5
271
330
70
100
AcDbEntity
67
0
8
0
62
256
6
ByLayer
370
-1
48
1.0
60
0
100
AcDbCircle
39
0.0
10
487.963774463638
20
419.341412799589
30
0.0
40
269.388757029404
210
0.0
220
0.0
230
1.0
100
AcDbArc
50
279.314573039926
51
279.526244739658
0
ARC
5
272
330
70
100
AcDbEntity
67
0
8
0
62
256
6
ByLayer
370
-1
48
1.0
60
0
100
AcDbCircle
39
0.0
10
488.01064059169
20
419.057868302497
30
0.0
40
269.10136567683
210
0.0
220
0.0
230
1.0
100
AcDbArc
50
279.102725376231
51
279.314497426291
0
ARC
5
273
330
70
100
AcDbEntity
67
0
8
0
62
256
6
ByLayer
370
-1
48
1.0
60
0
100
AcDbCircle
39
0.0
10
488.058333947516
20
418.762536880698
30
0.0
40
268.802208246725
210
0.0
220
0.0
230
1.0
100
AcDbArc
50
278.890766267273
51
279.102646552295
0
ARC
5
274
330
70
100
AcDbEntity
67
0
8
0
62
256
6
ByLayer
370
-1
48
1.0
60
0
100
AcDbCircle
39
0.0
10
488.106765254751
20
418.455422297387
30
0.0
40
268.491298596171
210
0.0
220
0.0
230
1.0
100
AcDbArc
50
278.678687786468
51
278.890684220072
0
ARC
5
275
330
70
100
AcDbEntity
67
0
8
0
62
256
6
ByLayer
370
-1
48
1.0
60
0
100
AcDbCircle
39
0.0
10
488.155844735171
20
418.136531941416
30
0.0
40
268.168653752717
210
0.0
220
0.0
230
1.0
100
AcDbArc
50
278.466481978212
51
278.678602502942
0
ARC
5
276
330
70
100
AcDbEntity
67
0
8
0
62
256
6
ByLayer
370
-1
48
1.0
60
0
100
AcDbCircle
39
0.0
10
488.205482249722
20
417.805876169851
30
0.0
40
267.834293242744
210
0.0
220
0.0
230
1.0
100
AcDbArc
50
278.254140857454
51
278.466393445248
0
ARC
5
277
330
70
100
AcDbEntity
67
0
8
0
62
256
6
ByLayer
370
-1
48
1.0
60
0
100
AcDbCircle
39
0.0
10
488.255587233935
20
417.463468986682
30
0.0
40
267.488239771971
210
0.0
220
0.0
230
1.0
100
AcDbArc
50
278.041656409653
51
278.254049061772
0
ARC
5
278
330
70
100
AcDbEntity
67
0
8
0
62
256
6
ByLayer
370
-1
48
1.0
60
0
100
AcDbCircle
39
0.0
10
488.306068865836
20
417.109327157407
30
0.0
40
267.130518324942
210
0.0
220
0.0
230
1.0
100
AcDbArc
50
277.82902059029
51
278.041561337972
0
ARC
5
279
330
70
100
AcDbEntity
67
0
8
0
62
256
6
ByLayer
370
-1
48
1.0
60
0
100
AcDbCircle
39
0.0
10
488.356835949415
20
416.743471280343
30
0.0
40
266.761157242065
210
0.0
220
0.0
230
1.0
100
AcDbArc
50
277.616225324946
51
277.828922229197
0
ARC
5
27A
330
70
100
AcDbEntity
67
0
8
0
62
256
6
ByLayer
370
-1
48
1.0
60
0
100
AcDbCircle
39
0.0
10
488.407797095066
20
416.365924783171
30
0.0
40
266.380187201028
210
0.0
220
0.0
230
1.0
100
AcDbArc
50
277.403262508722
51
277.616123660921
0
ARC
5
27B
330
70
100
AcDbEntity
67
0
8
0
62
256
6
ByLayer
370
-1
48
1.0
60
0
100
AcDbCircle
39
0.0
10
488.45886066218
20
415.976714601271
30
0.0
40
265.987641897001
210
0.0
220
0.0
230
1.0
100
AcDbArc
50
277.190124006268
51
277.403157528228
0
ARC
5
27C
330
70
100
AcDbEntity
67
0
8
0
62
256
6
ByLayer
370
-1
48
1.0
60
0
100
AcDbCircle
39
0.0
10
488.509934838626
20
415.575870880542
30
0.0
40
265.58355773806
210
0.0
220
0.0
230
1.0
100
AcDbArc
50
276.976801651374
51
277.19001569564
0
ARC
5
27D
330
70
100
AcDbEntity
67
0
8
0
62
256
6
ByLayer
370
-1
48
1.0
60
0
100
AcDbCircle
39
0.0
10
488.560927651371
20
415.163427191269
30
0.0
40
265.167974056558
210
0.0
220
0.0
230
1.0
100
AcDbArc
50
276.76328724688
51
276.976689996859
0
ARC
5
27E
330
70
100
AcDbEntity
67
0
8
0
62
256
6
ByLayer
370
-1
48
1.0
60
0
100
AcDbCircle
39
0.0
10
488.611747093599
20
414.739419792356
30
0.0
40
264.740932364011
210
0.0
220
0.0
230
1.0
100
AcDbArc
50
276.54957256404
51
276.763172234719
0
ARC
5
27F
330
70
100
AcDbEntity
67
0
8
0
62
256
6
ByLayer
370
-1
48
1.0
60
0
100
AcDbCircle
39
0.0
10
488.662300943244
20
414.303889468983
30
0.0
40
264.302478198136
210
0.0
220
0.0
230
1.0
100
AcDbArc
50
276.335649343222
51
276.549454180395
0
ARC
5
280
330
70
100
AcDbEntity
67
0
8
0
62
256
6
ByLayer
370
-1
48
1.0
60
0
100
AcDbCircle
39
0.0
10
488.712497131389
20
413.85687873532
30
0.0
40
263.852658302702
210
0.0
220
0.0
230
1.0
100
AcDbArc
50
276.121509292241
51
276.335527574007
0
ARC
5
281
330
70
100
AcDbEntity
67
0
8
0
62
256
6
ByLayer
370
-1
48
1.0
60
0
100
AcDbCircle
39
0.0
10
488.762498060517
20
413.390035894833
30
0.0
40
263.383145442259
210
0.0
220
0.0
230
1.0
100
AcDbArc
50
275.907277156215
51
276.121523880041
0
ARC
5
282
330
70
100
AcDbEntity
67
0
8
0
62
256
6
ByLayer
370
-1
48
1.0
60
0
100
AcDbCircle
39
0.0
10
488.646816998152
20
414.493259268412
30
0.0
40
264.492416196662
210
0.0
220
0.0
230
1.0
100
AcDbArc
50
275.694414012397
51
275.907607349794
0
ARC
5
283
330
70
100
AcDbEntity
67
0
8
0
62
256
6
ByLayer
370
-1
48
1.0
60
0
100
AcDbCircle
39
0.0
10
488.636965183908
20
414.59084588123
30
0.0
40
264.590498767782
210
0.0
220
0.0
230
1.0
100
AcDbArc
50
275.48148248779
51
275.694440081641
0
ARC
5
284
330
70
100
AcDbEntity
67
0
8
0
62
256
6
ByLayer
370
-1
48
1.0
60
0
100
AcDbCircle
39
0.0
10
488.628629785397
20
414.676602383627
30
0.0
40
264.676659347229
210
0.0
220
0.0
230
1.0
100
AcDbArc
50
275.26877554973
51
275.481505320204
0
ARC
5
285
330
70
100
AcDbEntity
67
0
8
0
62
256
6
ByLayer
370
-1
48
1.0
60
0
100
AcDbCircle
39
0.0
10
488.621734331462
20
414.750391269857
30
0.0
40
264.750769662564
210
0.0
220
0.0
230
1.0
100
AcDbArc
50
275.056285206105
51
275.268795121974
0
ARC
5
286
330
70
100
AcDbEntity
67
0
8
0
62
256
6
ByLayer
370
-1
48
1.0
60
0
100
AcDbCircle
39
0.0
10
488.616200712182
20
414.81207894217
30
0.0
40
264.81270498521
210
0.0
220
0.0
230
1.0
100
AcDbArc
50
274.844003417137
51
275.056301494898
0
ARC
5
287
330
70
100
AcDbEntity
67
0
8
0
62
256
6
ByLayer
370
-1
48
1.0
60
0
100
AcDbCircle
39
0.0
10
488.611949407555
20
414.861533642395
30
0.0
40
264.862342041578
210
0.0
220
0.0
230
1.0
100
AcDbArc
50
274.631922094046
51
274.844016398798
0
ARC
5
288
330
70
100
AcDbEntity
67
0
8
0
62
256
6
ByLayer
370
-1
48
1.0
60
0
100
AcDbCircle
39
0.0
10
488.608899452714
20
414.898626099106
30
0.0
40
264.899559652715
210
0.0
220
0.0
230
1.0
100
AcDbArc
50
274.420033099109
51
274.631931744976
0
ARC
5
289
330
70
100
AcDbEntity
67
0
8
0
62
256
6
ByLayer
370
-1
48
1.0
60
0
100
AcDbCircle
39
0.0
10
488.606968396297
20
414.923230451022
30
0.0
40
264.92423964997
210
0.0
220
0.0
230
1.0
100
AcDbArc
50
274.208328245753
51
274.42003939565
0
ARC
5
28A
330
70
100
AcDbEntity
67
0
8
0
62
256
6
ByLayer
370
-1
48
1.0
60
0
100
AcDbCircle
39
0.0
10
488.606072411011
20
414.935223332654
30
0.0
40
264.936265946882
210
0.0
220
0.0
230
1.0
100
AcDbArc
50
273.996799297794
51
274.208331163996
0
ARC
5
28B
330
70
100
AcDbEntity
67
0
8
0
62
256
6
ByLayer
370
-1
48
1.0
60
0
100
AcDbCircle
39
0.0
10
488.606126309789
20
414.934484029544
30
0.0
40
264.935524685011
210
0.0
220
0.0
230
1.0
100
AcDbArc
50
273.78543796919
51
273.996798813859
0
ARC
5
28C
330
70
100
AcDbEntity
67
0
8
0
62
256
6
ByLayer
370
-1
48
1.0
60
0
100
AcDbCircle
39
0.0
10
488.607043500598
20
414.920895633214
30
0.0
40
264.921905381546
210
0.0
220
0.0
230
1.0
100
AcDbArc
50
273.574235924154
51
273.785434059011
0
ARC
5
28D
330
70
100
AcDbEntity
67
0
8
0
62
256
6
ByLayer
370
-1
48
1.0
60
0
100
AcDbCircle
39
0.0
10
488.608736137102
20
414.894343384574
30
0.0
40
264.895299258792
210
0.0
220
0.0
230
1.0
100
AcDbArc
50
273.363184776005
51
273.574228563406
0
ARC
5
28E
330
70
100
AcDbEntity
67
0
8
0
62
256
6
ByLayer
370
-1
48
1.0
60
0
100
AcDbCircle
39
0.0
10
488.611115057269
20
414.854716075262
30
0.0
40
264.85560063923
210
0.0
220
0.0
230
1.0
100
AcDbArc
50
273.152276087348
51
273.363173940316
0
ARC
5
28F
330
70
100
AcDbEntity
67
0
8
0
62
256
6
ByLayer
370
-1
48
1.0
60
0
100
AcDbCircle
39
0.0
10
488.614089845029
20
414.801905704516
30
0.0
40
264.802706592019
210
0.0
220
0.0
230
1.0
100
AcDbArc
50
272.941501369584
51
273.15226175218
0
ARC
5
290
330
70
100
AcDbEntity
67
0
8
0
62
256
6
ByLayer
370
-1
48
1.0
60
0
100
AcDbCircle
39
0.0
10
488.617568879728
20
414.735807232863
30
0.0
40
264.736516677182
210
0.0
220
0.0
230
1.0
100
AcDbArc
50
272.730852082247
51
272.941483510223
0
ARC
5
291
330
70
100
AcDbEntity
67
0
8
0
62
256
6
ByLayer
370
-1
48
1.0
60
0
100
AcDbCircle
39
0.0
10
488.621459330701
20
414.656319387664
30
0.0
40
264.656933743326
210
0.0
220
0.0
230
1.0
100
AcDbArc
50
272.520319632865
51
272.730830673739
0
ARC
5
292
330
70
100
AcDbEntity
67
0
8
0
62
256
6
ByLayer
370
-1
48
1.0
60
0
100
AcDbCircle
39
0.0
10
488.625667240991
20
414.563343757032
30
0.0
40
264.563863011685
210
0.0
220
0.0
230
1.0
100
AcDbArc
50
272.309895376164
51
272.52029465009
0
ARC
5
293
330
70
100
AcDbEntity
67
0
8
0
62
256
6
ByLayer
370
-1
48
1.0
60
0
100
AcDbCircle
39
0.0
10
488.630097522157
20
414.456785681094
30
0.0
40
264.457212959987
210
0.0
220
0.0
230
1.0
100
AcDbArc
50
272.099570613763
51
272.309866793767
0
ARC
5
294
330
70
100
AcDbEntity
67
0
8
0
62
256
6
ByLayer
370
-1
48
1.0
60
0
100
AcDbCircle
39
0.0
10
488.634654009717
20
414.33655390779
30
0.0
40
264.336894969638
210
0.0
220
0.0
230
1.0
100
AcDbArc
50
271.88933659368
51
272.099538406237
0
ARC
5
295
330
70
100
AcDbEntity
67
0
8
0
62
256
6
ByLayer
370
-1
48
1.0
60
0
100
AcDbCircle
39
0.0
10
488.639239499152
20
414.202560666607
30
0.0
40
264.202823391587
210
0.0
220
0.0
230
1.0
100
AcDbArc
50
271.679184509595
51
271.889300735219
0
ARC
5
296
330
70
100
AcDbEntity
67
0
8
0
62
256
6
ByLayer
370
-1
48
1.0
60
0
100
AcDbCircle
39
0.0
10
488.643755771942
20
414.054722075731
30
0.0
40
264.054915946016
210
0.0
220
0.0
230
1.0
100
AcDbArc
50
271.46910550063
51
271.679144974206
0
ARC
5
297
330
70
100
AcDbEntity
67
0
8
0
62
256
6
ByLayer
370
-1
48
1.0
60
0
100
AcDbCircle
39
0.0
10
488.648103656129
20
413.892957523521
30
0.0
40
263.893093096071
210
0.0
220
0.0
230
1.0
100
AcDbArc
50
271.259090650323
51
271.469062262007
0
ARC
5
298
330
70
100
AcDbEntity
67
0
8
0
62
256
6
ByLayer
370
-1
48
1.0
60
0
100
AcDbCircle
39
0.0
10
488.652183050991
20
413.717190082394
30
0.0
40
263.717278454882
210
0.0
220
0.0
230
1.0
100
AcDbArc
50
271.049130986204
51
271.259043682052
0
ARC
5
299
330
70
100
AcDbEntity
67
0
8
0
62
256
6
ByLayer
370
-1
48
1.0
60
0
100
AcDbCircle
39
0.0
10
488.655892947291
20
413.527347668769
30
0.0
40
263.527399938794
210
0.0
220
0.0
230
1.0
100
AcDbArc
50
270.839217479792
51
271.049080261543
0
ARC
5
29A
330
70
100
AcDbEntity
67
0
8
0
62
256
6
ByLayer
370
-1
48
1.0
60
0
100
AcDbCircle
39
0.0
10
488.65913152486
20
413.323360312502
30
0.0
40
263.323387029652
210
0.0
220
0.0
230
1.0
100
AcDbArc
50
270.629341044486
51
270.839162971575
0
ARC
5
29B
330
70
100
AcDbEntity
67
0
8
0
62
256
6
ByLayer
370
-1
48
1.0
60
0
100
AcDbCircle
39
0.0
10
488.661796132141
20
413.105163353065
30
0.0
40
263.105173965283
210
0.0
220
0.0
230
1.0
100
AcDbArc
50
270.419492536506
51
270.629282725601
0
ARC
5
29C
330
70
100
AcDbEntity
67
0
8
0
62
256
6
ByLayer
370
-1
48
1.0
60
0
100
AcDbCircle
39
0.0
10
488.663783364048
20
412.872695888192
30
0.0
40
262.872698181776
210
0.0
220
0.0
230
1.0
100
AcDbArc
50
270.209662753373
51
270.419430379217
0
ARC
5
29D
330
70
100
AcDbEntity
67
0
8
0
62
256
6
ByLayer
370
-1
48
1.0
60
0
100
AcDbCircle
39
0.0
10
488.665134980451
20
412.501966034984
30
0.0
40
262.501965864731
210
0.0
220
0.0
230
1.0
100
AcDbArc
50
269.999801544829
51
270.209663845446
0
ARC
5
29E
330
70
100
AcDbEntity
67
0
8
0
62
256
6
ByLayer
370
-1
48
1.0
60
0
100
AcDbCircle
39
0.0
10
488.664425323518
20
413.471050409865
30
0.0
40
263.471050238112
210
0.0
220
0.0
230
1.0
100
AcDbArc
50
269.790797154675
51
269.999954104996
0
ARC
5
29F
330
70
100
AcDbEntity
67
0
8
0
62
256
6
ByLayer
370
-1
48
1.0
60
0
100
AcDbCircle
39
0.0
10
488.664622830151
20
413.551957567633
30
0.0
40
263.551957577729
210
0.0
220
0.0
230
1.0
100
AcDbArc
50
269.581533887912
51
269.790818439848
0
ARC
5
2A0
330
70
100
AcDbEntity
67
0
8
0
62
256
6
ByLayer
370
-1
48
1.0
60
0
100
AcDbCircle
39
0.0
10
488.665081904232
20
413.627299380174
30
0.0
40
263.627300733695
210
0.0
220
0.0
230
1.0
100
AcDbArc
50
269.37213768629
51
269.581553709111
0
ARC
5
2A1
330
70
100
AcDbEntity
67
0
8
0
62
256
6
ByLayer
370
-1
48
1.0
60
0
100
AcDbCircle
39
0.0
10
488.665762817473
20
413.69715237594
30
0.0
40
263.697156996896
210
0.0
220
0.0
230
1.0
100
AcDbArc
50
269.162604744171
51
269.372156063709
0
ARC
5
2A2
330
70
100
AcDbEntity
67
0
8
0
62
256
6
ByLayer
370
-1
48
1.0
60
0
100
AcDbCircle
39
0.0
10
488.666626659574
20
413.761593731176
30
0.0
40
263.761604094565
210
0.0
220
0.0
230
1.0
100
AcDbArc
50
268.952931299079
51
269.162621697903
0
ARC
5
2A3
330
70
100
AcDbEntity
67
0
8
0
62
256
6
ByLayer
370
-1
48
1.0
60
0
100
AcDbCircle
39
0.0
10
488.667635346404
20
413.820701419188
30
0.0
40
263.820720345338
210
0.0
220
0.0
230
1.0
100
AcDbArc
50
268.743113632027
51
268.952946849477
0
ARC
5
2A4
330
70
100
AcDbEntity
67
0
8
0
62
256
6
ByLayer
370
-1
48
1.0
60
0
100
AcDbCircle
39
0.0
10
488.668751646922
20
413.874554943644
30
0.0
40
263.874585398637
210
0.0
220
0.0
230
1.0
100
AcDbArc
50
268.53314806781
51
268.743127799411
0
ARC
5
2A5
330
70
100
AcDbEntity
67
0
8
0
62
256
6
ByLayer
370
-1
48
1.0
60
0
100
AcDbCircle
39
0.0
10
488.669939170214
20
413.923234043956
30
0.0
40
263.923278945852
210
0.0
220
0.0
230
1.0
100
AcDbArc
50
268.323030974619
51
268.533160872503
0
ARC
5
2A6
330
70
100
AcDbEntity
67
0
8
0
62
256
6
ByLayer
370
-1
48
1.0
60
0
100
AcDbCircle
39
0.0
10
488.671162395176
20
413.966819680616
30
0.0
40
263.966881711981
210
0.0
220
0.0
230
1.0
100
AcDbArc
50
268.112758764588
51
268.323042437106
0
ARC
5
2A7
330
70
100
AcDbEntity
67
0
8
0
62
256
6
ByLayer
370
-1
48
1.0
60
0
100
AcDbCircle
39
0.0
10
488.672386675663
20
414.005393680023
30
0.0
40
264.005475106621
210
0.0
220
0.0
230
1.0
100
AcDbArc
50
267.902327893783
51
268.112768905375
0
ARC
5
2A8
330
70
100
AcDbEntity
67
0
8
0
62
256
6
ByLayer
370
-1
48
1.0
60
0
100
AcDbCircle
39
0.0
10
488.673578244201
20
414.039038533942
30
0.0
40
264.039141029624
210
0.0
220
0.0
230
1.0
100
AcDbArc
50
267.691734862222
51
267.902336733412
0
ARC
5
2A9
330
70
100
AcDbEntity
67
0
8
0
62
256
6
ByLayer
370
-1
48
1.0
60
0
100
AcDbCircle
39
0.0
10
488.674704229424
20
414.067837625633
30
0.0
40
264.067962103708
210
0.0
220
0.0
230
1.0
100
AcDbArc
50
267.480976214088
51
267.691742421279
0
ARC
5
2AA
330
70
100
AcDbEntity
67
0
8
0
62
256
6
ByLayer
370
-1
48
1.0
60
0
100
AcDbCircle
39
0.0
10
488.675732663006
20
414.091875125049
30
0.0
40
264.092021576081
210
0.0
220
0.0
230
1.0
100
AcDbArc
50
267.270048537949
51
267.480982513272
0
ARC
5
2AB
330
70
100
AcDbEntity
67
0
8
0
62
256
6
ByLayer
370
-1
48
1.0
60
0
100
AcDbCircle
39
0.0
10
488.676632489545
20
414.111235958965
30
0.0
40
264.111403295142
210
0.0
220
0.0
230
1.0
100
AcDbArc
50
267.058948466728
51
267.270053597891
0
ARC
5
2AC
330
70
100
AcDbEntity
67
0
8
0
62
256
6
ByLayer
370
-1
48
1.0
60
0
100
AcDbCircle
39
0.0
10
488.677373553272
20
414.12600537721
30
0.0
40
264.126191282738
210
0.0
220
0.0
230
1.0
100
AcDbArc
50
266.847672677803
51
267.05895230826
0
ARC
5
2AD
330
70
100
AcDbEntity
67
0
8
0
62
256
6
ByLayer
370
-1
48
1.0
60
0
100
AcDbCircle
39
0.0
10
488.677926650691
20
414.136269831087
30
0.0
40
264.136470620342
210
0.0
220
0.0
230
1.0
100
AcDbArc
50
266.636217893505
51
266.847675321892
0
ARC
5
2AE
330
70
100
AcDbEntity
67
0
8
0
62
256
6
ByLayer
370
-1
48
1.0
60
0
100
AcDbCircle
39
0.0
10
488.67826350904
20
414.142116300881
30
0.0
40
264.142326782637
210
0.0
220
0.0
230
1.0
100
AcDbArc
50
266.424580880975
51
266.636219361069
0
ARC
5
2AF
330
70
100
AcDbEntity
67
0
8
0
62
256
6
ByLayer
370
-1
48
1.0
60
0
100
AcDbCircle
39
0.0
10
488.564885932152
20
412.302870323375
30
0.0
40
262.299590273045
210
0.0
220
0.0
230
1.0
100
AcDbArc
50
266.210935339982
51
266.424243878897
0
ARC
5
2B0
330
70
100
AcDbEntity
67
0
8
0
62
256
6
ByLayer
370
-1
48
1.0
60
0
100
AcDbCircle
39
0.0
10
488.405371633725
20
409.827524121212
30
0.0
40
259.819113713169
210
0.0
220
0.0
230
1.0
100
AcDbArc
50
265.994441748457
51
266.209961994554
0
ARC
5
2B1
330
70
100
AcDbEntity
67
0
8
0
62
256
6
ByLayer
370
-1
48
1.0
60
0
100
AcDbCircle
39
0.0
10
488.444009974903
20
410.389400150839
30
0.0
40
260.382316250682
210
0.0
220
0.0
230
1.0
100
AcDbArc
50
265.77936994917
51
265.994596859491
0
ARC
5
2B2
330
70
100
AcDbEntity
67
0
8
0
62
256
6
ByLayer
370
-1
48
1.0
60
0
100
AcDbCircle
39
0.0
10
488.483953420393
20
410.940033750515
30
0.0
40
260.93439628547
210
0.0
220
0.0
230
1.0
100
AcDbArc
50
265.564579133031
51
265.779521463007
0
ARC
5
2B3
330
70
100
AcDbEntity
67
0
8
0
62
256
6
ByLayer
370
-1
48
1.0
60
0
100
AcDbCircle
39
0.0
10
488.525109881648
20
411.479350897927
30
0.0
40
261.475281102201
210
0.0
220
0.0
230
1.0
100
AcDbArc
50
265.350060597165
51
265.564727065513
0
ARC
5
2B4
330
70
100
AcDbEntity
67
0
8
0
62
256
6
ByLayer
370
-1
48
1.0
60
0
100
AcDbCircle
39
0.0
10
488.567386873837
20
412.007280185853
30
0.0
40
262.004900061622
210
0.0
220
0.0
230
1.0
100
AcDbArc
50
265.135805674536
51
265.350204964071
0
ARC
5
2B5
330
70
100
AcDbEntity
67
0
8
0
62
256
6
ByLayer
370
-1
48
1.0
60
0
100
AcDbCircle
39
0.0
10
488.610691636823
20
412.523753911521
30
0.0
40
262.523185693615
210
0.0
220
0.0
230
1.0
100
AcDbArc
50
264.921805734092
51
265.135946491661
0
ARC
5
2B6
330
70
100
AcDbEntity
67
0
8
0
62
256
6
ByLayer
370
-1
48
1.0
60
0
100
AcDbCircle
39
0.0
10
488.654931171868
20
413.028707973971
30
0.0
40
263.030073595641
210
0.0
220
0.0
230
1.0
100
AcDbArc
50
264.708052180523
51
264.921943017038
0
ARC
5
2B7
330
70
100
AcDbEntity
67
0
8
0
62
256
6
ByLayer
370
-1
48
1.0
60
0
100
AcDbCircle
39
0.0
10
488.700012197795
20
413.522080932736
30
0.0
40
263.525501489021
210
0.0
220
0.0
230
1.0
100
AcDbArc
50
264.494536453398
51
264.70818594466
0
ARC
5
2B8
330
70
100
AcDbEntity
67
0
8
0
62
256
6
ByLayer
370
-1
48
1.0
60
0
100
AcDbCircle
39
0.0
10
488.74584126518
20
414.003814912916
30
0.0
40
264.009410128615
210
0.0
220
0.0
230
1.0
100
AcDbArc
50
264.281250027484
51
264.494666714273
0
ARC
5
2B9
330
70
100
AcDbEntity
67
0
8
0
62
256
6
ByLayer
370
-1
48
1.0
60
0
100
AcDbCircle
39
0.0
10
488.792324802359
20
414.473855624492
30
0.0
40
264.481743324491
210
0.0
220
0.0
230
1.0
100
AcDbArc
50
264.068184412272
51
264.281376800436
0
ARC
5
2BA
330
70
100
AcDbEntity
67
0
8
0
62
256
6
ByLayer
370
-1
48
1.0
60
0
100
AcDbCircle
39
0.0
10
488.839369114983
20
414.932151951663
30
0.0
40
264.942447531481
210
0.0
220
0.0
230
1.0
100
AcDbArc
50
263.855331151609
51
264.068307712497
0
ARC
5
2BB
330
70
100
AcDbEntity
67
0
8
0
62
256
6
ByLayer
370
-1
48
1.0
60
0
100
AcDbCircle
39
0.0
10
488.88688043871
20
415.378656108372
30
0.0
40
265.391472007673
210
0.0
220
0.0
230
1.0
100
AcDbArc
50
263.642681823427
51
263.855450994206
0
ARC
5
2BC
330
70
100
AcDbEntity
67
0
8
0
62
256
6
ByLayer
370
-1
48
1.0
60
0
100
AcDbCircle
39
0.0
10
488.934765002377
20
415.813323860517
30
0.0
40
265.828769040616
210
0.0
220
0.0
230
1.0
100
AcDbArc
50
263.430228039611
51
263.642798223404
0
ARC
5
2BD
330
70
100
AcDbEntity
67
0
8
0
62
256
6
ByLayer
370
-1
48
1.0
60
0
100
AcDbCircle
39
0.0
10
488.982929013688
20
416.236114037929
30
0.0
40
266.254293459345
210
0.0
220
0.0
230
1.0
100
AcDbArc
50
263.217961445409
51
263.430341011841
0
ARC
5
2BE
330
70
100
AcDbEntity
67
0
8
0
62
256
6
ByLayer
370
-1
48
1.0
60
0
100
AcDbCircle
39
0.0
10
489.03127874134
20
416.646988941992
30
0.0
40
266.668003047513
210
0.0
220
0.0
230
1.0
100
AcDbArc
50
263.005873719353
51
263.218071004764
0
ARC
5
2BF
330
70
100
AcDbEntity
67
0
8
0
62
256
6
ByLayer
370
-1
48
1.0
60
0
100
AcDbCircle
39
0.0
10
489.079720622125
20
417.045914881595
30
0.0
40
267.06985908716
210
0.0
220
0.0
230
1.0
100
AcDbArc
50
262.79395657325
51
263.005979880486
0
ARC
5
2C0
330
70
100
AcDbEntity
67
0
8
0
62
256
6
ByLayer
370
-1
48
1.0
60
0
100
AcDbCircle
39
0.0
10
489.12816105701
20
417.432860181562
30
0.0
40
267.459824356196
210
0.0
220
0.0
230
1.0
100
AcDbArc
50
262.582201750895
51
262.794059350693
0
ARC
5
2C1
330
70
100
AcDbEntity
67
0
8
0
62
256
6
ByLayer
370
-1
48
1.0
60
0
100
AcDbCircle
39
0.0
10
489.176506794069
20
417.807797992537
30
0.0
40
267.837865963362
210
0.0
220
0.0
230
1.0
100
AcDbArc
50
262.370601029202
51
262.58230115933
0
ARC
5
2C2
330
70
100
AcDbEntity
67
0
8
0
62
256
6
ByLayer
370
-1
48
1.0
60
0
100
AcDbCircle
39
0.0
10
489.224664677486
20
418.170703947443
30
0.0
40
268.203952991198
210
0.0
220
0.0
230
1.0
100
AcDbArc
50
262.159146216703
51
262.370697082967
0
ARC
5
2C3
330
70
100
AcDbEntity
67
0
8
0
62
256
6
ByLayer
370
-1
48
1.0
60
0
100
AcDbCircle
39
0.0
10
489.2725418807
20
418.521557679652
30
0.0
40
268.558058031252
210
0.0
220
0.0
230
1.0
100
AcDbArc
50
261.947829154016
51
262.159238930054
0
ARC
5
2C4
330
70
100
AcDbEntity
67
0
8
0
62
256
6
ByLayer
370
-1
48
1.0
60
0
100
AcDbCircle
39
0.0
10
489.320045761625
20
418.860341458786
30
0.0
40
268.90015581251
210
0.0
220
0.0
230
1.0
100
AcDbArc
50
261.736641712968
51
261.947918541129
0
ARC
5
2C5
330
70
100
AcDbEntity
67
0
8
0
62
256
6
ByLayer
370
-1
48
1.0
60
0
100
AcDbCircle
39
0.0
10
489.367084092525
20
419.187041586042
30
0.0
40
269.230224614933
210
0.0
220
0.0
230
1.0
100
AcDbArc
50
261.525575796925
51
261.736727788024
0
ARC
5
2C6
330
70
100
AcDbEntity
67
0
8
0
62
256
6
ByLayer
370
-1
48
1.0
60
0
100
AcDbCircle
39
0.0
10
489.41356498522
20
419.50164755813
30
0.0
40
269.548245431212
210
0.0
220
0.0
230
1.0
100
AcDbArc
50
261.314623340142
51
261.525658573885
0
ARC
5
2C7
330
70
100
AcDbEntity
67
0
8
0
62
256
6
ByLayer
370
-1
48
1.0
60
0
100
AcDbCircle
39
0.0
10
489.459396917697
20
419.804152008308
30
0.0
40
269.854201912426
210
0.0
220
0.0
230
1.0
100
AcDbArc
50
261.103776307424
51
261.31470283286
0
ARC
5
2C8
330
70
100
AcDbEntity
67
0
8
0
62
256
6
ByLayer
370
-1
48
1.0
60
0
100
AcDbCircle
39
0.0
10
489.504488855641
20
420.094551259317
30
0.0
40
270.148080933176
210
0.0
220
0.0
230
1.0
100
AcDbArc
50
260.893026694184
51
261.103852529714
0
ARC
5
2C9
330
70
100
AcDbEntity
67
0
8
0
62
256
6
ByLayer
370
-1
48
1.0
60
0
100
AcDbCircle
39
0.0
10
489.548750184986
20
420.372844626282
30
0.0
40
270.429871892738
210
0.0
220
0.0
230
1.0
100
AcDbArc
50
260.682366525774
51
260.893099659699
0
ARC
5
2CA
330
70
100
AcDbEntity
67
0
8
0
62
256
6
ByLayer
370
-1
48
1.0
60
0
100
AcDbCircle
39
0.0
10
489.592090842805
20
420.639035016522
30
0.0
40
270.699567328505
210
0.0
220
0.0
230
1.0
100
AcDbArc
50
260.471787857587
51
260.682436248172
0
ARC
5
2CB
330
70
100
AcDbEntity
67
0
8
0
62
256
6
ByLayer
370
-1
48
1.0
60
0
100
AcDbCircle
39
0.0
10
489.634421279408
20
420.893128446816
30
0.0
40
270.957162434041
210
0.0
220
0.0
230
1.0
100
AcDbArc
50
260.261282774479
51
260.471854350383
0
ARC
5
2CC
330
70
100
AcDbEntity
67
0
8
0
62
256
6
ByLayer
370
-1
48
1.0
60
0
100
AcDbCircle
39
0.0
10
489.675652577973
20
421.135134537376
30
0.0
40
271.202655566783
210
0.0
220
0.0
230
1.0
100
AcDbArc
50
260.050843390824
51
260.261346051123
0
ARC
5
2CD
330
70
100
AcDbEntity
67
0
8
0
62
256
6
ByLayer
370
-1
48
1.0
60
0
100
AcDbCircle
39
0.0
10
489.715696404546
20
421.365065980162
30
0.0
40
271.436047716399
210
0.0
220
0.0
230
1.0
100
AcDbArc
50
259.840461849988
51
260.050903464607
0
ARC
5
2CE
330
70
100
AcDbEntity
67
0
8
0
62
256
6
ByLayer
370
-1
48
1.0
60
0
100
AcDbCircle
39
0.0
10
489.754465100106
20
421.582938859976
30
0.0
40
271.657342837972
210
0.0
220
0.0
230
1.0
100
AcDbArc
50
259.630130324248
51
259.840518734116
0
ARC
5
2CF
330
70
100
AcDbEntity
67
0
8
0
62
256
6
ByLayer
370
-1
48
1.0
60
0
100
AcDbCircle
39
0.0
10
489.791871643128
20
421.788772232184
30
0.0
40
271.866547430851
210
0.0
220
0.0
230
1.0
100
AcDbArc
50
259.41984101433
51
259.630184031856
0
ARC
5
2D0
330
70
100
AcDbEntity
67
0
8
0
62
256
6
ByLayer
370
-1
48
1.0
60
0
100
AcDbCircle
39
0.0
10
489.827829776128
20
421.982588621375
30
0.0
40
272.063671053199
210
0.0
220
0.0
230
1.0
100
AcDbArc
50
259.209586149399
51
259.419891558529
0
ARC
5
2D1
330
70
100
AcDbEntity
67
0
8
0
62
256
6
ByLayer
370
-1
48
1.0
60
0
100
AcDbCircle
39
0.0
10
489.862254051183
20
422.164414040853
30
0.0
40
272.248726350885
210
0.0
220
0.0
230
1.0
100
AcDbArc
50
258.999357986943
51
259.209633543185
0
ARC
5
2D2
330
70
100
AcDbEntity
67
0
8
0
62
256
6
ByLayer
370
-1
48
1.0
60
0
100
AcDbCircle
39
0.0
10
489.895059685126
20
422.334277030872
30
0.0
40
272.421728087139
210
0.0
220
0.0
230
1.0
100
AcDbArc
50
258.789148811948
51
258.999402243131
0
ARC
5
2D3
330
70
100
AcDbEntity
67
0
8
0
62
256
6
ByLayer
370
-1
48
1.0
60
0
100
AcDbCircle
39
0.0
10
489.926162838446
20
422.492209934747
30
0.0
40
272.582694450098
210
0.0
220
0.0
230
1.0
100
AcDbArc
50
258.578950937459
51
258.789189943466
0
ARC
5
2D4
330
70
100
AcDbEntity
67
0
8
0
62
256
6
ByLayer
370
-1
48
1.0
60
0
100
AcDbCircle
39
0.0
10
489.955480453735
20
422.63824785644
30
0.0
40
272.731646000625
210
0.0
220
0.0
230
1.0
100
AcDbArc
50
258.36875670364
51
258.578988956932
0
ARC
5
2D5
330
70
100
AcDbEntity
67
0
8
0
62
256
6
ByLayer
370
-1
48
1.0
60
0
100
AcDbCircle
39
0.0
10
489.982930376207
20
422.772429104701
30
0.0
40
272.868606133455
210
0.0
220
0.0
230
1.0
100
AcDbArc
50
258.158558478079
51
258.368791623852
0
ARC
5
2D6
330
70
100
AcDbEntity
67
0
8
0
62
256
6
ByLayer
370
-1
48
1.0
60
0
100
AcDbCircle
39
0.0
10
490.008431440887
20
422.894795417214
30
0.0
40
272.993601316334
210
0.0
220
0.0
230
1.0
100
AcDbArc
50
257.948348655456
51
258.158590311587
0
ARC
5
2D7
330
70
100
AcDbEntity
67
0
8
0
62
256
6
ByLayer
370
-1
48
1.0
60
0
100
AcDbCircle
39
0.0
10
490.031903286631
20
423.005390896755
30
0.0
40
273.106660012829
210
0.0
220
0.0
230
1.0
100
AcDbArc
50
257.738119656958
51
257.948377414766
0
ARC
5
2D8
330
70
100
AcDbEntity
67
0
8
0
62
256
6
ByLayer
370
-1
48
1.0
60
0
100
AcDbCircle
39
0.0
10
490.05326670182
20
423.104263485093
30
0.0
40
273.207814198227
210
0.0
220
0.0
230
1.0
100
AcDbArc
50
257.527863930822
51
257.738145354639
0
ARC
5
2D9
330
70
100
AcDbEntity
67
0
8
0
62
256
6
ByLayer
370
-1
48
1.0
60
0
100
AcDbCircle
39
0.0
10
490.072443320133
20
423.19146336179
30
0.0
40
273.29709773265
210
0.0
220
0.0
230
1.0
100
AcDbArc
50
257.317573951303
51
257.527886579277
0
ARC
5
2DA
330
70
100
AcDbEntity
67
0
8
0
62
256
6
ByLayer
370
-1
48
1.0
60
0
100
AcDbCircle
39
0.0
10
490.08935607216
20
423.26704484466
30
0.0
40
273.37454831677
210
0.0
220
0.0
230
1.0
100
AcDbArc
50
257.107242219504
51
257.317593562871
0
ARC
5
2DB
330
70
100
AcDbEntity
67
0
8
0
62
256
6
ByLayer
370
-1
48
1.0
60
0
100
AcDbCircle
39
0.0
10
490.103928625038
20
423.331063703767
30
0.0
40
273.440204750987
210
0.0
220
0.0
230
1.0
100
AcDbArc
50
256.896861261923
51
257.107258806365
0
ARC
5
2DC
330
70
100
AcDbEntity
67
0
8
0
62
256
6
ByLayer
370
-1
48
1.0
60
0
100
AcDbCircle
39
0.0
10
490.116086001854
20
423.383579774042
30
0.0
40
273.49410962322
210
0.0
220
0.0
230
1.0
100
AcDbArc
50
256.686423631501
51
256.896874836418
0
ARC
5
2DD
330
70
100
AcDbEntity
67
0
8
0
62
256
6
ByLayer
370
-1
48
1.0
60
0
100
AcDbCircle
39
0.0
10
490.125754215769
20
423.42465517685
30
0.0
40
273.53630749672
210
0.0
220
0.0
230
1.0
100
AcDbArc
50
256.475921906686
51
256.686434205827
0
ARC
5
2DE
330
70
100
AcDbEntity
67
0
8
0
62
256
6
ByLayer
370
-1
48
1.0
60
0
100
AcDbCircle
39
0.0
10
490.132860513405
20
423.454355226818
30
0.0
40
273.566845851658
210
0.0
220
0.0
230
1.0
100
AcDbArc
50
256.26534869175
51
256.475929493099
0
ARC
5
2DF
330
70
100
AcDbEntity
67
0
8
0
62
256
6
ByLayer
370
-1
48
1.0
60
0
100
AcDbCircle
39
0.0
10
490.137333310857
20
423.472747998117
30
0.0
40
273.585774651633
210
0.0
220
0.0
230
1.0
100
AcDbArc
50
256.054696616314
51
256.265353302285
0
ARC
5
2E0
330
70
100
AcDbEntity
67
0
8
0
62
256
6
ByLayer
370
-1
48
1.0
60
0
100
AcDbCircle
39
0.0
10
490.139102239156
20
423.479904374767
30
0.0
40
273.593146406664
210
0.0
220
0.0
230
1.0
100
AcDbArc
50
255.843958335491
51
256.054698263043
0
ARC
5
2E1
330
70
100
AcDbEntity
67
0
8
0
62
256
6
ByLayer
370
-1
48
1.0
60
0
100
AcDbCircle
39
0.0
10
490.138098075582
20
423.475897635908
30
0.0
40
273.589015757571
210
0.0
220
0.0
230
1.0
100
AcDbArc
50
255.633126529366
51
255.843957030406
0
ARC
5
2E2
330
70
100
AcDbEntity
67
0
8
0
62
256
6
ByLayer
370
-1
48
1.0
60
0
100
AcDbCircle
39
0.0
10
490.134252973965
20
423.460804244484
30
0.0
40
273.573440300586
210
0.0
220
0.0
230
1.0
100
AcDbArc
50
255.422193903426
51
255.633122284559
0
ARC
5
2E3
330
70
100
AcDbEntity
67
0
8
0
62
256
6
ByLayer
370
-1
48
1.0
60
0
100
AcDbCircle
39
0.0
10
490.127500272787
20
423.434702944719
30
0.0
40
273.546479669104
210
0.0
220
0.0
230
1.0
100
AcDbArc
50
255.211153187964
51
255.42218673091
0
ARC
5
2E4
330
70
100
AcDbEntity
67
0
8
0
62
256
6
ByLayer
370
-1
48
1.0
60
0
100
AcDbCircle
39
0.0
10
490.117774742243
20
423.397675592213
30
0.0
40
273.508196403067
210
0.0
220
0.0
230
1.0
100
AcDbArc
50
254.999997138384
51
255.211143099701
0
ARC
5
2E5
330
70
100
AcDbEntity
67
0
8
0
62
256
6
ByLayer
370
-1
48
1.0
60
0
100
AcDbCircle
39
0.0
10
490.105012347352
20
423.349806114919
30
0.0
40
273.458654887808
210
0.0
220
0.0
230
1.0
100
AcDbArc
50
254.788718534708
51
254.999984146295
0
ARC
5
2E6
330
70
100
AcDbEntity
67
0
8
0
62
256
6
ByLayer
370
-1
48
1.0
60
0
100
AcDbCircle
39
0.0
10
490.089150526706
20
423.291181446254
30
0.0
40
273.397922331594
210
0.0
220
0.0
230
1.0
100
AcDbArc
50
254.577310181942
51
254.788702650761
0
ARC
5
2E7
330
70
100
AcDbEntity
67
0
8
0
62
256
6
ByLayer
370
-1
48
1.0
60
0
100
AcDbCircle
39
0.0
10
490.070127945397
20
423.221890480131
30
0.0
40
273.326067696591
210
0.0
220
0.0
230
1.0
100
AcDbArc
50
254.365764909454
51
254.577291418047
0
ARC
5
2E8
330
70
100
AcDbEntity
67
0
8
0
62
256
6
ByLayer
370
-1
48
1.0
60
0
100
AcDbCircle
39
0.0
10
490.04788485535
20
423.142025273595
30
0.0
40
273.243162958341
210
0.0
220
0.0
230
1.0
100
AcDbArc
50
254.15407557161
51
254.365743277601
0
ARC
5
2E9
330
70
100
AcDbEntity
67
0
8
0
62
256
6
ByLayer
370
-1
48
1.0
60
0
100
AcDbCircle
39
0.0
10
490.022362785385
20
423.051679797209
30
0.0
40
273.149281823255
210
0.0
220
0.0
230
1.0
100
AcDbArc
50
253.942235047152
51
254.154051083712
0
ARC
5
2EA
330
70
100
AcDbEntity
67
0
8
0
62
256
6
ByLayer
370
-1
48
1.0
60
0
100
AcDbCircle
39
0.0
10
489.993504718067
20
422.95095046592
30
0.0
40
273.044500292156
210
0.0
220
0.0
230
1.0
100
AcDbArc
50
253.730236239296
51
253.942207715141
0
ARC
5
2EB
330
70
100
AcDbEntity
67
0
8
0
62
256
6
ByLayer
370
-1
48
1.0
60
0
100
AcDbCircle
39
0.0
10
489.961255198823
20
422.839936399034
30
0.0
40
272.928896944958
210
0.0
220
0.0
230
1.0
100
AcDbArc
50
253.518072076022
51
253.730206075146
0
ARC
5
2EC
330
70
100
AcDbEntity
67
0
8
0
62
256
6
ByLayer
370
-1
48
1.0
60
0
100
AcDbCircle
39
0.0
10
489.925560132145
20
422.71873860176
30
0.0
40
272.802552102667
210
0.0
220
0.0
230
1.0
100
AcDbArc
50
253.305735509647
51
253.518039091673
0
ARC
5
2ED
330
70
100
AcDbEntity
67
0
8
0
62
256
6
ByLayer
370
-1
48
1.0
60
0
100
AcDbCircle
39
0.0
10
490.069021175608
20
423.19791725165
30
0.0
40
273.302745258917
210
0.0
220
0.0
230
1.0
100
AcDbArc
50
253.093802026325
51
253.30578514039
0
ARC
5
2EE
330
70
100
AcDbEntity
67
0
8
0
62
256
6
ByLayer
370
-1
48
1.0
60
0
100
AcDbCircle
39
0.0
10
490.343656433488
20
424.105978842573
30
0.0
40
274.251427863832
210
0.0
220
0.0
230
1.0
100
AcDbArc
50
252.88276057977
51
253.094074323448
0
ARC
5
2EF
330
70
100
AcDbEntity
67
0
8
0
62
256
6
ByLayer
370
-1
48
1.0
60
0
100
AcDbCircle
39
0.0
10
490.546525976645
20
424.767597964418
30
0.0
40
274.943450402397
210
0.0
220
0.0
230
1.0
100
AcDbArc
50
252.672093357655
51
252.882937634822
0
ARC
5
2F0
330
70
100
AcDbEntity
67
0
8
0
62
256
6
ByLayer
370
-1
48
1.0
60
0
100
AcDbCircle
39
0.0
10
490.749398599195
20
425.420643868294
30
0.0
40
275.627281926658
210
0.0
220
0.0
230
1.0
100
AcDbArc
50
252.461885408715
51
252.672267490712
0
ARC
5
2F1
330
70
100
AcDbEntity
67
0
8
0
62
256
6
ByLayer
370
-1
48
1.0
60
0
100
AcDbCircle
39
0.0
10
490.952163069216
20
426.064981918952
30
0.0
40
276.302770101116
210
0.0
220
0.0
230
1.0
100
AcDbArc
50
252.252129453181
51
252.462056615922
0
ARC
5
2F2
330
70
100
AcDbEntity
67
0
8
0
62
256
6
ByLayer
370
-1
48
1.0
60
0
100
AcDbCircle
39
0.0
10
491.154707114451
20
426.700478919145
30
0.0
40
276.969763255048
210
0.0
220
0.0
230
1.0
100
AcDbArc
50
252.04281820688
51
252.252297730872
0
ARC
5
2F3
330
70
100
AcDbEntity
67
0
8
0
62
256
6
ByLayer
370
-1
48
1.0
60
0
100
AcDbCircle
39
0.0
10
491.356917711745
20
427.327003955232
30
0.0
40
277.628111267979
210
0.0
220
0.0
230
1.0
100
AcDbArc
50
251.833944381839
51
252.042983551582
0
ARC
5
2F4
330
70
100
AcDbEntity
67
0
8
0
62
256
6
ByLayer
370
-1
48
1.0
60
0
100
AcDbCircle
39
0.0
10
491.558680995858
20
427.944428029158
30
0.0
40
278.277665183474
210
0.0
220
0.0
230
1.0
100
AcDbArc
50
251.62550068639
51
251.834106790121
0
ARC
5
2F5
330
70
100
AcDbEntity
67
0
8
0
62
256
6
ByLayer
370
-1
48
1.0
60
0
100
AcDbCircle
39
0.0
10
491.759882154927
20
428.552623677679
30
0.0
40
278.918276806873
210
0.0
220
0.0
230
1.0
100
AcDbArc
50
251.417479825185
51
251.625660154982
0
ARC
5
2F6
330
70
100
AcDbEntity
67
0
8
0
62
256
6
ByLayer
370
-1
48
1.0
60
0
100
AcDbCircle
39
0.0
10
491.960405730308
20
429.151465817878
30
0.0
40
279.54979959446
210
0.0
220
0.0
230
1.0
100
AcDbArc
50
251.20987449983
51
251.417636351087
0
ARC
5
2F7
330
70
100
AcDbEntity
67
0
8
0
62
256
6
ByLayer
370
-1
48
1.0
60
0
100
AcDbCircle
39
0.0
10
492.160135486226
20
429.740831274376
30
0.0
40
280.172088156118
210
0.0
220
0.0
230
1.0
100
AcDbArc
50
251.002677408776
51
251.210028080116
0
ARC
5
2F8
330
70
100
AcDbEntity
67
0
8
0
62
256
6
ByLayer
370
-1
48
1.0
60
0
100
AcDbCircle
39
0.0
10
492.358954653297
20
430.320599423576
30
0.0
40
280.784998936155
210
0.0
220
0.0
230
1.0
100
AcDbArc
50
250.795881247858
51
251.002828040576
0
ARC
5
2F9
330
70
100
AcDbEntity
67
0
8
0
62
256
6
ByLayer
370
-1
48
1.0
60
0
100
AcDbCircle
39
0.0
10
492.556745570082
20
430.890651073297
30
0.0
40
281.388389029882
210
0.0
220
0.0
230
1.0
100
AcDbArc
50
250.589478709905
51
250.796028928351
0
ARC
5
2FA
330
70
100
AcDbEntity
67
0
8
0
62
256
6
ByLayer
370
-1
48
1.0
60
0
100
AcDbCircle
39
0.0
10
492.753390073319
20
431.450869535016
30
0.0
40
281.982117317263
210
0.0
220
0.0
230
1.0
100
AcDbArc
50
250.383462485351
51
250.589623436509
0
ARC
5
2FB
330
70
100
AcDbEntity
67
0
8
0
62
256
6
ByLayer
370
-1
48
1.0
60
0
100
AcDbCircle
39
0.0
10
492.948769416642
20
432.001140308531
30
0.0
40
282.566044131303
210
0.0
220
0.0
230
1.0
100
AcDbArc
50
250.177825262236
51
250.383604255606
0
ARC
5
2FC
330
70
100
AcDbEntity
67
0
8
0
62
256
6
ByLayer
370
-1
48
1.0
60
0
100
AcDbCircle
39
0.0
10
493.142764419006
20
432.541351422258
30
0.0
40
283.140031621357
210
0.0
220
0.0
230
1.0
100
AcDbArc
50
249.97255972642
51
250.17796407368
0
ARC
5
2FD
330
70
100
AcDbEntity
67
0
8
0
62
256
6
ByLayer
370
-1
48
1.0
60
0
100
AcDbCircle
39
0.0
10
493.335255305566
20
433.071392913532
30
0.0
40
283.703943203338
210
0.0
220
0.0
230
1.0
100
AcDbArc
50
249.767658561506
51
249.972695576623
0
ARC
5
2FE
330
70
100
AcDbEntity
67
0
8
0
62
256
6
ByLayer
370
-1
48
1.0
60
0
100
AcDbCircle
39
0.0
10
493.526121761668
20
433.591156917829
30
0.0
40
284.257643655227
210
0.0
220
0.0
230
1.0
100
AcDbArc
50
249.563114448876
51
249.76779144819
0
ARC
5
2FF
330
70
100
AcDbEntity
67
0
8
0
62
256
6
ByLayer
370
-1
48
1.0
60
0
100
AcDbCircle
39
0.0
10
493.715243343777
20
434.100538709133
30
0.0
40
284.801000228639
210
0.0
220
0.0
230
1.0
100
AcDbArc
50
249.358920068317
51
249.563244369867
0
ARC
5
300
330
70
100
AcDbEntity
67
0
8
0
62
256
6
ByLayer
370
-1
48
1.0
60
0
100
AcDbCircle
39
0.0
10
493.90249894265
20
434.599435166145
30
0.0
40
285.333881017524
210
0.0
220
0.0
230
1.0
100
AcDbArc
50
249.15506809723
51
249.359047021311
0
ARC
5
301
330
70
100
AcDbEntity
67
0
8
0
62
256
6
ByLayer
370
-1
48
1.0
60
0
100
AcDbCircle
39
0.0
10
494.08776727972
20
435.087746043192
30
0.0
40
285.856156316037
210
0.0
220
0.0
230
1.0
100
AcDbArc
50
248.951551211413
51
249.155192080185
0
ARC
5
302
330
70
100
AcDbEntity
67
0
8
0
62
256
6
ByLayer
370
-1
48
1.0
60
0
100
AcDbCircle
39
0.0
10
494.270926676598
20
435.565373276857
30
0.0
40
286.367697882138
210
0.0
220
0.0
230
1.0
100
AcDbArc
50
248.748362084616
51
248.951672222298
0
ARC
5
303
330
70
100
AcDbEntity
67
0
8
0
62
256
6
ByLayer
370
-1
48
1.0
60
0
100
AcDbCircle
39
0.0
10
494.451855479849
20
436.032222017691
30
0.0
40
286.868380046799
210
0.0
220
0.0
230
1.0
100
AcDbArc
50
248.545493389104
51
248.748480121419
0
ARC
5
304
330
70
100
AcDbEntity
67
0
8
0
62
256
6
ByLayer
370
-1
48
1.0
60
0
100
AcDbCircle
39
0.0
10
494.630431497459
20
436.488199092408
30
0.0
40
287.358078070373
210
0.0
220
0.0
230
1.0
100
AcDbArc
50
248.34293779489
51
248.545608449715
0
ARC
5
305
330
70
100
AcDbEntity
67
0
8
0
62
256
6
ByLayer
370
-1
48
1.0
60
0
100
AcDbCircle
39
0.0
10
494.806532567208
20
436.933214401873
30
0.0
40
287.836669645629
210
0.0
220
0.0
230
1.0
100
AcDbArc
50
248.14068797041
51
248.343049877407
0
ARC
5
306
330
70
100
AcDbEntity
67
0
8
0
62
256
6
ByLayer
370
-1
48
1.0
60
0
100
AcDbCircle
39
0.0
10
494.980036407276
20
437.367180451409
30
0.0
40
288.30403440015
210
0.0
220
0.0
230
1.0
100
AcDbArc
50
247.938736582232
51
248.140797072872
0
ARC
5
307
330
70
100
AcDbEntity
67
0
8
0
62
256
6
ByLayer
370
-1
48
1.0
60
0
100
AcDbCircle
39
0.0
10
495.150820572543
20
437.790012171004
30
0.0
40
288.760053707431
210
0.0
220
0.0
230
1.0
100
AcDbArc
50
247.737076294964
51
247.938842702726
0
ARC
5
308
330
70
100
AcDbEntity
67
0
8
0
62
256
6
ByLayer
370
-1
48
1.0
60
0
100
AcDbCircle
39
0.0
10
495.31876274513
20
438.20162755921
30
0.0
40
289.204611387091
210
0.0
220
0.0
230
1.0
100
AcDbArc
50
247.53569977146
51
247.737179431575
0
ARC
5
309
330
70
100
AcDbEntity
67
0
8
0
62
256
6
ByLayer
370
-1
48
1.0
60
0
100
AcDbCircle
39
0.0
10
495.483740460687
20
438.601946930945
30
0.0
40
289.637592899497
210
0.0
220
0.0
230
1.0
100
AcDbArc
50
247.334599672425
51
247.535799922228
0
ARC
5
30A
330
70
100
AcDbEntity
67
0
8
0
62
256
6
ByLayer
370
-1
48
1.0
60
0
100
AcDbCircle
39
0.0
10
495.645631421405
20
438.990893609256
30
0.0
40
290.058886099218
210
0.0
220
0.0
230
1.0
100
AcDbArc
50
247.13376865664
51
247.334696835431
0
ARC
5
30B
330
70
100
AcDbEntity
67
0
8
0
62
256
6
ByLayer
370
-1
48
1.0
60
0
100
AcDbCircle
39
0.0
10
495.80431335466
20
439.36839350499
30
0.0
40
290.46838078735
210
0.0
220
0.0
230
1.0
100
AcDbArc
50
246.933199380741
51
247.133862829997
0
ARC
5
30C
330
70
100
AcDbEntity
67
0
8
0
62
256
6
ByLayer
370
-1
48
1.0
60
0
100
AcDbCircle
39
0.0
10
495.959664280175
20
439.734375674872
30
0.0
40
290.865969324352
210
0.0
220
0.0
230
1.0
100
AcDbArc
50
246.732884499267
51
246.93329056247
0
ARC
5
30D
330
70
100
AcDbEntity
67
0
8
0
62
256
6
ByLayer
370
-1
48
1.0
60
0
100
AcDbCircle
39
0.0
10
496.111562141396
20
440.088771377847
30
0.0
40
291.25154561231
210
0.0
220
0.0
230
1.0
100
AcDbArc
50
246.532816664246
51
246.732972687444
0
ARC
5
30E
330
70
100
AcDbEntity
67
0
8
0
62
256
6
ByLayer
370
-1
48
1.0
60
0
100
AcDbCircle
39
0.0
10
496.259885524407
20
440.431515678328
30
0.0
40
291.625006846816
210
0.0
220
0.0
230
1.0
100
AcDbArc
50
246.332988525678
51
246.532901856884
0
ARC
5
30F
330
70
100
AcDbEntity
67
0
8
0
62
256
6
ByLayer
370
-1
48
1.0
60
0
100
AcDbCircle
39
0.0
10
496.404512848062
20
440.762545486702
30
0.0
40
291.986251392159
210
0.0
220
0.0
230
1.0
100
AcDbArc
50
246.133392730609
51
246.333070720685
0
ARC
5
310
330
70
100
AcDbEntity
67
0
8
0
62
256
6
ByLayer
370
-1
48
1.0
60
0
100
AcDbCircle
39
0.0
10
496.545323196262
20
441.081801407105
30
0.0
40
292.335180803062
210
0.0
220
0.0
230
1.0
100
AcDbArc
50
245.934021923843
51
246.133471926044
0
ARC
5
311
330
70
100
AcDbEntity
67
0
8
0
62
256
6
ByLayer
370
-1
48
1.0
60
0
100
AcDbCircle
39
0.0
10
496.682195820076
20
441.389226513813
30
0.0
40
292.671698499593
210
0.0
220
0.0
230
1.0
100
AcDbArc
50
245.734868747138
51
245.934098117587
0
ARC
5
312
330
70
100
AcDbEntity
67
0
8
0
62
256
6
ByLayer
370
-1
48
1.0
60
0
100
AcDbCircle
39
0.0
10
496.815010586712
20
441.68476729084
30
0.0
40
292.995710803674
210
0.0
220
0.0
230
1.0
100
AcDbArc
50
245.535925839578
51
245.734941937071
0
ARC
5
313
330
70
100
AcDbEntity
67
0
8
0
62
256
6
ByLayer
370
-1
48
1.0
60
0
100
AcDbCircle
39
0.0
10
496.943647533791
20
441.968372559278
30
0.0
40
293.307125773596
210
0.0
220
0.0
230
1.0
100
AcDbArc
50
245.337185836887
51
245.535996023527
0
ARC
5
314
330
70
100
AcDbEntity
67
0
8
0
62
256
6
ByLayer
370
-1
48
1.0
60
0
100
AcDbCircle
39
0.0
10
497.067987472806
20
442.239994740017
30
0.0
40
293.605854598999
210
0.0
220
0.0
230
1.0
100
AcDbArc
50
245.138641371791
51
245.337253012696
0
ARC
5
315
330
70
100
AcDbEntity
67
0
8
0
62
256
6
ByLayer
370
-1
48
1.0
60
0
100
AcDbCircle
39
0.0
10
497.187911691844
20
442.499589113008
30
0.0
40
293.891810799456
210
0.0
220
0.0
230
1.0
100
AcDbArc
50
244.940285073588
51
245.138705537187
0
ARC
5
316
330
70
100
AcDbEntity
67
0
8
0
62
256
6
ByLayer
370
-1
48
1.0
60
0
100
AcDbCircle
39
0.0
10
497.303302017928
20
442.747113880786
30
0.0
40
294.164910304279
210
0.0
220
0.0
230
1.0
100
AcDbArc
50
244.74210956791
51
244.940346226204
0
ARC
5
317
330
70
100
AcDbEntity
67
0
8
0
62
256
6
ByLayer
370
-1
48
1.0
60
0
100
AcDbCircle
39
0.0
10
497.414040988249
20
442.982530460257
30
0.0
40
294.425071785411
210
0.0
220
0.0
230
1.0
100
AcDbArc
50
244.544107476705
51
244.742167705337
0
ARC
5
318
330
70
100
AcDbEntity
67
0
8
0
62
256
6
ByLayer
370
-1
48
1.0
60
0
100
AcDbCircle
39
0.0
10
497.520011583172
20
443.205802840894
30
0.0
40
294.672215959223
210
0.0
220
0.0
230
1.0
100
AcDbArc
50
244.346271417711
51
244.544162596539
0
ARC
5
319
330
70
100
AcDbEntity
67
0
8
0
62
256
6
ByLayer
370
-1
48
1.0
60
0
100
AcDbCircle
39
0.0
10
497.621098028967
20
443.416899197179
30
0.0
40
294.906267383714
210
0.0
220
0.0
230
1.0
100
AcDbArc
50
244.148594005009
51
244.346323517488
0
ARC
5
31A
330
70
100
AcDbEntity
67
0
8
0
62
256
6
ByLayer
370
-1
48
1.0
60
0
100
AcDbCircle
39
0.0
10
497.717184727932
20
443.615789564559
30
0.0
40
295.127151896748
210
0.0
220
0.0
230
1.0
100
AcDbArc
50
243.951067847744
51
244.148643082067
0
ARC
5
31B
330
70
100
AcDbEntity
67
0
8
0
62
256
6
ByLayer
370
-1
48
1.0
60
0
100
AcDbCircle
39
0.0
10
497.808157335862
20
443.802448014524
30
0.0
40
295.334799039827
210
0.0
220
0.0
230
1.0
100
AcDbArc
50
243.753685550869
51
243.951113899499
0
ARC
5
31C
330
70
100
AcDbEntity
67
0
8
0
62
256
6
ByLayer
370
-1
48
1.0
60
0
100
AcDbCircle
39
0.0
10
497.893902220843
20
443.976851445616
30
0.0
40
295.529140730834
210
0.0
220
0.0
230
1.0
100
AcDbArc
50
243.556439714371
51
243.753728574498
0
ARC
5
31D
330
70
100
AcDbEntity
67
0
8
0
62
256
6
ByLayer
370
-1
48
1.0
60
0
100
AcDbCircle
39
0.0
10
497.974306467382
20
444.138979529693
30
0.0
40
295.710111214423
210
0.0
220
0.0
230
1.0
100
AcDbArc
50
243.359322933054
51
243.556479707098
0
ARC
5
31E
330
70
100
AcDbEntity
67
0
8
0
62
256
6
ByLayer
370
-1
48
1.0
60
0
100
AcDbCircle
39
0.0
10
498.049258502328
20
444.288815895226
30
0.0
40
295.87764839708
210
0.0
220
0.0
230
1.0
100
AcDbArc
50
243.162327796774
51
243.35935989203
0
ARC
5
31F
330
70
100
AcDbEntity
67
0
8
0
62
256
6
ByLayer
370
-1
48
1.0
60
0
100
AcDbCircle
39
0.0
10
498.118647362032
20
444.426346574709
30
0.0
40
296.031692127714
210
0.0
220
0.0
230
1.0
100
AcDbArc
50
242.965446889532
51
243.16236171898
0
ARC
5
320
330
70
100
AcDbEntity
67
0
8
0
62
256
6
ByLayer
370
-1
48
1.0
60
0
100
AcDbCircle
39
0.0
10
498.182363373544
20
444.55156129146
30
0.0
40
296.172185650491
210
0.0
220
0.0
230
1.0
100
AcDbArc
50
242.768672789767
51
242.965477771938
0
ARC
5
321
330
70
100
AcDbEntity
67
0
8
0
62
256
6
ByLayer
370
-1
48
1.0
60
0
100
AcDbCircle
39
0.0
10
498.240297901534
20
444.664452872721
30
0.0
40
296.299074964205
210
0.0
220
0.0
230
1.0
100
AcDbArc
50
242.571998069856
51
242.768700629144
0
ARC
5
322
330
70
100
AcDbEntity
67
0
8
0
62
256
6
ByLayer
370
-1
48
1.0
60
0
100
AcDbCircle
39
0.0
10
498.292343325706
20
444.765017134509
30
0.0
40
296.412308706884
210
0.0
220
0.0
230
1.0
100
AcDbArc
50
242.375415295818
51
242.572022862898
0
ARC
5
323
330
70
100
AcDbEntity
67
0
8
0
62
256
6
ByLayer
370
-1
48
1.0
60
0
100
AcDbCircle
39
0.0
10
498.33839319864
20
444.85325311461
30
0.0
40
296.511838432715
210
0.0
220
0.0
230
1.0
100
AcDbArc
50
242.178917027096
51
242.375437039161
0
ARC
5
324
330
70
100
AcDbEntity
67
0
8
0
62
256
6
ByLayer
370
-1
48
1.0
60
0
100
AcDbCircle
39
0.0
10
498.378342411554
20
444.929163310211
30
0.0
40
296.597618896986
210
0.0
220
0.0
230
1.0
100
AcDbArc
50
241.982495816451
51
242.178935717297
0
ARC
5
325
330
70
100
AcDbEntity
67
0
8
0
62
256
6
ByLayer
370
-1
48
1.0
60
0
100
AcDbCircle
39
0.0
10
498.41208685017
20
444.992752947017
30
0.0
40
296.669607246708
210
0.0
220
0.0
230
1.0
100
AcDbArc
50
241.786144209313
51
241.982511449965
0
ARC
5
326
330
70
100
AcDbEntity
67
0
8
0
62
256
6
ByLayer
370
-1
48
1.0
60
0
100
AcDbCircle
39
0.0
10
498.43952404826
20
445.044031138087
30
0.0
40
296.727764348418
210
0.0
220
0.0
230
1.0
100
AcDbArc
50
241.589854744038
51
241.786156782524
0
ARC
5
327
330
70
100
AcDbEntity
67
0
8
0
62
256
6
ByLayer
370
-1
48
1.0
60
0
100
AcDbCircle
39
0.0
10
498.46055257083
20
445.083009644527
30
0.0
40
296.772053402372
210
0.0
220
0.0
230
1.0
100
AcDbArc
50
241.393619951049
51
241.5898642531
0
ARC
5
328
330
70
100
AcDbEntity
67
0
8
0
62
256
6
ByLayer
370
-1
48
1.0
60
0
100
AcDbCircle
39
0.0
10
498.475072550983
20
445.1097038052
30
0.0
40
296.802441013738
210
0.0
220
0.0
230
1.0
100
AcDbArc
50
241.197432353026
51
241.393626392087
0
ARC
5
329
330
70
100
AcDbEntity
67
0
8
0
62
256
6
ByLayer
370
-1
48
1.0
60
0
100
AcDbCircle
39
0.0
10
498.482985361145
20
445.124131849978
30
0.0
40
296.81889643036
210
0.0
220
0.0
230
1.0
100
AcDbArc
50
241.001284464192
51
241.197435721952
0
ARC
5
32A
330
70
100
AcDbEntity
67
0
8
0
62
256
6
ByLayer
370
-1
48
1.0
60
0
100
AcDbCircle
39
0.0
10
498.48419384751
20
445.126315260791
30
0.0
40
296.821391970336
210
0.0
220
0.0
230
1.0
100
AcDbArc
50
240.805168790297
51
241.001284756949
0
ARC
5
32B
330
70
100
AcDbEntity
67
0
8
0
62
256
6
ByLayer
370
-1
48
1.0
60
0
100
AcDbCircle
39
0.0
10
498.478602449137
20
445.116278907002
30
0.0
40
296.809903196485
210
0.0
220
0.0
230
1.0
100
AcDbArc
50
240.609077828303
51
240.805166002698
0
ARC
5
32C
330
70
100
AcDbEntity
67
0
8
0
62
256
6
ByLayer
370
-1
48
1.0
60
0
100
AcDbCircle
39
0.0
10
498.466117058392
20
445.094050717179
30
0.0
40
296.784408560196
210
0.0
220
0.0
230
1.0
100
AcDbArc
50
240.41300406596
51
240.609071956018
0
ARC
5
32D
330
70
100
AcDbEntity
67
0
8
0
62
256
6
ByLayer
370
-1
48
1.0
60
0
100
AcDbCircle
39
0.0
10
498.446645267889
20
445.059662044067
30
0.0
40
296.744889839197
210
0.0
220
0.0
230
1.0
100
AcDbArc
50
240.21693998167
51
240.412995104502
0
ARC
5
32E
330
70
100
AcDbEntity
67
0
8
0
62
256
6
ByLayer
370
-1
48
1.0
60
0
100
AcDbCircle
39
0.0
10
498.420096078581
20
445.013147072781
30
0.0
40
296.691331477487
210
0.0
220
0.0
230
1.0
100
AcDbArc
50
240.020878043884
51
240.216927926369
0
ARC
5
32F
330
70
100
AcDbEntity
67
0
8
0
62
256
6
ByLayer
370
-1
48
1.0
60
0
100
AcDbCircle
39
0.0
10
498.194899781668
20
444.624872359132
30
0.0
40
296.242477918739
210
0.0
220
0.0
230
1.0
100
AcDbArc
50
239.824777325848
51
240.021081493111
0
ARC
5
330
330
70
100
AcDbEntity
67
0
8
0
62
256
6
ByLayer
370
-1
48
1.0
60
0
100
AcDbCircle
39
0.0
10
500.034089676022
20
447.795051454415
30
0.0
40
299.907534913386
210
0.0
220
0.0
230
1.0
100
AcDbArc
50
239.63159234615
51
239.825448447002
0
ARC
5
331
330
70
100
AcDbEntity
67
0
8
0
62
256
6
ByLayer
370
-1
48
1.0
60
0
100
AcDbCircle
39
0.0
10
500.2993298102
20
448.248883282712
30
0.0
40
300.433191938749
210
0.0
220
0.0
230
1.0
100
AcDbArc
50
239.438241240209
51
239.631705083708
0
ARC
5
332
330
70
100
AcDbEntity
67
0
8
0
62
256
6
ByLayer
370
-1
48
1.0
60
0
100
AcDbCircle
39
0.0
10
500.558054542354
20
448.688155209125
30
0.0
40
300.942993846971
210
0.0
220
0.0
230
1.0
100
AcDbArc
50
239.245269446844
51
239.438350159588
0
ARC
5
333
330
70
100
AcDbEntity
67
0
8
0
62
256
6
ByLayer
370
-1
48
1.0
60
0
100
AcDbCircle
39
0.0
10
500.810058683108
20
449.112737742956
30
0.0
40
301.436730730127
210
0.0
220
0.0
230
1.0
100
AcDbArc
50
239.052667819294
51
239.245374540518
0
ARC
5
334
330
70
100
AcDbEntity
67
0
8
0
62
256
6
ByLayer
370
-1
48
1.0
60
0
100
AcDbCircle
39
0.0
10
501.055136945538
20
449.522504633934
30
0.0
40
301.914194839145
210
0.0
220
0.0
230
1.0
100
AcDbArc
50
238.860427197307
51
239.052769079553
0
ARC
5
335
330
70
100
AcDbEntity
67
0
8
0
62
256
6
ByLayer
370
-1
48
1.0
60
0
100
AcDbCircle
39
0.0
10
501.293084725852
20
449.917334107116
30
0.0
40
302.375182035421
210
0.0
220
0.0
230
1.0
100
AcDbArc
50
238.668538407286
51
238.860524616224
0
ARC
5
336
330
70
100
AcDbEntity
67
0
8
0
62
256
6
ByLayer
370
-1
48
1.0
60
0
100
AcDbCircle
39
0.0
10
501.523696952713
20
450.297106878483
30
0.0
40
302.819489488482
210
0.0
220
0.0
230
1.0
100
AcDbArc
50
238.476992260809
51
238.668631976611
0
ARC
5
337
330
70
100
AcDbEntity
67
0
8
0
62
256
6
ByLayer
370
-1
48
1.0
60
0
100
AcDbCircle
39
0.0
10
501.746769254241
20
450.661708028356
30
0.0
40
303.246917874377
210
0.0
220
0.0
230
1.0
100
AcDbArc
50
238.285779554913
51
238.477081972304
0
ARC
5
338
330
70
100
AcDbEntity
67
0
8
0
62
256
6
ByLayer
370
-1
48
1.0
60
0
100
AcDbCircle
39
0.0
10
501.962097919498
20
451.011026847469
30
0.0
40
303.657271215726
210
0.0
220
0.0
230
1.0
100
AcDbArc
50
238.094891071449
51
238.285865399942
0
ARC
5
339
330
70
100
AcDbEntity
67
0
8
0
62
256
6
ByLayer
370
-1
48
1.0
60
0
100
AcDbCircle
39
0.0
10
502.169479039271
20
451.344955376358
30
0.0
40
304.050355179117
210
0.0
220
0.0
230
1.0
100
AcDbArc
50
237.904317575841
51
238.09497304113
0
ARC
5
33A
330
70
100
AcDbEntity
67
0
8
0
62
256
6
ByLayer
370
-1
48
1.0
60
0
100
AcDbCircle
39
0.0
10
502.368709894585
20
451.663390582735
30
0.0
40
304.425979649103
210
0.0
220
0.0
230
1.0
100
AcDbArc
50
237.714049817391
51
237.90439566119
0
ARC
5
33B
330
70
100
AcDbEntity
67
0
8
0
62
256
6
ByLayer
370
-1
48
1.0
60
0
100
AcDbCircle
39
0.0
10
502.559588109294
20
451.966232916662
30
0.0
40
304.783957045727
210
0.0
220
0.0
230
1.0
100
AcDbArc
50
237.524078528021
51
237.714124009052
0
ARC
5
33C
330
70
100
AcDbEntity
67
0
8
0
62
256
6
ByLayer
370
-1
48
1.0
60
0
100
AcDbCircle
39
0.0
10
502.74191226154
20
452.253387214108
30
0.0
40
305.124103406987
210
0.0
220
0.0
230
1.0
100
AcDbArc
50
237.334394421971
51
237.524148816343
0
ARC
5
33D
330
70
100
AcDbEntity
67
0
8
0
62
256
6
ByLayer
370
-1
48
1.0
60
0
100
AcDbCircle
39
0.0
10
502.915481355965
20
452.524761791175
30
0.0
40
305.446237333392
210
0.0
220
0.0
230
1.0
100
AcDbArc
50
237.14498819475
51
237.334460797077
0
ARC
5
33E
330
70
100
AcDbEntity
67
0
8
0
62
256
6
ByLayer
370
-1
48
1.0
60
0
100
AcDbCircle
39
0.0
10
503.080095881257
20
452.78027002497
30
0.0
40
305.750181881822
210
0.0
220
0.0
230
1.0
100
AcDbArc
50
236.955850523075
51
237.145050646491
0
ARC
5
33F
330
70
100
AcDbEntity
67
0
8
0
62
256
6
ByLayer
370
-1
48
1.0
60
0
100
AcDbCircle
39
0.0
10
503.235556743006
20
453.019828610936
30
0.0
40
306.03576251499
210
0.0
220
0.0
230
1.0
100
AcDbArc
50
236.766972063382
51
236.95590904091
0
ARC
5
340
330
70
100
AcDbEntity
67
0
8
0
62
256
6
ByLayer
370
-1
48
1.0
60
0
100
AcDbCircle
39
0.0
10
503.381666476328
20
453.243359364862
30
0.0
40
306.302809265728
210
0.0
220
0.0
230
1.0
100
AcDbArc
50
236.578343451876
51
236.767026636525
0
ARC
5
341
330
70
100
AcDbEntity
67
0
8
0
62
256
6
ByLayer
370
-1
48
1.0
60
0
100
AcDbCircle
39
0.0
10
503.518228196058
20
453.450787529906
30
0.0
40
306.551154738136
210
0.0
220
0.0
230
1.0
100
AcDbArc
50
236.389955302989
51
236.578394069166
0
ARC
5
342
330
70
100
AcDbEntity
67
0
8
0
62
256
6
ByLayer
370
-1
48
1.0
60
0
100
AcDbCircle
39
0.0
10
503.645046860793
20
453.642043627729
30
0.0
40
306.780636341617
210
0.0
220
0.0
230
1.0
100
AcDbArc
50
236.201798209409
51
236.39000195303
0
ARC
5
343
330
70
100
AcDbEntity
67
0
8
0
62
256
6
ByLayer
370
-1
48
1.0
60
0
100
AcDbCircle
39
0.0
10
503.761928294683
20
453.817061891456
30
0.0
40
306.991094437185
210
0.0
220
0.0
230
1.0
100
AcDbArc
50
236.013862740565
51
236.201840880377
0
ARC
5
344
330
70
100
AcDbEntity
67
0
8
0
62
256
6
ByLayer
370
-1
48
1.0
60
0
100
AcDbCircle
39
0.0
10
503.868680059358
20
453.975781502004
30
0.0
40
307.182373842913
210
0.0
220
0.0
230
1.0
100
AcDbArc
50
235.82613944234
51
236.013901420396
0
ARC
5
345
330
70
100
AcDbEntity
67
0
8
0
62
256
6
ByLayer
370
-1
48
1.0
60
0
100
AcDbCircle
39
0.0
10
503.965111258937
20
454.118146205147
30
0.0
40
307.354323400549
210
0.0
220
0.0
230
1.0
100
AcDbArc
50
235.638618835982
51
235.82617411845
0
ARC
5
346
330
70
100
AcDbEntity
67
0
8
0
62
256
6
ByLayer
370
-1
48
1.0
60
0
100
AcDbCircle
39
0.0
10
504.051032427578
20
454.24410406692
30
0.0
40
307.50679570328
210
0.0
220
0.0
230
1.0
100
AcDbArc
50
235.451291417216
51
235.638649495434
0
ARC
5
347
330
70
100
AcDbEntity
67
0
8
0
62
256
6
ByLayer
370
-1
48
1.0
60
0
100
AcDbCircle
39
0.0
10
504.126255747704
20
454.353607716808
30
0.0
40
307.63964741307
210
0.0
220
0.0
230
1.0
100
AcDbArc
50
235.264147655376
51
235.451318046779
0
ARC
5
348
330
70
100
AcDbEntity
67
0
8
0
62
256
6
ByLayer
370
-1
48
1.0
60
0
100
AcDbCircle
39
0.0
10
504.190595580469
20
454.446615031285
30
0.0
40
307.752740118025
210
0.0
220
0.0
230
1.0
100
AcDbArc
50
235.077177992818
51
235.264170241416
0
ARC
5
349
330
70
100
AcDbEntity
67
0
8
0
62
256
6
ByLayer
370
-1
48
1.0
60
0
100
AcDbCircle
39
0.0
10
504.24386761954
20
454.523087822023
30
0.0
40
307.845938765883
210
0.0
220
0.0
230
1.0
100
AcDbArc
50
234.890372843332
51
235.077196521215
0
ARC
5
34A
330
70
100
AcDbEntity
67
0
8
0
62
256
6
ByLayer
370
-1
48
1.0
60
0
100
AcDbCircle
39
0.0
10
504.285890115518
20
454.582993516755
30
0.0
40
307.919113736981
210
0.0
220
0.0
230
1.0
100
AcDbArc
50
234.703722591998
51
234.890387299646
0
ARC
5
34B
330
70
100
AcDbEntity
67
0
8
0
62
256
6
ByLayer
370
-1
48
1.0
60
0
100
AcDbCircle
39
0.0
10
504.316482920297
20
454.626303699391
30
0.0
40
307.972139094294
210
0.0
220
0.0
230
1.0
100
AcDbArc
50
234.51721759354
51
234.703732961267
0
ARC
5
34C
330
70
100
AcDbEntity
67
0
8
0
62
256
6
ByLayer
370
-1
48
1.0
60
0
100
AcDbCircle
39
0.0
10
504.335468144761
20
454.652994967103
30
0.0
40
308.004893657109
210
0.0
220
0.0
230
1.0
100
AcDbArc
50
234.33084817169
51
234.517223860507
0
ARC
5
34D
330
70
100
AcDbEntity
67
0
8
0
62
256
6
ByLayer
370
-1
48
1.0
60
0
100
AcDbCircle
39
0.0
10
504.342670424612
20
454.663049207295
30
0.0
40
308.017261375065
210
0.0
220
0.0
230
1.0
100
AcDbArc
50
234.144604618194
51
234.33085032051
0
ARC
5
34E
330
70
100
AcDbEntity
67
0
8
0
62
256
6
ByLayer
370
-1
48
1.0
60
0
100
AcDbCircle
39
0.0
10
504.337916214835
20
454.656452525525
30
0.0
40
308.009130040178
210
0.0
220
0.0
230
1.0
100
AcDbArc
50
233.958477191497
51
234.14460263267
0
ARC
5
34F
330
70
100
AcDbEntity
67
0
8
0
62
256
6
ByLayer
370
-1
48
1.0
60
0
100
AcDbCircle
39
0.0
10
504.32103497116
20
454.633196799549
30
0.0
40
307.980393232935
210
0.0
220
0.0
230
1.0
100
AcDbArc
50
233.772456116177
51
233.958471054953
0
ARC
5
350
330
70
100
AcDbEntity
67
0
8
0
62
256
6
ByLayer
370
-1
48
1.0
60
0
100
AcDbCircle
39
0.0
10
504.291858044749
20
454.593278059619
30
0.0
40
307.930948356914
210
0.0
220
0.0
230
1.0
100
AcDbArc
50
233.58653158119
51
233.772445811395
0
ARC
5
351
330
70
100
AcDbEntity
67
0
8
0
62
256
6
ByLayer
370
-1
48
1.0
60
0
100
AcDbCircle
39
0.0
10
504.250219965566
20
454.536698163731
30
0.0
40
307.86069874344
210
0.0
220
0.0
230
1.0
100
AcDbArc
50
233.400693739573
51
233.586517090597
0
ARC
5
352
330
70
100
AcDbEntity
67
0
8
0
62
256
6
ByLayer
370
-1
48
1.0
60
0
100
AcDbCircle
39
0.0
10
504.195957550004
20
454.463463481831
30
0.0
40
307.769552057882
210
0.0
220
0.0
230
1.0
100
AcDbArc
50
233.21493270662
51
233.400675044931
0
ARC
5
353
330
70
100
AcDbEntity
67
0
8
0
62
256
6
ByLayer
370
-1
48
1.0
60
0
100
AcDbCircle
39
0.0
10
504.25964161704
20
454.548956773075
30
0.0
40
307.876157530619
210
0.0
220
0.0
230
1.0
100
AcDbArc
50
233.0294291889
51
233.214968230266
0
ARC
5
354
330
70
100
AcDbEntity
67
0
8
0
62
256
6
ByLayer
370
-1
48
1.0
60
0
100
AcDbCircle
39
0.0
10
504.693123224949
20
455.126351074022
30
0.0
40
308.598161435666
210
0.0
220
0.0
230
1.0
100
AcDbArc
50
232.844637263431
51
233.02959998413
0
ARC
5
355
330
70
100
AcDbEntity
67
0
8
0
62
256
6
ByLayer
370
-1
48
1.0
60
0
100
AcDbCircle
39
0.0
10
504.872791455042
20
455.363965965522
30
0.0
40
308.896056397337
210
0.0
220
0.0
230
1.0
100
AcDbArc
50
232.660057130094
51
232.844696350326
0
ARC
5
356
330
70
100
AcDbEntity
67
0
8
0
62
256
6
ByLayer
370
-1
48
1.0
60
0
100
AcDbCircle
39
0.0
10
505.040449772124
20
455.584217876867
30
0.0
40
309.172859808801
210
0.0
220
0.0
230
1.0
100
AcDbArc
50
232.475785953435
51
232.660111860079
0
ARC
5
357
330
70
100
AcDbEntity
67
0
8
0
62
256
6
ByLayer
370
-1
48
1.0
60
0
100
AcDbCircle
39
0.0
10
505.195844906257
20
455.787002122555
30
0.0
40
309.428337839397
210
0.0
220
0.0
230
1.0
100
AcDbArc
50
232.291813495576
51
232.475836308977
0
ARC
5
358
330
70
100
AcDbEntity
67
0
8
0
62
256
6
ByLayer
370
-1
48
1.0
60
0
100
AcDbCircle
39
0.0
10
505.338725196042
20
455.972219176412
30
0.0
40
309.662261058822
210
0.0
220
0.0
230
1.0
100
AcDbArc
50
232.108129483695
51
232.291859458489
0
ARC
5
359
330
70
100
AcDbEntity
67
0
8
0
62
256
6
ByLayer
370
-1
48
1.0
60
0
100
AcDbCircle
39
0.0
10
505.468839718374
20
456.139773470691
30
0.0
40
309.874402945273
210
0.0
220
0.0
230
1.0
100
AcDbArc
50
231.924723608289
51
232.108171035237
0
ARC
5
35A
330
70
100
AcDbEntity
67
0
8
0
62
256
6
ByLayer
370
-1
48
1.0
60
0
100
AcDbCircle
39
0.0
10
505.585939810283
20
456.289575288321
30
0.0
40
310.06454230406
210
0.0
220
0.0
230
1.0
100
AcDbArc
50
231.741585522762
51
231.924760729249
0
ARC
5
35B
330
70
100
AcDbEntity
67
0
8
0
62
256
6
ByLayer
370
-1
48
1.0
60
0
100
AcDbCircle
39
0.0
10
505.689777793438
20
456.421539043914
30
0.0
40
310.232461118551
210
0.0
220
0.0
230
1.0
100
AcDbArc
50
231.558704841335
51
231.741618193267
0
ARC
5
35C
330
70
100
AcDbEntity
67
0
8
0
62
256
6
ByLayer
370
-1
48
1.0
60
0
100
AcDbCircle
39
0.0
10
505.780108136054
20
456.535584695578
30
0.0
40
310.377946369128
210
0.0
220
0.0
230
1.0
100
AcDbArc
50
231.376071138371
51
231.558733041101
0
ARC
5
35D
330
70
100
AcDbEntity
67
0
8
0
62
256
6
ByLayer
370
-1
48
1.0
60
0
100
AcDbCircle
39
0.0
10
505.856687379958
20
456.631637560323
30
0.0
40
310.500789834246
210
0.0
220
0.0
230
1.0
100
AcDbArc
50
231.193673946846
51
231.376094846342
0
ARC
5
35E
330
70
100
AcDbEntity
67
0
8
0
62
256
6
ByLayer
370
-1
48
1.0
60
0
100
AcDbCircle
39
0.0
10
505.919273510426
20
456.709627447575
30
0.0
40
310.600787011291
210
0.0
220
0.0
230
1.0
100
AcDbArc
50
231.011502756644
51
231.193693141397
0
ARC
5
35F
330
70
100
AcDbEntity
67
0
8
0
62
256
6
ByLayer
370
-1
48
1.0
60
0
100
AcDbCircle
39
0.0
10
505.96762742555
20
456.769490412977
30
0.0
40
310.677739395387
210
0.0
220
0.0
230
1.0
100
AcDbArc
50
230.829547013871
51
231.011517415585
0
ARC
5
360
330
70
100
AcDbEntity
67
0
8
0
62
256
6
ByLayer
370
-1
48
1.0
60
0
100
AcDbCircle
39
0.0
10
506.001511590617
20
456.811166998754
30
0.0
40
310.731452256456
210
0.0
220
0.0
230
1.0
100
AcDbArc
50
230.647796118538
51
230.829557114232
0
ARC
5
361
330
70
100
AcDbEntity
67
0
8
0
62
256
6
ByLayer
370
-1
48
1.0
60
0
100
AcDbCircle
39
0.0
10
506.020691384242
20
456.83460381764
30
0.0
40
310.761736709023
210
0.0
220
0.0
230
1.0
100
AcDbArc
50
230.466239423837
51
230.647801636857
0
ARC
5
362
330
70
100
AcDbEntity
67
0
8
0
62
256
6
ByLayer
370
-1
48
1.0
60
0
100
AcDbCircle
39
0.0
10
506.024934654329
20
456.839752911497
30
0.0
40
310.768408926354
210
0.0
220
0.0
230
1.0
100
AcDbArc
50
230.284866234204
51
230.466240335802
0
ARC
5
363
330
70
100
AcDbEntity
67
0
8
0
62
256
6
ByLayer
370
-1
48
1.0
60
0
100
AcDbCircle
39
0.0
10
506.014011788941
20
456.826571754659
30
0.0
40
310.751290179996
210
0.0
220
0.0
230
1.0
100
AcDbArc
50
230.103665803794
51
230.284862514804
0
ARC
5
364
330
70
100
AcDbEntity
67
0
8
0
62
256
6
ByLayer
370
-1
48
1.0
60
0
100
AcDbCircle
39
0.0
10
505.987695997277
20
456.795023507782
30
0.0
40
310.710207206536
210
0.0
220
0.0
230
1.0
100
AcDbArc
50
229.922627334983
51
230.103657427392
0
ARC
5
365
330
70
100
AcDbEntity
67
0
8
0
62
256
6
ByLayer
370
-1
48
1.0
60
0
100
AcDbCircle
39
0.0
10
505.945763573849
20
456.745077241504
30
0.0
40
310.64499254074
210
0.0
220
0.0
230
1.0
100
AcDbArc
50
229.741739976688
51
229.922614275136
0
ARC
5
366
330
70
100
AcDbEntity
67
0
8
0
62
256
6
ByLayer
370
-1
48
1.0
60
0
100
AcDbCircle
39
0.0
10
505.887993642785
20
456.676707541451
30
0.0
40
310.555484040918
210
0.0
220
0.0
230
1.0
100
AcDbArc
50
229.560992822614
51
229.741722206274
0
ARC
5
367
330
70
100
AcDbEntity
67
0
8
0
62
256
6
ByLayer
370
-1
48
1.0
60
0
100
AcDbCircle
39
0.0
10
505.814169146921
20
456.589895583702
30
0.0
40
310.441526341229
210
0.0
220
0.0
230
1.0
100
AcDbArc
50
229.38037490991
51
229.560970313649
0
ARC
5
368
330
70
100
AcDbEntity
67
0
8
0
62
256
6
ByLayer
370
-1
48
1.0
60
0
100
AcDbCircle
39
0.0
10
505.72407551769
20
456.484627473158
30
0.0
40
310.302968716778
210
0.0
220
0.0
230
1.0
100
AcDbArc
50
229.199875216638
51
229.380347633522
0
ARC
5
369
330
70
100
AcDbEntity
67
0
8
0
62
256
6
ByLayer
370
-1
48
1.0
60
0
100
AcDbCircle
39
0.0
10
505.617502220809
20
456.36089596855
30
0.0
40
310.13966739197
210
0.0
220
0.0
230
1.0
100
AcDbArc
50
229.019482660774
51
229.199843143359
0
ARC
5
36A
330
70
100
AcDbEntity
67
0
8
0
62
256
6
ByLayer
370
-1
48
1.0
60
0
100
AcDbCircle
39
0.0
10
505.49424240009
20
456.21869995739
30
0.0
40
309.951484903091
210
0.0
220
0.0
230
1.0
100
AcDbArc
50
228.839186098018
51
229.019445760114
0
ARC
5
36B
330
70
100
AcDbEntity
67
0
8
0
62
256
6
ByLayer
370
-1
48
1.0
60
0
100
AcDbCircle
39
0.0
10
505.354092422207
20
456.058043839089
30
0.0
40
309.738289327034
210
0.0
220
0.0
230
1.0
100
AcDbArc
50
228.658974319686
51
228.83914433869
0
ARC
5
36C
330
70
100
AcDbEntity
67
0
8
0
62
256
6
ByLayer
370
-1
48
1.0
60
0
100
AcDbCircle
39
0.0
10
506.435019680674
20
457.289735165175
30
0.0
40
311.377027610678
210
0.0
220
0.0
230
1.0
100
AcDbArc
50
228.480351815483
51
228.65934782609
0
ARC
5
36D
330
70
100
AcDbEntity
67
0
8
0
62
256
6
ByLayer
370
-1
48
1.0
60
0
100
AcDbCircle
39
0.0
10
509.128642401957
20
460.341577152
30
0.0
40
315.447568716132
210
0.0
220
0.0
230
1.0
100
AcDbArc
50
228.305031781118
51
228.481478564954
0
ARC
5
36E
330
70
100
AcDbEntity
67
0
8
0
62
256
6
ByLayer
370
-1
48
1.0
60
0
100
AcDbCircle
39
0.0
10
507.795041246183
20
458.841445019874
30
0.0
40
313.440360637766
210
0.0
220
0.0
230
1.0
100
AcDbArc
50
228.127291520456
51
228.304658947298
0
ARC
5
36F
330
70
100
AcDbEntity
67
0
8
0
62
256
6
ByLayer
370
-1
48
1.0
60
0
100
AcDbCircle
39
0.0
10
506.626777982074
20
457.535468360281
30
0.0
40
311.688101844818
210
0.0
220
0.0
230
1.0
100
AcDbArc
50
227.948774027357
51
228.126962981655
0
ARC
5
370
330
70
100
AcDbEntity
67
0
8
0
62
256
6
ByLayer
370
-1
48
1.0
60
0
100
AcDbCircle
39
0.0
10
505.622404189097
20
456.419709571557
30
0.0
40
310.186875005895
210
0.0
220
0.0
230
1.0
100
AcDbArc
50
227.769580487878
51
227.948490425651
0
ARC
5
371
330
70
100
AcDbEntity
67
0
8
0
62
256
6
ByLayer
370
-1
48
1.0
60
0
100
AcDbCircle
39
0.0
10
504.780800594304
20
455.490629612333
30
0.0
40
308.933286346742
210
0.0
220
0.0
230
1.0
100
AcDbArc
50
227.589813232911
51
227.769342374783
0
ARC
5
372
330
70
100
AcDbEntity
67
0
8
0
62
256
6
ByLayer
370
-1
48
1.0
60
0
100
AcDbCircle
39
0.0
10
504.101172887857
20
454.745076710335
30
0.0
40
307.92445440882
210
0.0
220
0.0
230
1.0
100
AcDbArc
50
227.409575538987
51
227.589621067202
0
ARC
5
373
330
70
100
AcDbEntity
67
0
8
0
62
256
6
ByLayer
370
-1
48
1.0
60
0
100
AcDbCircle
39
0.0
10
503.583046741531
20
454.180274336368
30
0.0
40
307.157997748447
210
0.0
220
0.0
230
1.0
100
AcDbArc
50
227.22897142433
51
227.409429684562
0
ARC
5
374
330
70
100
AcDbEntity
67
0
8
0
62
256
6
ByLayer
370
-1
48
1.0
60
0
100
AcDbCircle
39
0.0
10
503.226264629927
20
453.793811310264
30
0.0
40
306.632025445995
210
0.0
220
0.0
230
1.0
100
AcDbArc
50
227.048105442443
51
227.228872148926
0
ARC
5
375
330
70
100
AcDbEntity
67
0
8
0
62
256
6
ByLayer
370
-1
48
1.0
60
0
100
AcDbCircle
39
0.0
10
503.030984307452
20
453.583633817919
30
0.0
40
306.345130162506
210
0.0
220
0.0
230
1.0
100
AcDbArc
50
226.867082473992
51
227.048052916569
0
ARC
5
376
330
70
100
AcDbEntity
67
0
8
0
62
256
6
ByLayer
370
-1
48
1.0
60
0
100
AcDbCircle
39
0.0
10
502.997676970067
20
453.548037184987
30
0.0
40
306.296380823333
210
0.0
220
0.0
230
1.0
100
AcDbArc
50
226.686007516846
51
226.867076770188
0
ARC
5
377
330
70
100
AcDbEntity
67
0
8
0
62
256
6
ByLayer
370
-1
48
1.0
60
0
100
AcDbCircle
39
0.0
10
503.127127574993
20
453.685660062672
30
0.0
40
306.485318557229
210
0.0
220
0.0
230
1.0
100
AcDbArc
50
226.504985476587
51
226.6860486097
0
ARC
5
378
330
70
100
AcDbEntity
67
0
8
0
62
256
6
ByLayer
370
-1
48
1.0
60
0
100
AcDbCircle
39
0.0
10
503.420435955307
20
453.995479511961
30
0.0
40
306.911953853946
210
0.0
220
0.0
230
1.0
100
AcDbArc
50
226.324120957555
51
226.505073242847
0
ARC
5
379
330
70
100
AcDbEntity
67
0
8
0
62
256
6
ByLayer
370
-1
48
1.0
60
0
100
AcDbCircle
39
0.0
10
503.879018284398
20
454.47680650746
30
0.0
40
307.576764286418
210
0.0
220
0.0
230
1.0
100
AcDbArc
50
226.143518055175
51
226.324255176721
0
ARC
5
37A
330
70
100
AcDbEntity
67
0
8
0
62
256
6
ByLayer
370
-1
48
1.0
60
0
100
AcDbCircle
39
0.0
10
504.504610405257
20
455.129283440331
30
0.0
40
308.4806949859
210
0.0
220
0.0
230
1.0
100
AcDbArc
50
225.963280151318
51
226.143698410704
0
ARC
5
37B
330
70
100
AcDbEntity
67
0
8
0
62
256
6
ByLayer
370
-1
48
1.0
60
0
100
AcDbCircle
39
0.0
10
505.299271067098
20
455.952881534915
30
0.0
40
309.625159009694
210
0.0
220
0.0
230
1.0
100
AcDbArc
50
225.783509712263
51
225.963506232042
0
ARC
5
37C
330
70
100
AcDbEntity
67
0
8
0
62
256
6
ByLayer
370
-1
48
1.0
60
0
100
AcDbCircle
39
0.0
10
506.265387813205
20
456.947901022644
30
0.0
40
311.012041553011
210
0.0
220
0.0
230
1.0
100
AcDbArc
50
225.60430809195
51
225.783781014492
0
ARC
5
37D
330
70
100
AcDbEntity
67
0
8
0
62
256
6
ByLayer
370
-1
48
1.0
60
0
100
AcDbCircle
39
0.0
10
507.40568195515
20
458.114970340414
30
0.0
40
312.643702843304
210
0.0
220
0.0
230
1.0
100
AcDbArc
50
225.425775339021
51
225.604624021556
0
ARC
5
37E
330
70
100
AcDbEntity
67
0
8
0
62
256
6
ByLayer
370
-1
48
1.0
60
0
100
AcDbCircle
39
0.0
10
509.328993211435
20
460.062977083806
30
0.0
40
315.381192247226
210
0.0
220
0.0
230
1.0
100
AcDbArc
50
225.247626084381
51
225.425252065732
0
ARC
5
37F
330
70
100
AcDbEntity
67
0
8
0
62
256
6
ByLayer
370
-1
48
1.0
60
0
100
AcDbCircle
39
0.0
10
501.080557202367
20
451.725310005603
30
0.0
40
303.652883374869
210
0.0
220
0.0
230
1.0
100
AcDbArc
50
225.060557634026
51
225.245284895182
0
ARC
5
380
330
70
100
AcDbEntity
67
0
8
0
62
256
6
ByLayer
370
-1
48
1.0
60
0
100
AcDbCircle
39
0.0
10
501.271919159412
20
451.917486576413
30
0.0
40
303.924086526231
210
0.0
220
0.0
230
1.0
100
AcDbArc
50
224.87583801357
51
225.060612187267
0
ARC
5
381
330
70
100
AcDbEntity
67
0
8
0
62
256
6
ByLayer
370
-1
48
1.0
60
0
100
AcDbCircle
39
0.0
10
501.446989506223
20
452.0921720268
30
0.0
40
304.171401231389
210
0.0
220
0.0
230
1.0
100
AcDbArc
50
224.691055350155
51
224.8758877004
0
ARC
5
382
330
70
100
AcDbEntity
67
0
8
0
62
256
6
ByLayer
370
-1
48
1.0
60
0
100
AcDbCircle
39
0.0
10
501.605728526304
20
452.249543524117
30
0.0
40
304.394927086549
210
0.0
220
0.0
230
1.0
100
AcDbArc
50
224.506198477552
51
224.691100202556
0
ARC
5
383
330
70
100
AcDbEntity
67
0
8
0
62
256
6
ByLayer
370
-1
48
1.0
60
0
100
AcDbCircle
39
0.0
10
501.748103054367
20
452.389783399968
30
0.0
40
304.594771235124
210
0.0
220
0.0
230
1.0
100
AcDbArc
50
224.321256293531
51
224.506238526751
0
ARC
5
384
330
70
100
AcDbEntity
67
0
8
0
62
256
6
ByLayer
370
-1
48
1.0
60
0
100
AcDbCircle
39
0.0
10
501.874084691325
20
452.513077290078
30
0.0
40
304.771045796531
210
0.0
220
0.0
230
1.0
100
AcDbArc
50
224.13621775721
51
224.321291569847
0
ARC
5
385
330
70
100
AcDbEntity
67
0
8
0
62
256
6
ByLayer
370
-1
48
1.0
60
0
100
AcDbCircle
39
0.0
10
501.983651355803
20
452.619615571388
30
0.0
40
304.923869986233
210
0.0
220
0.0
230
1.0
100
AcDbArc
50
223.951071888141
51
224.136248290253
0
ARC
5
386
330
70
100
AcDbEntity
67
0
8
0
62
256
6
ByLayer
370
-1
48
1.0
60
0
100
AcDbCircle
39
0.0
10
502.076785983024
20
452.709591998664
30
0.0
40
305.053368238595
210
0.0
220
0.0
230
1.0
100
AcDbArc
50
223.76580776405
51
223.951097706697
0
ARC
5
387
330
70
100
AcDbEntity
67
0
8
0
62
256
6
ByLayer
370
-1
48
1.0
60
0
100
AcDbCircle
39
0.0
10
502.153477161342
20
452.783204240456
30
0.0
40
305.159671043404
210
0.0
220
0.0
230
1.0
100
AcDbArc
50
223.58041451946
51
223.765828896236
0
ARC
5
388
330
70
100
AcDbEntity
67
0
8
0
62
256
6
ByLayer
370
-1
48
1.0
60
0
100
AcDbCircle
39
0.0
10
502.213719216942
20
452.840653868836
30
0.0
40
305.242915006333
210
0.0
220
0.0
230
1.0
100
AcDbArc
50
223.39488134422
51
223.580430992648
0
ARC
5
389
330
70
100
AcDbEntity
67
0
8
0
62
256
6
ByLayer
370
-1
48
1.0
60
0
100
AcDbCircle
39
0.0
10
502.257511512946
20
452.882145605171
30
0.0
40
305.303241827841
210
0.0
220
0.0
230
1.0
100
AcDbArc
50
223.20919748162
51
223.394893185059
0
ARC
5
38A
330
70
100
AcDbEntity
67
0
8
0
62
256
6
ByLayer
370
-1
48
1.0
60
0
100
AcDbCircle
39
0.0
10
502.28485927129
20
452.907888017975
30
0.0
40
305.340799386563
210
0.0
220
0.0
230
1.0
100
AcDbArc
50
223.023352227221
51
223.20920471601
0
ARC
5
38B
330
70
100
AcDbEntity
67
0
8
0
62
256
6
ByLayer
370
-1
48
1.0
60
0
100
AcDbCircle
39
0.0
10
502.295772469978
20
452.918092400865
30
0.0
40
305.355740174221
210
0.0
220
0.0
230
1.0
100
AcDbArc
50
222.837334926974
51
223.023354880421
0
ARC
5
38C
330
70
100
AcDbEntity
67
0
8
0
62
256
6
ByLayer
370
-1
48
1.0
60
0
100
AcDbCircle
39
0.0
10
502.290266852247
20
452.912973642174
30
0.0
40
305.348222633783
210
0.0
220
0.0
230
1.0
100
AcDbArc
50
222.651134976192
51
222.837333023645
0
ARC
5
38D
330
70
100
AcDbEntity
67
0
8
0
62
256
6
ByLayer
370
-1
48
1.0
60
0
100
AcDbCircle
39
0.0
10
502.268363201712
20
452.892749465714
30
0.0
40
305.318410118895
210
0.0
220
0.0
230
1.0
100
AcDbArc
50
222.46474181782
51
222.651128540269
0
ARC
5
38E
330
70
100
AcDbEntity
67
0
8
0
62
256
6
ByLayer
370
-1
48
1.0
60
0
100
AcDbCircle
39
0.0
10
502.230087507482
20
452.857640510165
30
0.0
40
305.266471076477
210
0.0
220
0.0
230
1.0
100
AcDbArc
50
222.278144941199
51
222.464730872647
0
ARC
5
38F
330
70
100
AcDbEntity
67
0
8
0
62
256
6
ByLayer
370
-1
48
1.0
60
0
100
AcDbCircle
39
0.0
10
502.175470825862
20
452.807870126917
30
0.0
40
305.192578815708
210
0.0
220
0.0
230
1.0
100
AcDbArc
50
222.091333880646
51
222.278129509532
0
ARC
5
390
330
70
100
AcDbEntity
67
0
8
0
62
256
6
ByLayer
370
-1
48
1.0
60
0
100
AcDbCircle
39
0.0
10
502.104549578984
20
452.743664576674
30
0.0
40
305.096911868893
210
0.0
220
0.0
230
1.0
100
AcDbArc
50
221.904298214344
51
222.091313984625
0
ARC
5
391
330
70
100
AcDbEntity
67
0
8
0
62
256
6
ByLayer
370
-1
48
1.0
60
0
100
AcDbCircle
39
0.0
10
502.017364901285
20
452.665252362908
30
0.0
40
304.979653067506
210
0.0
220
0.0
230
1.0
100
AcDbArc
50
221.717027562758
51
221.904273875456
0
ARC
5
392
330
70
100
AcDbEntity
67
0
8
0
62
256
6
ByLayer
370
-1
48
1.0
60
0
100
AcDbCircle
39
0.0
10
501.91396283217
20
452.572864340875
30
0.0
40
304.840989766354
210
0.0
220
0.0
230
1.0
100
AcDbArc
50
221.529511587536
51
221.716998802039
0
ARC
5
393
330
70
100
AcDbEntity
67
0
8
0
62
256
6
ByLayer
370
-1
48
1.0
60
0
100
AcDbCircle
39
0.0
10
501.794394705182
20
452.466733992648
30
0.0
40
304.681114325175
210
0.0
220
0.0
230
1.0
100
AcDbArc
50
221.341739990485
51
221.529478425446
0
ARC
5
394
330
70
100
AcDbEntity
67
0
8
0
62
256
6
ByLayer
370
-1
48
1.0
60
0
100
AcDbCircle
39
0.0
10
501.658716182622
20
452.347096500388
30
0.0
40
304.500222779757
210
0.0
220
0.0
230
1.0
100
AcDbArc
50
221.153702512005
51
221.341702446952
0
ARC
5
395
330
70
100
AcDbEntity
67
0
8
0
62
256
6
ByLayer
370
-1
48
1.0
60
0
100
AcDbCircle
39
0.0
10
501.506988277281
20
452.21418958456
30
0.0
40
304.29851617112
210
0.0
220
0.0
230
1.0
100
AcDbArc
50
220.965388930469
51
221.153660606481
0
ARC
5
396
330
70
100
AcDbEntity
67
0
8
0
62
256
6
ByLayer
370
-1
48
1.0
60
0
100
AcDbCircle
39
0.0
10
501.339276276464
20
452.068252489695
30
0.0
40
304.076199076439
210
0.0
220
0.0
230
1.0
100
AcDbArc
50
220.776789060573
51
220.965342681769
0
ARC
5
397
330
70
100
AcDbEntity
67
0
8
0
62
256
6
ByLayer
370
-1
48
1.0
60
0
100
AcDbCircle
39
0.0
10
501.155650229135
20
451.90952635238
30
0.0
40
303.833480226855
210
0.0
220
0.0
230
1.0
100
AcDbArc
50
220.587892752614
51
220.776738487138
0
ARC
5
398
330
70
100
AcDbEntity
67
0
8
0
62
256
6
ByLayer
370
-1
48
1.0
60
0
100
AcDbCircle
39
0.0
10
500.956184690007
20
451.738253916257
30
0.0
40
303.570572136349
210
0.0
220
0.0
230
1.0
100
AcDbArc
50
220.398689891318
51
220.587837872459
0
ARC
5
399
330
70
100
AcDbEntity
67
0
8
0
62
256
6
ByLayer
370
-1
48
1.0
60
0
100
AcDbCircle
39
0.0
10
500.740959054627
20
451.554679757092
30
0.0
40
303.287691511617
210
0.0
220
0.0
230
1.0
100
AcDbArc
50
220.209170395016
51
220.39863072196
0
ARC
5
39A
330
70
100
AcDbEntity
67
0
8
0
62
256
6
ByLayer
370
-1
48
1.0
60
0
100
AcDbCircle
39
0.0
10
500.510056647369
20
451.359049444815
30
0.0
40
302.985058023554
210
0.0
220
0.0
230
1.0
100
AcDbArc
50
220.019324214283
51
220.209106953518
0
ARC
5
39B
330
70
100
AcDbEntity
67
0
8
0
62
256
6
ByLayer
370
-1
48
1.0
60
0
100
AcDbCircle
39
0.0
10
500.263565777844
20
451.1516103844
30
0.0
40
302.662895666153
210
0.0
220
0.0
230
1.0
100
AcDbArc
50
219.82914133157
51
220.019256517347
0
ARC
5
39C
330
70
100
AcDbEntity
67
0
8
0
62
256
6
ByLayer
370
-1
48
1.0
60
0
100
AcDbCircle
39
0.0
10
500.001578488471
20
450.932610699457
30
0.0
40
302.321431088838
210
0.0
220
0.0
230
1.0
100
AcDbArc
50
219.638611759673
51
219.829069395392
0
ARC
5
39D
330
70
100
AcDbEntity
67
0
8
0
62
256
6
ByLayer
370
-1
48
1.0
60
0
100
AcDbCircle
39
0.0
10
499.724191352163
20
450.702299851681
30
0.0
40
301.960894615375
210
0.0
220
0.0
230
1.0
100
AcDbArc
50
219.447725541303
51
219.638535600159
0
ARC
5
39E
330
70
100
AcDbEntity
67
0
8
0
62
256
6
ByLayer
370
-1
48
1.0
60
0
100
AcDbCircle
39
0.0
10
499.431505107175
20
450.460928278965
30
0.0
40
301.581519741472
210
0.0
220
0.0
230
1.0
100
AcDbArc
50
219.256472748166
51
219.447645174003
0
ARC
5
39F
330
70
100
AcDbEntity
67
0
8
0
62
256
6
ByLayer
370
-1
48
1.0
60
0
100
AcDbCircle
39
0.0
10
499.123624512393
20
450.208747223223
30
0.0
40
301.183542923459
210
0.0
220
0.0
230
1.0
100
AcDbArc
50
219.064843479963
51
219.256388188154
0
ARC
5
3A0
330
70
100
AcDbEntity
67
0
8
0
62
256
6
ByLayer
370
-1
48
1.0
60
0
100
AcDbCircle
39
0.0
10
498.800658424754
20
449.946008744819
30
0.0
40
300.767203657341
210
0.0
220
0.0
230
1.0
100
AcDbArc
50
218.872827863917
51
219.064754742083
0
ARC
5
3A1
330
70
100
AcDbEntity
67
0
8
0
62
256
6
ByLayer
370
-1
48
1.0
60
0
100
AcDbCircle
39
0.0
10
498.462719462888
20
449.672965397984
30
0.0
40
300.33274402318
210
0.0
220
0.0
230
1.0
100
AcDbArc
50
218.680416053672
51
218.872734962591
0
ARC
5
3A2
330
70
100
AcDbEntity
67
0
8
0
62
256
6
ByLayer
370
-1
48
1.0
60
0
100
AcDbCircle
39
0.0
10
498.109924182538
20
449.389870327984
30
0.0
40
299.880408892895
210
0.0
220
0.0
230
1.0
100
AcDbArc
50
218.487598228889
51
218.680319003163
0
ARC
5
3A3
330
70
100
AcDbEntity
67
0
8
0
62
256
6
ByLayer
370
-1
48
1.0
60
0
100
AcDbCircle
39
0.0
10
497.742393282761
20
449.096977384279
30
0.0
40
299.410446172319
210
0.0
220
0.0
230
1.0
100
AcDbArc
50
218.29436459461
51
218.487497043067
0
ARC
5
3A4
330
70
100
AcDbEntity
67
0
8
0
62
256
6
ByLayer
370
-1
48
1.0
60
0
100
AcDbCircle
39
0.0
10
497.360250697258
20
448.794540349055
30
0.0
40
298.923105620358
210
0.0
220
0.0
230
1.0
100
AcDbArc
50
218.100705380221
51
218.29425928697
0
ARC
5
3A5
330
70
100
AcDbEntity
67
0
8
0
62
256
6
ByLayer
370
-1
48
1.0
60
0
100
AcDbCircle
39
0.0
10
496.963624114315
20
448.482813312267
30
0.0
40
298.41863950014
210
0.0
220
0.0
230
1.0
100
AcDbArc
50
217.9066108392
51
218.100595964167
0
ARC
5
3A6
330
70
100
AcDbEntity
67
0
8
0
62
256
6
ByLayer
370
-1
48
1.0
60
0
100
AcDbCircle
39
0.0
10
496.552644961989
20
448.162050612567
30
0.0
40
297.897302541691
210
0.0
220
0.0
230
1.0
100
AcDbArc
50
217.712071248496
51
217.906497327869
0
ARC
5
3A7
330
70
100
AcDbEntity
67
0
8
0
62
256
6
ByLayer
370
-1
48
1.0
60
0
100
AcDbCircle
39
0.0
10
496.127448092333
20
447.832506546604
30
0.0
40
297.359351525112
210
0.0
220
0.0
230
1.0
100
AcDbArc
50
217.517076907895
51
217.71195365474
0
ARC
5
3A8
330
70
100
AcDbEntity
67
0
8
0
62
256
6
ByLayer
370
-1
48
1.0
60
0
100
AcDbCircle
39
0.0
10
495.68817184377
20
447.494435377439
30
0.0
40
296.805045346163
210
0.0
220
0.0
230
1.0
100
AcDbArc
50
217.321618139631
51
217.516955244356
0
ARC
5
3A9
330
70
100
AcDbEntity
67
0
8
0
62
256
6
ByLayer
370
-1
48
1.0
60
0
100
AcDbCircle
39
0.0
10
495.234957682724
20
447.148091019388
30
0.0
40
296.234644551284
210
0.0
220
0.0
230
1.0
100
AcDbArc
50
217.125685287698
51
217.321492418714
0
ARC
5
3AA
330
70
100
AcDbEntity
67
0
8
0
62
256
6
ByLayer
370
-1
48
1.0
60
0
100
AcDbCircle
39
0.0
10
494.767950518555
20
446.793727242759
30
0.0
40
295.648411723542
210
0.0
220
0.0
230
1.0
100
AcDbArc
50
216.929268717661
51
217.125555521695
0
ARC
5
3AB
330
70
100
AcDbEntity
67
0
8
0
62
256
6
ByLayer
370
-1
48
1.0
60
0
100
AcDbCircle
39
0.0
10
494.287298414982
20
446.431597414885
30
0.0
40
295.046611107713
210
0.0
220
0.0
230
1.0
100
AcDbArc
50
216.732358816168
51
216.929134918704
0
ARC
5
3AC
330
70
100
AcDbEntity
67
0
8
0
62
256
6
ByLayer
370
-1
48
1.0
60
0
100
AcDbCircle
39
0.0
10
493.79315254248
20
446.061954428259
30
0.0
40
294.429508540679
210
0.0
220
0.0
230
1.0
100
AcDbArc
50
216.534945990501
51
216.732220996171
0
ARC
5
3AD
330
70
100
AcDbEntity
67
0
8
0
62
256
6
ByLayer
370
-1
48
1.0
60
0
100
AcDbCircle
39
0.0
10
493.285667068752
20
445.685050584827
30
0.0
40
293.797371306218
210
0.0
220
0.0
230
1.0
100
AcDbArc
50
216.337020668343
51
216.534804161312
0
ARC
5
3AE
330
70
100
AcDbEntity
67
0
8
0
62
256
6
ByLayer
370
-1
48
1.0
60
0
100
AcDbCircle
39
0.0
10
492.764999252657
20
445.301137630957
30
0.0
40
293.150468243193
210
0.0
220
0.0
230
1.0
100
AcDbArc
50
216.138573297497
51
216.336874841661
0
ARC
5
3AF
330
70
100
AcDbEntity
67
0
8
0
62
256
6
ByLayer
370
-1
48
1.0
60
0
100
AcDbCircle
39
0.0
10
492.231309005818
20
444.91046640142
30
0.0
40
292.489069193487
210
0.0
220
0.0
230
1.0
100
AcDbArc
50
215.939594345452
51
216.138423484916
0
ARC
5
3B0
330
70
100
AcDbEntity
67
0
8
0
62
256
6
ByLayer
370
-1
48
1.0
60
0
100
AcDbCircle
39
0.0
10
491.684759315862
20
444.513287099286
30
0.0
40
291.813445521072
210
0.0
220
0.0
230
1.0
100
AcDbArc
50
215.740074299437
51
215.939440558528
0
ARC
5
3B1
330
70
100
AcDbEntity
67
0
8
0
62
256
6
ByLayer
370
-1
48
1.0
60
0
100
AcDbCircle
39
0.0
10
491.125515675991
20
444.109848848193
30
0.0
40
291.123869399678
210
0.0
220
0.0
230
1.0
100
AcDbArc
50
215.540003665958
51
215.739916549626
0
ARC
5
3B2
330
70
100
AcDbEntity
67
0
8
0
62
256
6
ByLayer
370
-1
48
1.0
60
0
100
AcDbCircle
39
0.0
10
490.55374639796
20
443.700399891166
30
0.0
40
290.420614195439
210
0.0
220
0.0
230
1.0
100
AcDbArc
50
215.339372970859
51
215.539841964707
0
ARC
5
3B3
330
70
100
AcDbEntity
67
0
8
0
62
256
6
ByLayer
370
-1
48
1.0
60
0
100
AcDbCircle
39
0.0
10
489.969622393119
20
443.285187402306
30
0.0
40
289.70395419185
210
0.0
220
0.0
230
1.0
100
AcDbArc
50
215.138172759106
51
215.33920732951
0
ARC
5
3B4
330
70
100
AcDbEntity
67
0
8
0
62
256
6
ByLayer
370
-1
48
1.0
60
0
100
AcDbCircle
39
0.0
10
489.37331680149
20
442.864457198199
30
0.0
40
288.97416413301
210
0.0
220
0.0
230
1.0
100
AcDbArc
50
214.936393594596
51
215.138003189033
0
ARC
5
3B5
330
70
100
AcDbEntity
67
0
8
0
62
256
6
ByLayer
370
-1
48
1.0
60
0
100
AcDbCircle
39
0.0
10
488.765005542136
20
442.43845410142
30
0.0
40
288.231519895788
210
0.0
220
0.0
230
1.0
100
AcDbArc
50
214.734026060421
51
214.936220107237
0
ARC
5
3B6
330
70
100
AcDbEntity
67
0
8
0
62
256
6
ByLayer
370
-1
48
1.0
60
0
100
AcDbCircle
39
0.0
10
488.144866794091
20
442.007421546553
30
0.0
40
287.476297851682
210
0.0
220
0.0
230
1.0
100
AcDbArc
50
214.531060758635
51
214.733848667146
0
ARC
5
3B7
330
70
100
AcDbEntity
67
0
8
0
62
256
6
ByLayer
370
-1
48
1.0
60
0
100
AcDbCircle
39
0.0
10
487.513080859719
20
441.571601464072
30
0.0
40
286.708774701536
210
0.0
220
0.0
230
1.0
100
AcDbArc
50
214.327488310273
51
214.53087947088
0
ARC
5
3B8
330
70
100
AcDbEntity
67
0
8
0
62
256
6
ByLayer
370
-1
48
1.0
60
0
100
AcDbCircle
39
0.0
10
486.86983045162
20
441.131234455637
30
0.0
40
285.929227824567
210
0.0
220
0.0
230
1.0
100
AcDbArc
50
214.12329935558
51
214.327303139546
0
ARC
5
3B9
330
70
100
AcDbEntity
67
0
8
0
62
256
6
ByLayer
370
-1
48
1.0
60
0
100
AcDbCircle
39
0.0
10
486.215300236223
20
440.686559457754
30
0.0
40
285.13793472522
210
0.0
220
0.0
230
1.0
100
AcDbArc
50
213.918484553984
51
214.123110313493
0
ARC
5
3BA
330
70
100
AcDbEntity
67
0
8
0
62
256
6
ByLayer
370
-1
48
1.0
60
0
100
AcDbCircle
39
0.0
10
485.549677170942
20
440.237813950018
30
0.0
40
284.335173442675
210
0.0
220
0.0
230
1.0
100
AcDbArc
50
213.713034584399
51
213.918291652224
0
ARC
5
3BB
330
70
100
AcDbEntity
67
0
8
0
62
256
6
ByLayer
370
-1
48
1.0
60
0
100
AcDbCircle
39
0.0
10
484.873149964143
20
439.785233569314
30
0.0
40
283.521221901159
210
0.0
220
0.0
230
1.0
100
AcDbArc
50
213.506940145256
51
213.712837834793
0
ARC
5
3BC
330
70
100
AcDbEntity
67
0
8
0
62
256
6
ByLayer
370
-1
48
1.0
60
0
100
AcDbCircle
39
0.0
10
484.185909547232
20
439.329052406811
30
0.0
40
282.696358481359
210
0.0
220
0.0
230
1.0
100
AcDbArc
50
213.300191954938
51
213.506739559726
0
ARC
5
3BD
330
70
100
AcDbEntity
67
0
8
0
62
256
6
ByLayer
370
-1
48
1.0
60
0
100
AcDbCircle
39
0.0
10
483.488148432158
20
438.869502560537
30
0.0
40
281.860861251713
210
0.0
220
0.0
230
1.0
100
AcDbArc
50
213.092780751838
51
213.299987545536
0
ARC
5
3BE
330
70
100
AcDbEntity
67
0
8
0
62
256
6
ByLayer
370
-1
48
1.0
60
0
100
AcDbCircle
39
0.0
10
482.780060882944
20
438.406814234862
30
0.0
40
281.015008180559
210
0.0
220
0.0
230
1.0
100
AcDbArc
50
212.884697294742
51
213.092572530852
0
ARC
5
3BF
330
70
100
AcDbEntity
67
0
8
0
62
256
6
ByLayer
370
-1
48
1.0
60
0
100
AcDbCircle
39
0.0
10
482.061843151401
20
437.941215875874
30
0.0
40
280.159077421831
210
0.0
220
0.0
230
1.0
100
AcDbArc
50
212.67593236341
51
212.884485274696
0
ARC
5
3C0
330
70
100
AcDbEntity
67
0
8
0
62
256
6
ByLayer
370
-1
48
1.0
60
0
100
AcDbCircle
39
0.0
10
481.333692850184
20
437.472933746331
30
0.0
40
279.293346572234
210
0.0
220
0.0
230
1.0
100
AcDbArc
50
212.466476758651
51
212.675716556994
0
ARC
5
3C1
330
70
100
AcDbEntity
67
0
8
0
62
256
6
ByLayer
370
-1
48
1.0
60
0
100
AcDbCircle
39
0.0
10
480.595809547019
20
437.002192293838
30
0.0
40
278.418093384806
210
0.0
220
0.0
230
1.0
100
AcDbArc
50
212.256321303124
51
212.466257178761
0
ARC
5
3C2
330
70
100
AcDbEntity
67
0
8
0
62
256
6
ByLayer
370
-1
48
1.0
60
0
100
AcDbCircle
39
0.0
10
479.840623357857
20
436.524332691799
30
0.0
40
277.524418473246
210
0.0
220
0.0
230
1.0
100
AcDbArc
50
212.045453962192
51
212.256101998184
0
ARC
5
3C3
330
70
100
AcDbEntity
67
0
8
0
62
256
6
ByLayer
370
-1
48
1.0
60
0
100
AcDbCircle
39
0.0
10
479.290332568232
20
436.178871909259
30
0.0
40
276.874678221741
210
0.0
220
0.0
230
1.0
100
AcDbArc
50
211.834106068832
51
212.045279676016
0
ARC
5
3C4
330
70
100
AcDbEntity
67
0
8
0
62
256
6
ByLayer
370
-1
48
1.0
60
0
100
AcDbCircle
39
0.0
10
479.064373586005
20
436.038198433564
30
0.0
40
276.608508388022
210
0.0
220
0.0
230
1.0
100
AcDbArc
50
211.62263366758
51
211.834038019691
0
ARC
5
3C5
330
70
100
AcDbEntity
67
0
8
0
62
256
6
ByLayer
370
-1
48
1.0
60
0
100
AcDbCircle
39
0.0
10
478.825836280651
20
435.890912683648
30
0.0
40
276.328163924687
210
0.0
220
0.0
230
1.0
100
AcDbArc
50
211.410917590515
51
211.622561861461
0
ARC
5
3C6
330
70
100
AcDbEntity
67
0
8
0
62
256
6
ByLayer
370
-1
48
1.0
60
0
100
AcDbCircle
39
0.0
10
478.57476659808
20
435.737166909304
30
0.0
40
276.033760093203
210
0.0
220
0.0
230
1.0
100
AcDbArc
50
211.198948683082
51
211.410842034229
0
ARC
5
3C7
330
70
100
AcDbEntity
67
0
8
0
62
256
6
ByLayer
370
-1
48
1.0
60
0
100
AcDbCircle
39
0.0
10
478.31121409796
20
435.577114312846
30
0.0
40
275.725415143253
210
0.0
220
0.0
230
1.0
100
AcDbArc
50
210.98671780289
51
211.198869383409
0
ARC
5
3C8
330
70
100
AcDbEntity
67
0
8
0
62
256
6
ByLayer
370
-1
48
1.0
60
0
100
AcDbCircle
39
0.0
10
478.035232270401
20
435.410909190623
30
0.0
40
275.403250663051
210
0.0
220
0.0
230
1.0
100
AcDbArc
50
210.774215819639
51
210.986634766524
0
ARC
5
3C9
330
70
100
AcDbEntity
67
0
8
0
62
256
6
ByLayer
370
-1
48
1.0
60
0
100
AcDbCircle
39
0.0
10
477.746877975061
20
435.238706543944
30
0.0
40
275.067390904465
210
0.0
220
0.0
230
1.0
100
AcDbArc
50
210.561433614576
51
210.774129053127
0
ARC
5
3CA
330
70
100
AcDbEntity
67
0
8
0
62
256
6
ByLayer
370
-1
48
1.0
60
0
100
AcDbCircle
39
0.0
10
477.44621179868
20
435.060662247827
30
0.0
40
274.717963183023
210
0.0
220
0.0
230
1.0
100
AcDbArc
50
210.348362080559
51
210.561343124499
0
ARC
5
3CB
330
70
100
AcDbEntity
67
0
8
0
62
256
6
ByLayer
370
-1
48
1.0
60
0
100
AcDbCircle
39
0.0
10
477.13329794564
20
434.876932935481
30
0.0
40
274.355097731543
210
0.0
220
0.0
230
1.0
100
AcDbArc
50
210.134992121735
51
210.348267873371
0
ARC
5
3CC
330
70
100
AcDbEntity
67
0
8
0
62
256
6
ByLayer
370
-1
48
1.0
60
0
100
AcDbCircle
39
0.0
10
476.808204152225
20
434.687675900352
30
0.0
40
273.978927583439
210
0.0
220
0.0
230
1.0
100
AcDbArc
50
209.92131465337
51
210.134894203795
0
ARC
5
3CD
330
70
100
AcDbEntity
67
0
8
0
62
256
6
ByLayer
370
-1
48
1.0
60
0
100
AcDbCircle
39
0.0
10
476.471001371653
20
434.493048868923
30
0.0
40
273.589588193208
210
0.0
220
0.0
230
1.0
100
AcDbArc
50
209.707320601558
51
209.921213031078
0
ARC
5
3CE
330
70
100
AcDbEntity
67
0
8
0
62
256
6
ByLayer
370
-1
48
1.0
60
0
100
AcDbCircle
39
0.0
10
476.121764482242
20
434.293210364106
30
0.0
40
273.187218238579
210
0.0
220
0.0
230
1.0
100
AcDbArc
50
209.49300090344
51
209.707215281316
0
ARC
5
3CF
330
70
100
AcDbEntity
67
0
8
0
62
256
6
ByLayer
370
-1
48
1.0
60
0
100
AcDbCircle
39
0.0
10
475.76057151179
20
434.088319211175
30
0.0
40
272.771958709245
210
0.0
220
0.0
230
1.0
100
AcDbArc
50
209.278346506675
51
209.492891891512
0
ARC
5
3D0
330
70
100
AcDbEntity
67
0
8
0
62
256
6
ByLayer
370
-1
48
1.0
60
0
100
AcDbCircle
39
0.0
10
475.387503931917
20
433.878534664767
30
0.0
40
272.343953233046
210
0.0
220
0.0
230
1.0
100
AcDbArc
50
209.0633483696
51
209.278233809413
0
ARC
5
3D1
330
70
100
AcDbEntity
67
0
8
0
62
256
6
ByLayer
370
-1
48
1.0
60
0
100
AcDbCircle
39
0.0
10
475.002646625746
20
433.664016344711
30
0.0
40
271.903348023989
210
0.0
220
0.0
230
1.0
100
AcDbArc
50
208.847997461
51
209.063231993264
0
ARC
5
3D2
330
70
100
AcDbEntity
67
0
8
0
62
256
6
ByLayer
370
-1
48
1.0
60
0
100
AcDbCircle
39
0.0
10
474.606087745896
20
433.444924113954
30
0.0
40
271.450291706583
210
0.0
220
0.0
230
1.0
100
AcDbArc
50
208.632284760154
51
208.847877411909
0
ARC
5
3D3
330
70
100
AcDbEntity
67
0
8
0
62
256
6
ByLayer
370
-1
48
1.0
60
0
100
AcDbCircle
39
0.0
10
474.197918689268
20
433.221418022215
30
0.0
40
270.984935274504
210
0.0
220
0.0
230
1.0
100
AcDbArc
50
208.416201256647
51
208.632161044585
0
ARC
5
3D4
330
70
100
AcDbEntity
67
0
8
0
62
256
6
ByLayer
370
-1
48
1.0
60
0
100
AcDbCircle
39
0.0
10
473.778234069763
20
432.993658250492
30
0.0
40
270.50743204815
210
0.0
220
0.0
230
1.0
100
AcDbArc
50
208.199737950501
51
208.416073881009
0
ARC
5
3D5
330
70
100
AcDbEntity
67
0
8
0
62
256
6
ByLayer
370
-1
48
1.0
60
0
100
AcDbCircle
39
0.0
10
473.34713183283
20
432.761805130197
30
0.0
40
270.017937792741
210
0.0
220
0.0
230
1.0
100
AcDbArc
50
207.982885852118
51
208.199606921158
0
ARC
5
3D6
330
70
100
AcDbEntity
67
0
8
0
62
256
6
ByLayer
370
-1
48
1.0
60
0
100
AcDbCircle
39
0.0
10
472.904712998571
20
432.526018963279
30
0.0
40
269.516610415339
210
0.0
220
0.0
230
1.0
100
AcDbArc
50
207.765635982291
51
207.982751175451
0
ARC
5
3D7
330
70
100
AcDbEntity
67
0
8
0
62
256
6
ByLayer
370
-1
48
1.0
60
0
100
AcDbCircle
39
0.0
10
472.451081461125
20
432.286459878121
30
0.0
40
269.003609728671
210
0.0
220
0.0
230
1.0
100
AcDbArc
50
207.547979372108
51
207.765497664775
0
ARC
5
3D8
330
70
100
AcDbEntity
67
0
8
0
62
256
6
ByLayer
370
-1
48
1.0
60
0
100
AcDbCircle
39
0.0
10
471.986344544938
20
432.043288084541
30
0.0
40
268.479098070886
210
0.0
220
0.0
230
1.0
100
AcDbArc
50
207.329907063368
51
207.547837420329
0
ARC
5
3D9
330
70
100
AcDbEntity
67
0
8
0
62
256
6
ByLayer
370
-1
48
1.0
60
0
100
AcDbCircle
39
0.0
10
471.510612288865
20
431.796663457046
30
0.0
40
267.943239486987
210
0.0
220
0.0
230
1.0
100
AcDbArc
50
207.111410108297
51
207.329761483921
0
ARC
5
3DA
330
70
100
AcDbEntity
67
0
8
0
62
256
6
ByLayer
370
-1
48
1.0
60
0
100
AcDbCircle
39
0.0
10
471.023997893467
20
431.546745731759
30
0.0
40
267.396200225707
210
0.0
220
0.0
230
1.0
100
AcDbArc
50
206.89247956993
51
207.111260907883
0
ARC
5
3DB
330
70
100
AcDbEntity
67
0
8
0
62
256
6
ByLayer
370
-1
48
1.0
60
0
100
AcDbCircle
39
0.0
10
470.526617351423
20
431.293694277162
30
0.0
40
266.838148315292
210
0.0
220
0.0
230
1.0
100
AcDbArc
50
206.673106522079
51
206.892326755303
0
ARC
5
3DC
330
70
100
AcDbEntity
67
0
8
0
62
256
6
ByLayer
370
-1
48
1.0
60
0
100
AcDbCircle
39
0.0
10
470.018589382994
20
431.037668027679
30
0.0
40
266.269253485323
210
0.0
220
0.0
230
1.0
100
AcDbArc
50
206.453282049478
51
206.672950100164
0
ARC
5
3DD
330
70
100
AcDbEntity
67
0
8
0
62
256
6
ByLayer
370
-1
48
1.0
60
0
100
AcDbCircle
39
0.0
10
469.500035719265
20
430.778825591066
30
0.0
40
265.689687477588
210
0.0
220
0.0
230
1.0
100
AcDbArc
50
206.232997248176
51
206.453122027401
0
ARC
5
3DE
330
70
100
AcDbEntity
67
0
8
0
62
256
6
ByLayer
370
-1
48
1.0
60
0
100
AcDbCircle
39
0.0
10
468.97108094367
20
430.51732513
30
0.0
40
265.099623861187
210
0.0
220
0.0
230
1.0
100
AcDbArc
50
206.012243225644
51
206.232833633088
0
ARC
5
3DF
330
70
100
AcDbEntity
67
0
8
0
62
256
6
ByLayer
370
-1
48
1.0
60
0
100
AcDbCircle
39
0.0
10
468.431852128169
20
430.253324148352
30
0.0
40
264.499237621626
210
0.0
220
0.0
230
1.0
100
AcDbArc
50
205.791011100895
51
206.01207602481
0
ARC
5
3E0
330
70
100
AcDbEntity
67
0
8
0
62
256
6
ByLayer
370
-1
48
1.0
60
0
100
AcDbCircle
39
0.0
10
467.882478997528
20
429.986979541172
30
0.0
40
263.88870534047
210
0.0
220
0.0
230
1.0
100
AcDbArc
50
205.569292004843
51
205.790840321811
0
ARC
5
3E1
330
70
100
AcDbEntity
67
0
8
0
62
256
6
ByLayer
370
-1
48
1.0
60
0
100
AcDbCircle
39
0.0
10
467.323094021293
20
429.718447604912
30
0.0
40
263.268205292828
210
0.0
220
0.0
230
1.0
100
AcDbArc
50
205.347077080663
51
205.569117655176
0
ARC
5
3E2
330
70
100
AcDbEntity
67
0
8
0
62
256
6
ByLayer
370
-1
48
1.0
60
0
100
AcDbCircle
39
0.0
10
466.753832229066
20
429.447883914339
30
0.0
40
262.637917238001
210
0.0
220
0.0
230
1.0
100
AcDbArc
50
205.124357484091
51
205.346899168243
0
ARC
5
3E3
330
70
100
AcDbEntity
67
0
8
0
62
256
6
ByLayer
370
-1
48
1.0
60
0
100
AcDbCircle
39
0.0
10
466.174830899221
20
429.175443144392
30
0.0
40
261.998022072492
210
0.0
220
0.0
230
1.0
100
AcDbArc
50
204.901124383573
51
205.124176016951
0
ARC
5
3E4
330
70
100
AcDbEntity
67
0
8
0
62
256
6
ByLayer
370
-1
48
1.0
60
0
100
AcDbCircle
39
0.0
10
465.586230109198
20
428.901279299057
30
0.0
40
261.348702436154
210
0.0
220
0.0
230
1.0
100
AcDbArc
50
204.677368961006
51
204.900939369991
0
ARC
5
3E5
330
70
100
AcDbEntity
67
0
8
0
62
256
6
ByLayer
370
-1
48
1.0
60
0
100
AcDbCircle
39
0.0
10
464.988172053128
20
428.625545359885
30
0.0
40
260.690141956163
210
0.0
220
0.0
230
1.0
100
AcDbArc
50
204.453082411801
51
204.677180409436
0
ARC
5
3E6
330
70
100
AcDbEntity
67
0
8
0
62
256
6
ByLayer
370
-1
48
1.0
60
0
100
AcDbCircle
39
0.0
10
464.380801404479
20
428.34839342642
30
0.0
40
260.022525646272
210
0.0
220
0.0
230
1.0
100
AcDbArc
50
204.228255945559
51
204.452890330985
0
ARC
5
3E7
330
70
100
AcDbEntity
67
0
8
0
62
256
6
ByLayer
370
-1
48
1.0
60
0
100
AcDbCircle
39
0.0
10
463.7642650732
20
428.069974574322
30
0.0
40
259.346039638247
210
0.0
220
0.0
230
1.0
100
AcDbArc
50
204.002880786414
51
204.228060344458
0
ARC
5
3E8
330
70
100
AcDbEntity
67
0
8
0
62
256
6
ByLayer
370
-1
48
1.0
60
0
100
AcDbCircle
39
0.0
10
463.138712154633
20
427.790438804872
30
0.0
40
258.66087112599
210
0.0
220
0.0
230
1.0
100
AcDbArc
50
203.776948173549
51
204.002681674275
0
ARC
5
3E9
330
70
100
AcDbEntity
67
0
8
0
62
256
6
ByLayer
370
-1
48
1.0
60
0
100
AcDbCircle
39
0.0
10
462.504293952727
20
427.509935027912
30
0.0
40
257.967208391389
210
0.0
220
0.0
230
1.0
100
AcDbArc
50
203.550449361784
51
203.776745559941
0
ARC
5
3EA
330
70
100
AcDbEntity
67
0
8
0
62
256
6
ByLayer
370
-1
48
1.0
60
0
100
AcDbCircle
39
0.0
10
461.861163961988
20
427.228611025342
30
0.0
40
257.265240784846
210
0.0
220
0.0
230
1.0
100
AcDbArc
50
203.323375622137
51
203.550243256534
0
ARC
5
3EB
330
70
100
AcDbEntity
67
0
8
0
62
256
6
ByLayer
370
-1
48
1.0
60
0
100
AcDbCircle
39
0.0
10
461.209477621548
20
426.946613316998
30
0.0
40
256.55515845817
210
0.0
220
0.0
230
1.0
100
AcDbArc
50
203.095718242358
51
203.323166035393
0
ARC
5
3EC
330
70
100
AcDbEntity
67
0
8
0
62
256
6
ByLayer
370
-1
48
1.0
60
0
100
AcDbCircle
39
0.0
10
460.549392371806
20
426.664087160768
30
0.0
40
255.83715242875
210
0.0
220
0.0
230
1.0
100
AcDbArc
50
202.867468527567
51
203.095505184608
0
ARC
5
3ED
330
70
100
AcDbEntity
67
0
8
0
62
256
6
ByLayer
370
-1
48
1.0
60
0
100
AcDbCircle
39
0.0
10
459.881067748822
20
426.381176566788
30
0.0
40
255.111414684224
210
0.0
220
0.0
230
1.0
100
AcDbArc
50
202.638617801051
51
202.867252009645
0
ARC
5
3EE
330
70
100
AcDbEntity
67
0
8
0
62
256
6
ByLayer
370
-1
48
1.0
60
0
100
AcDbCircle
39
0.0
10
459.204665000761
20
426.098024109558
30
0.0
40
254.378137768501
210
0.0
220
0.0
230
1.0
100
AcDbArc
50
202.409157404765
51
202.63839783412
0
ARC
5
3EF
330
70
100
AcDbEntity
67
0
8
0
62
256
6
ByLayer
370
-1
48
1.0
60
0
100
AcDbCircle
39
0.0
10
458.520347246803
20
425.814770972978
30
0.0
40
253.637514958394
210
0.0
220
0.0
230
1.0
100
AcDbArc
50
202.1790787002
51
202.408934000432
0
ARC
5
3F0
330
70
100
AcDbEntity
67
0
8
0
62
256
6
ByLayer
370
-1
48
1.0
60
0
100
AcDbCircle
39
0.0
10
457.828279448034
20
425.531556913685
30
0.0
40
252.889740235523
210
0.0
220
0.0
230
1.0
100
AcDbArc
50
201.948373069138
51
202.178851870448
0
ARC
5
3F1
330
70
100
AcDbEntity
67
0
8
0
62
256
6
ByLayer
370
-1
48
1.0
60
0
100
AcDbCircle
39
0.0
10
457.128628269443
20
425.248520181277
30
0.0
40
252.135008141371
210
0.0
220
0.0
230
1.0
100
AcDbArc
50
201.717031914471
51
201.94814282637
0
ARC
5
3F2
330
70
100
AcDbEntity
67
0
8
0
62
256
6
ByLayer
370
-1
48
1.0
60
0
100
AcDbCircle
39
0.0
10
456.421561945668
20
424.965797442708
30
0.0
40
251.373513637656
210
0.0
220
0.0
230
1.0
100
AcDbArc
50
201.485046660956
51
201.716798271523
0
ARC
5
3F3
330
70
100
AcDbEntity
67
0
8
0
62
256
6
ByLayer
370
-1
48
1.0
60
0
100
AcDbCircle
39
0.0
10
455.707250453803
20
424.683523830268
30
0.0
40
250.605452297943
210
0.0
220
0.0
230
1.0
100
AcDbArc
50
201.252408756238
51
201.484809631122
0
ARC
5
3F4
330
70
100
AcDbEntity
67
0
8
0
62
256
6
ByLayer
370
-1
48
1.0
60
0
100
AcDbCircle
39
0.0
10
454.985865286404
20
424.401832829399
30
0.0
40
249.831020068832
210
0.0
220
0.0
230
1.0
100
AcDbArc
50
201.019109671713
51
201.252168353251
0
ARC
5
3F5
330
70
100
AcDbEntity
67
0
8
0
62
256
6
ByLayer
370
-1
48
1.0
60
0
100
AcDbCircle
39
0.0
10
454.257579305174
20
424.120856202662
30
0.0
40
249.05041311971
210
0.0
220
0.0
230
1.0
100
AcDbArc
50
200.785140903387
51
201.018865909792
0
ARC
5
3F6
330
70
100
AcDbEntity
67
0
8
0
62
256
6
ByLayer
370
-1
48
1.0
60
0
100
AcDbCircle
39
0.0
10
453.522566950544
20
423.840724051809
30
0.0
40
248.263828074509
210
0.0
220
0.0
230
1.0
100
AcDbArc
50
200.550493973068
51
200.784893797294
0
ARC
5
3F7
330
70
100
AcDbEntity
67
0
8
0
62
256
6
ByLayer
370
-1
48
1.0
60
0
100
AcDbCircle
39
0.0
10
452.781003929953
20
423.561564678615
30
0.0
40
247.471461684902
210
0.0
220
0.0
230
1.0
100
AcDbArc
50
200.31516042924
51
200.550243538069
0
ARC
5
3F8
330
70
100
AcDbEntity
67
0
8
0
62
256
6
ByLayer
370
-1
48
1.0
60
0
100
AcDbCircle
39
0.0
10
452.033067354128
20
423.283504618948
30
0.0
40
246.67351098409
210
0.0
220
0.0
230
1.0
100
AcDbArc
50
200.079131848283
51
200.314906681184
0
ARC
5
3F9
330
70
100
AcDbEntity
67
0
8
0
62
256
6
ByLayer
370
-1
48
1.0
60
0
100
AcDbCircle
39
0.0
10
451.278935554638
20
423.006668556044
30
0.0
40
245.870173099978
210
0.0
220
0.0
230
1.0
100
AcDbArc
50
199.842399835488
51
200.078874803545
0
ARC
5
3FA
330
70
100
AcDbEntity
67
0
8
0
62
256
6
ByLayer
370
-1
48
1.0
60
0
100
AcDbCircle
39
0.0
10
450.518788157315
20
422.731179330475
30
0.0
40
245.061645342125
210
0.0
220
0.0
230
1.0
100
AcDbArc
50
199.604956026343
51
199.842139511027
0
ARC
5
3FB
330
70
100
AcDbEntity
67
0
8
0
62
256
6
ByLayer
370
-1
48
1.0
60
0
100
AcDbCircle
39
0.0
10
449.752805735432
20
422.457157797997
30
0.0
40
244.248124842018
210
0.0
220
0.0
230
1.0
100
AcDbArc
50
199.366792087533
51
199.604692439716
0
ARC
5
3FC
330
70
100
AcDbEntity
67
0
8
0
62
256
6
ByLayer
370
-1
48
1.0
60
0
100
AcDbCircle
39
0.0
10
448.981170225132
20
422.184722963214
30
0.0
40
243.429809004196
210
0.0
220
0.0
230
1.0
100
AcDbArc
50
199.127899718502
51
199.36652525695
0
ARC
5
3FD
330
70
100
AcDbEntity
67
0
8
0
62
256
6
ByLayer
370
-1
48
1.0
60
0
100
AcDbCircle
39
0.0
10
448.204064307826
20
421.913991744331
30
0.0
40
242.606894860693
210
0.0
220
0.0
230
1.0
100
AcDbArc
50
198.888270652391
51
199.12762966279
0
ARC
5
3FE
330
70
100
AcDbEntity
67
0
8
0
62
256
6
ByLayer
370
-1
48
1.0
60
0
100
AcDbCircle
39
0.0
10
447.421671953086
20
421.645079149565
30
0.0
40
241.779579657074
210
0.0
220
0.0
230
1.0
100
AcDbArc
50
198.647896657775
51
198.887997391094
0
ARC
5
3FF
330
70
100
AcDbEntity
67
0
8
0
62
256
6
ByLayer
370
-1
48
1.0
60
0
100
AcDbCircle
39
0.0
10
446.634177794117
20
421.37809804554
30
0.0
40
240.948060202024
210
0.0
220
0.0
230
1.0
100
AcDbArc
50
198.406769539658
51
198.647620211058
0
ARC
5
400
330
70
100
AcDbEntity
67
0
8
0
62
256
6
ByLayer
370
-1
48
1.0
60
0
100
AcDbCircle
39
0.0
10
445.984928161897
20
421.160345932784
30
0.0
40
240.263269366837
210
0.0
220
0.0
230
1.0
100
AcDbArc
50
198.164930083513
51
198.406387073813
0
ARC
5
401
330
70
100
AcDbEntity
67
0
8
0
62
256
6
ByLayer
370
-1
48
1.0
60
0
100
AcDbCircle
39
0.0
10
444.049180579556
20
420.522909459118
30
0.0
40
238.225270566193
210
0.0
220
0.0
230
1.0
100
AcDbArc
50
197.920968980583
51
198.164402714952
0
ARC
5
402
330
70
100
AcDbEntity
67
0
8
0
62
256
6
ByLayer
370
-1
48
1.0
60
0
100
AcDbCircle
39
0.0
10
443.965782680567
20
420.495807183043
30
0.0
40
238.137579476582
210
0.0
220
0.0
230
1.0
100
AcDbArc
50
197.677509122337
51
197.920938812991
0
ARC
5
403
330
70
100
AcDbEntity
67
0
8
0
62
256
6
ByLayer
370
-1
48
1.0
60
0
100
AcDbCircle
39
0.0
10
443.872638151613
20
420.465974620435
30
0.0
40
238.039774233681
210
0.0
220
0.0
230
1.0
100
AcDbArc
50
197.434040995812
51
197.67747549449
0
ARC
5
404
330
70
100
AcDbEntity
67
0
8
0
62
256
6
ByLayer
370
-1
48
1.0
60
0
100
AcDbCircle
39
0.0
10
443.769703590747
20
420.433488224467
30
0.0
40
237.93183505638
210
0.0
220
0.0
230
1.0
100
AcDbArc
50
197.190555709838
51
197.434003895334
0
ARC
5
405
330
70
100
AcDbEntity
67
0
8
0
62
256
6
ByLayer
370
-1
48
1.0
60
0
100
AcDbCircle
39
0.0
10
443.65693860076
20
420.398425664075
30
0.0
40
237.8137448463
210
0.0
220
0.0
230
1.0
100
AcDbArc
50
196.947044346262
51
197.190515124403
0
ARC
5
406
330
70
100
AcDbEntity
67
0
8
0
62
256
6
ByLayer
370
-1
48
1.0
60
0
100
AcDbCircle
39
0.0
10
443.534305905216
20
420.36086581551
30
0.0
40
237.68548929367
210
0.0
220
0.0
230
1.0
100
AcDbArc
50
196.703497960164
51
196.947000263691
0
ARC
5
407
330
70
100
AcDbEntity
67
0
8
0
62
256
6
ByLayer
370
-1
48
1.0
60
0
100
AcDbCircle
39
0.0
10
443.401771495855
20
420.320888760452
30
0.0
40
237.547057015497
210
0.0
220
0.0
230
1.0
100
AcDbArc
50
196.459907580075
51
196.7034503684
0
ARC
5
408
330
70
100
AcDbEntity
67
0
8
0
62
256
6
ByLayer
370
-1
48
1.0
60
0
100
AcDbCircle
39
0.0
10
443.259304437304
20
420.278575679754
30
0.0
40
237.398439335892
210
0.0
220
0.0
230
1.0
100
AcDbArc
50
196.216264207935
51
196.459856467136
0
ARC
5
409
330
70
100
AcDbEntity
67
0
8
0
62
256
6
ByLayer
370
-1
48
1.0
60
0
100
AcDbCircle
39
0.0
10
443.106877142411
20
420.234008889413
30
0.0
40
237.239630558432
210
0.0
220
0.0
230
1.0
100
AcDbArc
50
195.972558819437
51
196.216209561992
0
ARC
5
40A
330
70
100
AcDbEntity
67
0
8
0
62
256
6
ByLayer
370
-1
48
1.0
60
0
100
AcDbCircle
39
0.0
10
442.94446523824
20
420.187271752457
30
0.0
40
237.070627811194
210
0.0
220
0.0
230
1.0
100
AcDbArc
50
195.728782364
51
195.972500628681
0
ARC
5
40B
330
70
100
AcDbEntity
67
0
8
0
62
256
6
ByLayer
370
-1
48
1.0
60
0
100
AcDbCircle
39
0.0
10
442.772047450299
20
420.138448600579
30
0.0
40
236.891430912414
210
0.0
220
0.0
230
1.0
100
AcDbArc
50
195.484925764862
51
195.728720616786
0
ARC
5
40C
330
70
100
AcDbEntity
67
0
8
0
62
256
6
ByLayer
370
-1
48
1.0
60
0
100
AcDbCircle
39
0.0
10
442.589606024732
20
420.08762480693
30
0.0
40
236.70204279532
210
0.0
220
0.0
230
1.0
100
AcDbArc
50
195.240979919425
51
195.484860449667
0
ARC
5
40D
330
70
100
AcDbEntity
67
0
8
0
62
256
6
ByLayer
370
-1
48
1.0
60
0
100
AcDbCircle
39
0.0
10
442.397126375088
20
420.03488663809
30
0.0
40
236.502469127119
210
0.0
220
0.0
230
1.0
100
AcDbArc
50
194.996935699161
51
195.240911024772
0
ARC
5
40E
330
70
100
AcDbEntity
67
0
8
0
62
256
6
ByLayer
370
-1
48
1.0
60
0
100
AcDbCircle
39
0.0
10
442.194597210679
20
419.980321244147
30
0.0
40
236.29271842936
210
0.0
220
0.0
230
1.0
100
AcDbArc
50
194.752783949812
51
194.996863213715
0
ARC
5
40F
330
70
100
AcDbEntity
67
0
8
0
62
256
6
ByLayer
370
-1
48
1.0
60
0
100
AcDbCircle
39
0.0
10
441.982010656763
20
419.924016643271
30
0.0
40
236.072802189367
210
0.0
220
0.0
230
1.0
100
AcDbArc
50
194.508515491554
51
194.752707862323
0
ARC
5
410
330
70
100
AcDbEntity
67
0
8
0
62
256
6
ByLayer
370
-1
48
1.0
60
0
100
AcDbCircle
39
0.0
10
441.759362145438
20
419.866061644704
30
0.0
40
235.842734734647
210
0.0
220
0.0
230
1.0
100
AcDbArc
50
194.264121119087
51
194.508435790864
0
ARC
5
411
330
70
100
AcDbEntity
67
0
8
0
62
256
6
ByLayer
370
-1
48
1.0
60
0
100
AcDbCircle
39
0.0
10
441.526650415756
20
419.806545802235
30
0.0
40
235.602533221085
210
0.0
220
0.0
230
1.0
100
AcDbArc
50
194.019591601725
51
194.264037794144
0
ARC
5
412
330
70
100
AcDbEntity
67
0
8
0
62
256
6
ByLayer
370
-1
48
1.0
60
0
100
AcDbCircle
39
0.0
10
441.283877588583
20
419.745559386614
30
0.0
40
235.352217698646
210
0.0
220
0.0
230
1.0
100
AcDbArc
50
193.774917683577
51
194.019504641615
0
ARC
5
413
330
70
100
AcDbEntity
67
0
8
0
62
256
6
ByLayer
370
-1
48
1.0
60
0
100
AcDbCircle
39
0.0
10
441.031049228597
20
419.683193352972
30
0.0
40
235.091811163781
210
0.0
220
0.0
230
1.0
100
AcDbArc
50
193.53009008371
51
193.774827077483
0
ARC
5
414
330
70
100
AcDbEntity
67
0
8
0
62
256
6
ByLayer
370
-1
48
1.0
60
0
100
AcDbCircle
39
0.0
10
440.768174174361
20
419.619539251319
30
0.0
40
234.821339373429
210
0.0
220
0.0
230
1.0
100
AcDbArc
50
193.285099496164
51
193.529995820909
0
ARC
5
415
330
70
100
AcDbEntity
67
0
8
0
62
256
6
ByLayer
370
-1
48
1.0
60
0
100
AcDbCircle
39
0.0
10
440.495264775067
20
419.554689237196
30
0.0
40
234.540831078258
210
0.0
220
0.0
230
1.0
100
AcDbArc
50
193.039936590249
51
193.285001566054
0
ARC
5
416
330
70
100
AcDbEntity
67
0
8
0
62
256
6
ByLayer
370
-1
48
1.0
60
0
100
AcDbCircle
39
0.0
10
440.212336669773
20
419.488735970889
30
0.0
40
234.25031778542
210
0.0
220
0.0
230
1.0
100
AcDbArc
50
192.794592010546
51
193.039834982316
0
ARC
5
417
330
70
100
AcDbEntity
67
0
8
0
62
256
6
ByLayer
370
-1
48
1.0
60
0
100
AcDbCircle
39
0.0
10
439.919408906402
20
419.421772599174
30
0.0
40
233.94983387135
210
0.0
220
0.0
230
1.0
100
AcDbArc
50
192.549056377111
51
192.794486714409
0
ARC
5
418
330
70
100
AcDbEntity
67
0
8
0
62
256
6
ByLayer
370
-1
48
1.0
60
0
100
AcDbCircle
39
0.0
10
439.6165039492
20
419.353892709467
30
0.0
40
233.639416580077
210
0.0
220
0.0
230
1.0
100
AcDbArc
50
192.303320285648
51
192.548947382517
0
ARC
5
419
330
70
100
AcDbEntity
67
0
8
0
62
256
6
ByLayer
370
-1
48
1.0
60
0
100
AcDbCircle
39
0.0
10
439.303647659222
20
419.285190277909
30
0.0
40
233.319105994304
210
0.0
220
0.0
230
1.0
100
AcDbArc
50
192.057374307645
51
192.303207582455
0
ARC
5
41A
330
70
100
AcDbEntity
67
0
8
0
62
256
6
ByLayer
370
-1
48
1.0
60
0
100
AcDbCircle
39
0.0
10
438.980869255013
20
419.21575961385
30
0.0
40
232.988944986778
210
0.0
220
0.0
230
1.0
100
AcDbArc
50
191.811208990519
51
192.057257885836
0
ARC
5
41B
330
70
100
AcDbEntity
67
0
8
0
62
256
6
ByLayer
370
-1
48
1.0
60
0
100
AcDbCircle
39
0.0
10
438.648201410618
20
419.145695333849
30
0.0
40
232.648979312536
210
0.0
220
0.0
230
1.0
100
AcDbArc
50
191.564814857844
51
191.81108884019
0
ARC
5
41C
330
70
100
AcDbEntity
67
0
8
0
62
256
6
ByLayer
370
-1
48
1.0
60
0
100
AcDbCircle
39
0.0
10
438.30568006276
20
419.075092274225
30
0.0
40
232.299257404316
210
0.0
220
0.0
230
1.0
100
AcDbArc
50
191.318182409443
51
191.564690969251
0
ARC
5
41D
330
70
100
AcDbEntity
67
0
8
0
62
256
6
ByLayer
370
-1
48
1.0
60
0
100
AcDbCircle
39
0.0
10
437.953344662021
20
419.004045496386
30
0.0
40
231.939830621959
210
0.0
220
0.0
230
1.0
100
AcDbArc
50
191.071302121677
51
191.318054772954
0
ARC
5
41E
330
70
100
AcDbEntity
67
0
8
0
62
256
6
ByLayer
370
-1
48
1.0
60
0
100
AcDbCircle
39
0.0
10
437.591237927503
20
418.932650189714
30
0.0
40
231.570752995254
210
0.0
220
0.0
230
1.0
100
AcDbArc
50
190.824164447564
51
191.071170727807
0
ARC
5
41F
330
70
100
AcDbEntity
67
0
8
0
62
256
6
ByLayer
370
-1
48
1.0
60
0
100
AcDbCircle
39
0.0
10
437.219405958844
20
418.861001648073
30
0.0
40
231.192081332058
210
0.0
220
0.0
230
1.0
100
AcDbArc
50
190.576759817011
51
190.824029286977
0
ARC
5
420
330
70
100
AcDbEntity
67
0
8
0
62
256
6
ByLayer
370
-1
48
1.0
60
0
100
AcDbCircle
39
0.0
10
436.837898188153
20
418.789195213916
30
0.0
40
230.803875163483
210
0.0
220
0.0
230
1.0
100
AcDbArc
50
190.329078637023
51
190.576620880534
0
ARC
5
421
330
70
100
AcDbEntity
67
0
8
0
62
256
6
ByLayer
370
-1
48
1.0
60
0
100
AcDbCircle
39
0.0
10
436.446767460968
20
418.717326246792
30
0.0
40
230.406196820827
210
0.0
220
0.0
230
1.0
100
AcDbArc
50
190.081111292002
51
190.328935915631
0
ARC
5
422
330
70
100
AcDbEntity
67
0
8
0
62
256
6
ByLayer
370
-1
48
1.0
60
0
100
AcDbCircle
39
0.0
10
436.046069842098
20
418.645490040959
30
0.0
40
229.999111233135
210
0.0
220
0.0
230
1.0
100
AcDbArc
50
189.832848143842
51
190.080964776786
0
ARC
5
423
330
70
100
AcDbEntity
67
0
8
0
62
256
6
ByLayer
370
-1
48
1.0
60
0
100
AcDbCircle
39
0.0
10
435.635864697778
20
418.573781795736
30
0.0
40
229.582686006458
210
0.0
220
0.0
230
1.0
100
AcDbArc
50
189.58427953229
51
189.832697826125
0
ARC
5
424
330
70
100
AcDbEntity
67
0
8
0
62
256
6
ByLayer
370
-1
48
1.0
60
0
100
AcDbCircle
39
0.0
10
435.216214748643
20
418.502296578129
30
0.0
40
229.156991473448
210
0.0
220
0.0
230
1.0
100
AcDbArc
50
189.335395775202
51
189.584125403546
0
ARC
5
425
330
70
100
AcDbEntity
67
0
8
0
62
256
6
ByLayer
370
-1
48
1.0
60
0
100
AcDbCircle
39
0.0
10
434.787185929931
20
418.431129252911
30
0.0
40
228.722100547869
210
0.0
220
0.0
230
1.0
100
AcDbArc
50
189.086187168789
51
189.335237827081
0
ARC
5
426
330
70
100
AcDbEntity
67
0
8
0
62
256
6
ByLayer
370
-1
48
1.0
60
0
100
AcDbCircle
39
0.0
10
434.348847449403
20
418.360374447135
30
0.0
40
228.278088780229
210
0.0
220
0.0
230
1.0
100
AcDbArc
50
188.836643987926
51
189.086025393113
0
ARC
5
427
330
70
100
AcDbEntity
67
0
8
0
62
256
6
ByLayer
370
-1
48
1.0
60
0
100
AcDbCircle
39
0.0
10
433.901271622938
20
418.290126478897
30
0.0
40
227.825034188631
210
0.0
220
0.0
230
1.0
100
AcDbArc
50
188.5867564864
51
188.836478376755
0
ARC
5
428
330
70
100
AcDbEntity
67
0
8
0
62
256
6
ByLayer
370
-1
48
1.0
60
0
100
AcDbCircle
39
0.0
10
433.44453420403
20
418.220479363659
30
0.0
40
227.363017590007
210
0.0
220
0.0
230
1.0
100
AcDbArc
50
188.336514897432
51
188.586587031972
0
ARC
5
429
330
70
100
AcDbEntity
67
0
8
0
62
256
6
ByLayer
370
-1
48
1.0
60
0
100
AcDbCircle
39
0.0
10
432.97871384965
20
418.151526686645
30
0.0
40
226.892122057804
210
0.0
220
0.0
230
1.0
100
AcDbArc
50
188.085909433703
51
188.336341592156
0
ARC
5
42A
330
70
100
AcDbEntity
67
0
8
0
62
256
6
ByLayer
370
-1
48
1.0
60
0
100
AcDbCircle
39
0.0
10
432.503892491365
20
418.083361616114
30
0.0
40
226.412433296246
210
0.0
220
0.0
230
1.0
100
AcDbArc
50
187.834930287985
51
188.085732270292
0
ARC
5
42B
330
70
100
AcDbEntity
67
0
8
0
62
256
6
ByLayer
370
-1
48
1.0
60
0
100
AcDbCircle
39
0.0
10
432.02015520919
20
418.016076838659
30
0.0
40
225.924039511676
210
0.0
220
0.0
230
1.0
100
AcDbArc
50
187.583567633422
51
187.834749259334
0
ARC
5
42C
330
70
100
AcDbEntity
67
0
8
0
62
256
6
ByLayer
370
-1
48
1.0
60
0
100
AcDbCircle
39
0.0
10
431.527590074836
20
417.949764493669
30
0.0
40
225.427031253915
210
0.0
220
0.0
230
1.0
100
AcDbArc
50
187.331811623862
51
187.58338273266
0
ARC
5
42D
330
70
100
AcDbEntity
67
0
8
0
62
256
6
ByLayer
370
-1
48
1.0
60
0
100
AcDbCircle
39
0.0
10
431.026288308981
20
417.88451615133
30
0.0
40
224.921501575065
210
0.0
220
0.0
230
1.0
100
AcDbArc
50
187.079652394394
51
187.331622844381
0
ARC
5
42E
330
70
100
AcDbEntity
67
0
8
0
62
256
6
ByLayer
370
-1
48
1.0
60
0
100
AcDbCircle
39
0.0
10
430.516344083668
20
417.82042274252
30
0.0
40
224.40754583061
210
0.0
220
0.0
230
1.0
100
AcDbArc
50
186.827080061672
51
187.07945972982
0
ARC
5
42F
330
70
100
AcDbEntity
67
0
8
0
62
256
6
ByLayer
370
-1
48
1.0
60
0
100
AcDbCircle
39
0.0
10
429.997854568451
20
417.757574522378
30
0.0
40
223.885261726994
210
0.0
220
0.0
230
1.0
100
AcDbArc
50
186.574084724431
51
186.826883505933
0
ARC
5
430
330
70
100
AcDbEntity
67
0
8
0
62
256
6
ByLayer
370
-1
48
1.0
60
0
100
AcDbCircle
39
0.0
10
429.470919963451
20
417.69606103054
30
0.0
40
223.354749356208
210
0.0
220
0.0
230
1.0
100
AcDbArc
50
186.320656464003
51
186.573884271711
0
ARC
5
431
330
70
100
AcDbEntity
67
0
8
0
62
256
6
ByLayer
370
-1
48
1.0
60
0
100
AcDbCircle
39
0.0
10
428.935643239918
20
417.63597101825
30
0.0
40
222.816110936449
210
0.0
220
0.0
230
1.0
100
AcDbArc
50
186.066785344679
51
186.320452108778
0
ARC
5
432
330
70
100
AcDbEntity
67
0
8
0
62
256
6
ByLayer
370
-1
48
1.0
60
0
100
AcDbCircle
39
0.0
10
428.392130417849
20
417.577392437955
30
0.0
40
222.269451093878
210
0.0
220
0.0
230
1.0
100
AcDbArc
50
185.812461414446
51
186.066577081747
0
ARC
5
433
330
70
100
AcDbEntity
67
0
8
0
62
256
6
ByLayer
370
-1
48
1.0
60
0
100
AcDbCircle
39
0.0
10
427.840490221157
20
417.520412362674
30
0.0
40
221.714876518386
210
0.0
220
0.0
230
1.0
100
AcDbArc
50
185.557674705333
51
185.812249238889
0
ARC
5
434
330
70
100
AcDbEntity
67
0
8
0
62
256
6
ByLayer
370
-1
48
1.0
60
0
100
AcDbCircle
39
0.0
10
427.280834238186
20
417.465116962339
30
0.0
40
221.152496128339
210
0.0
220
0.0
230
1.0
100
AcDbArc
50
185.30241523412
51
185.557458612584
0
ARC
5
435
330
70
100
AcDbEntity
67
0
8
0
62
256
6
ByLayer
370
-1
48
1.0
60
0
100
AcDbCircle
39
0.0
10
426.713276811852
20
417.411591450665
30
0.0
40
220.582420963758
210
0.0
220
0.0
230
1.0
100
AcDbArc
50
185.04667300291
51
185.302195219949
0
ARC
5
436
330
70
100
AcDbEntity
67
0
8
0
62
256
6
ByLayer
370
-1
48
1.0
60
0
100
AcDbCircle
39
0.0
10
426.137934975533
20
417.359920038245
30
0.0
40
220.004764126061
210
0.0
220
0.0
230
1.0
100
AcDbArc
50
184.790437999727
51
185.04644906343
0
ARC
5
437
330
70
100
AcDbEntity
67
0
8
0
62
256
6
ByLayer
370
-1
48
1.0
60
0
100
AcDbCircle
39
0.0
10
425.554928490647
20
417.31018589523
30
0.0
40
219.41964082037
210
0.0
220
0.0
230
1.0
100
AcDbArc
50
184.533700199257
51
184.79021013142
0
ARC
5
438
330
70
100
AcDbEntity
67
0
8
0
62
256
6
ByLayer
370
-1
48
1.0
60
0
100
AcDbCircle
39
0.0
10
424.478008310758
20
417.226446157197
30
0.0
40
218.339471070515
210
0.0
220
0.0
230
1.0
100
AcDbArc
50
184.27654501925
51
184.534132640162
0
ARC
5
439
330
70
100
AcDbEntity
67
0
8
0
62
256
6
ByLayer
370
-1
48
1.0
60
0
100
AcDbCircle
39
0.0
10
429.405133261469
20
417.601858348076
30
0.0
40
223.280872428076
210
0.0
220
0.0
230
1.0
100
AcDbArc
50
184.026683055651
51
184.278328126669
0
ARC
5
43A
330
70
100
AcDbEntity
67
0
8
0
62
256
6
ByLayer
370
-1
48
1.0
60
0
100
AcDbCircle
39
0.0
10
429.055298679238
20
417.576721558935
30
0.0
40
222.93013629704
210
0.0
220
0.0
230
1.0
100
AcDbArc
50
183.77475881534
51
184.026552238962
0
ARC
5
43B
330
70
100
AcDbEntity
67
0
8
0
62
256
6
ByLayer
370
-1
48
1.0
60
0
100
AcDbCircle
39
0.0
10
428.741897910447
20
417.555587539865
30
0.0
40
222.616024086617
210
0.0
220
0.0
230
1.0
100
AcDbArc
50
183.522729175659
51
183.77464154413
0
ARC
5
43C
330
70
100
AcDbEntity
67
0
8
0
62
256
6
ByLayer
370
-1
48
1.0
60
0
100
AcDbCircle
39
0.0
10
428.464898371693
20
417.53813218592
30
0.0
40
222.338475402916
210
0.0
220
0.0
230
1.0
100
AcDbArc
50
183.270623727761
51
183.522625510751
0
ARC
5
43D
330
70
100
AcDbEntity
67
0
8
0
62
256
6
ByLayer
370
-1
48
1.0
60
0
100
AcDbCircle
39
0.0
10
428.224276510729
20
417.524032335134
30
0.0
40
222.097441040407
210
0.0
220
0.0
230
1.0
100
AcDbArc
50
183.018472163402
51
183.270533722879
0
ARC
5
43E
330
70
100
AcDbEntity
67
0
8
0
62
256
6
ByLayer
370
-1
48
1.0
60
0
100
AcDbCircle
39
0.0
10
428.020018071556
20
417.512965673622
30
0.0
40
221.892883240315
210
0.0
220
0.0
230
1.0
100
AcDbArc
50
182.766304260174
51
183.018395865164
0
ARC
5
43F
330
70
100
AcDbEntity
67
0
8
0
62
256
6
ByLayer
370
-1
48
1.0
60
0
100
AcDbCircle
39
0.0
10
427.852117985072
20
417.504610616576
30
0.0
40
221.724775574281
210
0.0
220
0.0
230
1.0
100
AcDbArc
50
182.514149866357
51
182.766241708002
0
ARC
5
440
330
70
100
AcDbEntity
67
0
8
0
62
256
6
ByLayer
370
-1
48
1.0
60
0
100
AcDbCircle
39
0.0
10
427.720580515595
20
417.498646203423
30
0.0
40
221.593103084761
210
0.0
220
0.0
230
1.0
100
AcDbArc
50
182.262038885851
51
182.514101092464
0
ARC
5
441
330
70
100
AcDbEntity
67
0
8
0
62
256
6
ByLayer
370
-1
48
1.0
60
0
100
AcDbCircle
39
0.0
10
427.625419329018
20
417.494751986615
30
0.0
40
221.497862347309
210
0.0
220
0.0
230
1.0
100
AcDbArc
50
182.010001262969
51
182.262003915158
0
ARC
5
442
330
70
100
AcDbEntity
67
0
8
0
62
256
6
ByLayer
370
-1
48
1.0
60
0
100
AcDbCircle
39
0.0
10
427.566657488333
20
417.492607916837
30
0.0
40
221.439061460644
210
0.0
220
0.0
230
1.0
100
AcDbArc
50
181.758066967128
51
182.009980113063
0
ARC
5
443
330
70
100
AcDbEntity
67
0
8
0
62
256
6
ByLayer
370
-1
48
1.0
60
0
100
AcDbCircle
39
0.0
10
427.544327490585
20
417.491894230155
30
0.0
40
221.416720078679
210
0.0
220
0.0
230
1.0
100
AcDbArc
50
181.506265977526
51
181.758059648281
0
ARC
5
444
330
70
100
AcDbEntity
67
0
8
0
62
256
6
ByLayer
370
-1
48
1.0
60
0
100
AcDbCircle
39
0.0
10
427.558471454228
20
417.492291338586
30
0.0
40
221.430869593466
210
0.0
220
0.0
230
1.0
100
AcDbArc
50
181.254628267893
51
181.506272492687
0
ARC
5
445
330
70
100
AcDbEntity
67
0
8
0
62
256
6
ByLayer
370
-1
48
1.0
60
0
100
AcDbCircle
39
0.0
10
427.609141086223
20
417.493479712062
30
0.0
40
221.481553098223
210
0.0
220
0.0
230
1.0
100
AcDbArc
50
181.003183791086
51
181.254648612652
0
ARC
5
446
330
70
100
AcDbEntity
67
0
8
0
62
256
6
ByLayer
370
-1
48
1.0
60
0
100
AcDbCircle
39
0.0
10
427.696397859552
20
417.495139765448
30
0.0
40
221.568825561364
210
0.0
220
0.0
230
1.0
100
AcDbArc
50
180.751962463848
51
181.00321795368
0
ARC
5
447
330
70
100
AcDbEntity
67
0
8
0
62
256
6
ByLayer
370
-1
48
1.0
60
0
100
AcDbCircle
39
0.0
10
427.820312971405
20
417.496951739416
30
0.0
40
221.692753781623
210
0.0
220
0.0
230
1.0
100
AcDbArc
50
180.500994151475
51
180.75201042519
0
ARC
5
448
330
70
100
AcDbEntity
67
0
8
0
62
256
6
ByLayer
370
-1
48
1.0
60
0
100
AcDbCircle
39
0.0
10
427.980967541748
20
417.498595584844
30
0.0
40
221.853416584107
210
0.0
220
0.0
230
1.0
100
AcDbArc
50
180.250308652633
51
180.501055885165
0
ARC
5
449
330
70
100
AcDbEntity
67
0
8
0
62
256
6
ByLayer
370
-1
48
1.0
60
0
100
AcDbCircle
39
0.0
10
428.178452656628
20
417.499750843006
30
0.0
40
222.050904861591
210
0.0
220
0.0
230
1.0
100
AcDbArc
50
179.999935684235
51
180.250384125009
0
ARC
5
44A
330
70
100
AcDbEntity
67
0
8
0
62
256
6
ByLayer
370
-1
48
1.0
60
0
100
AcDbCircle
39
0.0
10
428.410786180066
20
417.499403371593
30
0.0
40
222.283238385691
210
0.0
220
0.0
230
1.0
100
AcDbArc
50
179.749984076903
51
179.999846187146
0
ARC
5
44B
330
70
100
AcDbEntity
67
0
8
0
62
256
6
ByLayer
370
-1
48
1.0
60
0
100
AcDbCircle
39
0.0
10
427.090369384836
20
417.503475710184
30
0.0
40
220.962816397932
210
0.0
220
0.0
230
1.0
100
AcDbArc
50
179.498419042413
51
179.749546000555
0
ARC
5
44C
330
70
100
AcDbEntity
67
0
8
0
62
256
6
ByLayer
370
-1
48
1.0
60
0
100
AcDbCircle
39
0.0
10
428.468199505501
20
417.48979676241
30
0.0
40
222.340713475884
210
0.0
220
0.0
230
1.0
100
AcDbArc
50
179.248144528667
51
179.49800242317
0
ARC
5
44D
330
70
100
AcDbEntity
67
0
8
0
62
256
6
ByLayer
370
-1
48
1.0
60
0
100
AcDbCircle
39
0.0
10
423.052751810404
20
417.555530735903
30
0.0
40
216.924869539624
210
0.0
220
0.0
230
1.0
100
AcDbArc
50
178.990321855274
51
179.246735920514
0
ARC
5
44E
330
70
100
AcDbEntity
67
0
8
0
62
256
6
ByLayer
370
-1
48
1.0
60
0
100
AcDbCircle
39
0.0
10
423.574883936625
20
417.547106543484
30
0.0
40
217.447069042488
210
0.0
220
0.0
230
1.0
100
AcDbArc
50
178.734515520893
51
178.990526789666
0
ARC
5
44F
330
70
100
AcDbEntity
67
0
8
0
62
256
6
ByLayer
370
-1
48
1.0
60
0
100
AcDbCircle
39
0.0
10
424.088151433222
20
417.536531806241
30
0.0
40
217.960444895771
210
0.0
220
0.0
230
1.0
100
AcDbArc
50
178.479096990442
51
178.73471619587
0
ARC
5
450
330
70
100
AcDbEntity
67
0
8
0
62
256
6
ByLayer
370
-1
48
1.0
60
0
100
AcDbCircle
39
0.0
10
424.592462611783
20
417.523891078681
30
0.0
40
218.464913916768
210
0.0
220
0.0
230
1.0
100
AcDbArc
50
178.224055582053
51
178.479293420742
0
ARC
5
451
330
70
100
AcDbEntity
67
0
8
0
62
256
6
ByLayer
370
-1
48
1.0
60
0
100
AcDbCircle
39
0.0
10
425.087729121357
20
417.509269704179
30
0.0
40
218.960395663974
210
0.0
220
0.0
230
1.0
100
AcDbArc
50
177.969380650878
51
178.22424778261
0
ARC
5
452
330
70
100
AcDbEntity
67
0
8
0
62
256
6
ByLayer
370
-1
48
1.0
60
0
100
AcDbCircle
39
0.0
10
425.57386597728
20
417.492753765307
30
0.0
40
219.446812462279
210
0.0
220
0.0
230
1.0
100
AcDbArc
50
177.715061589353
51
177.9695686368
0
ARC
5
453
330
70
100
AcDbEntity
67
0
8
0
62
256
6
ByLayer
370
-1
48
1.0
60
0
100
AcDbCircle
39
0.0
10
426.050791502286
20
417.474430037394
30
0.0
40
219.924089340865
210
0.0
220
0.0
230
1.0
100
AcDbArc
50
177.461087827352
51
177.715245375901
0
ARC
5
454
330
70
100
AcDbEntity
67
0
8
0
62
256
6
ByLayer
370
-1
48
1.0
60
0
100
AcDbCircle
39
0.0
10
426.518427391275
20
417.454385938633
30
0.0
40
220.392154095253
210
0.0
220
0.0
230
1.0
100
AcDbArc
50
177.20744883246
51
177.461267430015
0
ARC
5
455
330
70
100
AcDbEntity
67
0
8
0
62
256
6
ByLayer
370
-1
48
1.0
60
0
100
AcDbCircle
39
0.0
10
426.976698915989
20
417.432709471467
30
0.0
40
220.850937489964
210
0.0
220
0.0
230
1.0
100
AcDbArc
50
176.954134110247
51
177.20762426684
0
ARC
5
456
330
70
100
AcDbEntity
67
0
8
0
62
256
6
ByLayer
370
-1
48
1.0
60
0
100
AcDbCircle
39
0.0
10
427.425534619051
20
417.409489187472
30
0.0
40
221.300372950465
210
0.0
220
0.0
230
1.0
100
AcDbArc
50
176.701133204297
51
176.954305392086
0
ARC
5
457
330
70
100
AcDbEntity
67
0
8
0
62
256
6
ByLayer
370
-1
48
1.0
60
0
100
AcDbCircle
39
0.0
10
427.864866612889
20
417.384814124403
30
0.0
40
221.740396861109
210
0.0
220
0.0
230
1.0
100
AcDbArc
50
176.44843569652
51
176.701300349484
0
ARC
5
458
330
70
100
AcDbEntity
67
0
8
0
62
256
6
ByLayer
370
-1
48
1.0
60
0
100
AcDbCircle
39
0.0
10
428.294630413677
20
417.358773765626
30
0.0
40
222.170948397999
210
0.0
220
0.0
230
1.0
100
AcDbArc
50
176.196031207228
51
176.448598721091
0
ARC
5
459
330
70
100
AcDbEntity
67
0
8
0
62
256
6
ByLayer
370
-1
48
1.0
60
0
100
AcDbCircle
39
0.0
10
428.714765090641
20
417.331457982553
30
0.0
40
222.591969678141
210
0.0
220
0.0
230
1.0
100
AcDbArc
50
175.94390939535
51
176.196190127359
0
ARC
5
45A
330
70
100
AcDbEntity
67
0
8
0
62
256
6
ByLayer
370
-1
48
1.0
60
0
100
AcDbCircle
39
0.0
10
429.12521324127
20
417.302956986183
30
0.0
40
223.003405734725
210
0.0
220
0.0
230
1.0
100
AcDbArc
50
175.692059958558
51
175.944064227325
0
ARC
5
45B
330
70
100
AcDbEntity
67
0
8
0
62
256
6
ByLayer
370
-1
48
1.0
60
0
100
AcDbCircle
39
0.0
10
429.525920949326
20
417.27336128094
30
0.0
40
223.405204475555
210
0.0
220
0.0
230
1.0
100
AcDbArc
50
175.440472633374
51
175.692210718788
0
ARC
5
45C
330
70
100
AcDbEntity
67
0
8
0
62
256
6
ByLayer
370
-1
48
1.0
60
0
100
AcDbCircle
39
0.0
10
429.916837872554
20
417.242761609126
30
0.0
40
223.797316771962
210
0.0
220
0.0
230
1.0
100
AcDbArc
50
175.189137195324
51
175.44061933839
0
ARC
5
45D
330
70
100
AcDbEntity
67
0
8
0
62
256
6
ByLayer
370
-1
48
1.0
60
0
100
AcDbCircle
39
0.0
10
430.297917207614
20
417.211248903963
30
0.0
40
224.179696425099
210
0.0
220
0.0
230
1.0
100
AcDbArc
50
174.93804345903
51
175.189279861764
0
ARC
5
45E
330
70
100
AcDbEntity
67
0
8
0
62
256
6
ByLayer
370
-1
48
1.0
60
0
100
AcDbCircle
39
0.0
10
430.669115802464
20
417.178914230434
30
0.0
40
224.552300280643
210
0.0
220
0.0
230
1.0
100
AcDbArc
50
174.687181278403
51
174.938182103623
0
ARC
5
45F
330
70
100
AcDbEntity
67
0
8
0
62
256
6
ByLayer
370
-1
48
1.0
60
0
100
AcDbCircle
39
0.0
10
431.030393872645
20
417.145848760773
30
0.0
40
224.915087946345
210
0.0
220
0.0
230
1.0
100
AcDbArc
50
174.436540546535
51
174.687315917986
0
ARC
5
460
330
70
100
AcDbEntity
67
0
8
0
62
256
6
ByLayer
370
-1
48
1.0
60
0
100
AcDbCircle
39
0.0
10
431.381715434602
20
417.112143686513
30
0.0
40
225.268022229852
210
0.0
220
0.0
230
1.0
100
AcDbArc
50
174.186111196088
51
174.436671198087
0
ARC
5
461
330
70
100
AcDbEntity
67
0
8
0
62
256
6
ByLayer
370
-1
48
1.0
60
0
100
AcDbCircle
39
0.0
10
431.723047975609
20
417.077890198244
30
0.0
40
225.611068810598
210
0.0
220
0.0
230
1.0
100
AcDbArc
50
173.935883199153
51
174.186237876621
0
ARC
5
462
330
70
100
AcDbEntity
67
0
8
0
62
256
6
ByLayer
370
-1
48
1.0
60
0
100
AcDbCircle
39
0.0
10
432.054362566749
20
417.04317942646
30
0.0
40
225.944196356891
210
0.0
220
0.0
230
1.0
100
AcDbArc
50
173.685846567433
51
173.936005925805
0
ARC
5
463
330
70
100
AcDbEntity
67
0
8
0
62
256
6
ByLayer
370
-1
48
1.0
60
0
100
AcDbCircle
39
0.0
10
432.375633901131
20
417.008102387664
30
0.0
40
226.267376568526
210
0.0
220
0.0
230
1.0
100
AcDbArc
50
173.435991352332
51
173.685965357427
0
ARC
5
464
330
70
100
AcDbEntity
67
0
8
0
62
256
6
ByLayer
370
-1
48
1.0
60
0
100
AcDbCircle
39
0.0
10
432.6868402022
20
416.972749944849
30
0.0
40
226.580584089136
210
0.0
220
0.0
230
1.0
100
AcDbArc
50
173.186307644984
51
173.436106222983
0
ARC
5
465
330
70
100
AcDbEntity
67
0
8
0
62
256
6
ByLayer
370
-1
48
1.0
60
0
100
AcDbCircle
39
0.0
10
432.98796333107
20
416.937212746164
30
0.0
40
226.883796619216
210
0.0
220
0.0
230
1.0
100
AcDbArc
50
172.936785576398
51
173.186418613696
0
ARC
5
466
330
70
100
AcDbEntity
67
0
8
0
62
256
6
ByLayer
370
-1
48
1.0
60
0
100
AcDbCircle
39
0.0
10
433.278988678421
20
416.901581187881
30
0.0
40
227.176994812772
210
0.0
220
0.0
230
1.0
100
AcDbArc
50
172.687415317474
51
172.936892660659
0
ARC
5
467
330
70
100
AcDbEntity
67
0
8
0
62
256
6
ByLayer
370
-1
48
1.0
60
0
100
AcDbCircle
39
0.0
10
433.559905219989
20
416.865945358852
30
0.0
40
227.460162339049
210
0.0
220
0.0
230
1.0
100
AcDbArc
50
172.438187079126
51
172.687518534876
0
ARC
5
468
330
70
100
AcDbEntity
67
0
8
0
62
256
6
ByLayer
370
-1
48
1.0
60
0
100
AcDbCircle
39
0.0
10
433.830705495103
20
416.83039499366
30
0.0
40
227.733285867259
210
0.0
220
0.0
230
1.0
100
AcDbArc
50
172.189091112315
51
172.438286447327
0
ARC
5
469
330
70
100
AcDbEntity
67
0
8
0
62
256
6
ByLayer
370
-1
48
1.0
60
0
100
AcDbCircle
39
0.0
10
434.091385634662
20
416.795019419564
30
0.0
40
227.996355101573
210
0.0
220
0.0
230
1.0
100
AcDbArc
50
171.940117708177
51
172.189186649041
0
ARC
5
46A
330
70
100
AcDbEntity
67
0
8
0
62
256
6
ByLayer
370
-1
48
1.0
60
0
100
AcDbCircle
39
0.0
10
434.34194520287
20
416.75990752925
30
0.0
40
228.249362628525
210
0.0
220
0.0
230
1.0
100
AcDbArc
50
171.691257198016
51
171.940209431259
0
ARC
5
46B
330
70
100
AcDbEntity
67
0
8
0
62
256
6
ByLayer
370
-1
48
1.0
60
0
100
AcDbCircle
39
0.0
10
434.582387373922
20
416.725147707875
30
0.0
40
228.492304102913
210
0.0
220
0.0
230
1.0
100
AcDbArc
50
171.442499953462
51
171.691345125377
0
ARC
5
46C
330
70
100
AcDbEntity
67
0
8
0
62
256
6
ByLayer
370
-1
48
1.0
60
0
100
AcDbCircle
39
0.0
10
434.812718852951
20
416.690827794439
30
0.0
40
228.725178176092
210
0.0
220
0.0
230
1.0
100
AcDbArc
50
171.193836386529
51
171.442584103077
0
ARC
5
46D
330
70
100
AcDbEntity
67
0
8
0
62
256
6
ByLayer
370
-1
48
1.0
60
0
100
AcDbCircle
39
0.0
10
435.03294973188
20
416.65703505522
30
0.0
40
228.947986358548
210
0.0
220
0.0
230
1.0
100
AcDbArc
50
170.945256949628
51
171.193916776475
0
ARC
5
46E
330
70
100
AcDbEntity
67
0
8
0
62
256
6
ByLayer
370
-1
48
1.0
60
0
100
AcDbCircle
39
0.0
10
435.243093695553
20
416.623856104222
30
0.0
40
229.160733237171
210
0.0
220
0.0
230
1.0
100
AcDbArc
50
170.69675213577
51
170.945333598076
0
ARC
5
46F
330
70
100
AcDbEntity
67
0
8
0
62
256
6
ByLayer
370
-1
48
1.0
60
0
100
AcDbCircle
39
0.0
10
435.443167784327
20
416.591376891464
30
0.0
40
229.363426244233
210
0.0
220
0.0
230
1.0
100
AcDbArc
50
170.448312478529
51
170.696825060976
0
ARC
5
470
330
70
100
AcDbEntity
67
0
8
0
62
256
6
ByLayer
370
-1
48
1.0
60
0
100
AcDbCircle
39
0.0
10
435.633192590243
20
416.559682623474
30
0.0
40
229.556075865667
210
0.0
220
0.0
230
1.0
100
AcDbArc
50
170.199928552254
51
170.448381698827
0
ARC
5
471
330
70
100
AcDbEntity
67
0
8
0
62
256
6
ByLayer
370
-1
48
1.0
60
0
100
AcDbCircle
39
0.0
10
435.813192046087
20
416.528857749427
30
0.0
40
229.738695437374
210
0.0
220
0.0
230
1.0
100
AcDbArc
50
169.951590972065
51
170.19999408604
0
ARC
5
472
330
70
100
AcDbEntity
67
0
8
0
62
256
6
ByLayer
370
-1
48
1.0
60
0
100
AcDbCircle
39
0.0
10
435.983193399751
20
416.498985919342
30
0.0
40
229.911301129339
210
0.0
220
0.0
230
1.0
100
AcDbArc
50
169.703290393948
51
169.951652837872
0
ARC
5
473
330
70
100
AcDbEntity
67
0
8
0
62
256
6
ByLayer
370
-1
48
1.0
60
0
100
AcDbCircle
39
0.0
10
436.143227424429
20
416.470149899255
30
0.0
40
230.073912169858
210
0.0
220
0.0
230
1.0
100
AcDbArc
50
169.455017514994
51
169.703348610404
0
ARC
5
474
330
70
100
AcDbEntity
67
0
8
0
62
256
6
ByLayer
370
-1
48
1.0
60
0
100
AcDbCircle
39
0.0
10
436.293328066842
20
416.442431586251
30
0.0
40
230.226550499421
210
0.0
220
0.0
230
1.0
100
AcDbArc
50
169.206763073333
51
169.455072100827
0
ARC
5
475
330
70
100
AcDbEntity
67
0
8
0
62
256
6
ByLayer
370
-1
48
1.0
60
0
100
AcDbCircle
39
0.0
10
436.433532781276
20
416.415911900191
30
0.0
40
230.369241121814
210
0.0
220
0.0
230
1.0
100
AcDbArc
50
168.958517848444
51
169.206814047343
0
ARC
5
476
330
70
100
AcDbEntity
67
0
8
0
62
256
6
ByLayer
370
-1
48
1.0
60
0
100
AcDbCircle
39
0.0
10
436.563882129883
20
416.390670810956
30
0.0
40
230.502011709503
210
0.0
220
0.0
230
1.0
100
AcDbArc
50
168.710272661084
51
168.958565229499
0
ARC
5
477
330
70
100
AcDbEntity
67
0
8
0
62
256
6
ByLayer
370
-1
48
1.0
60
0
100
AcDbCircle
39
0.0
10
436.684419952557
20
416.36678726092
30
0.0
40
230.624892788523
210
0.0
220
0.0
230
1.0
100
AcDbArc
50
168.462018373526
51
168.710316468188
0
ARC
5
478
330
70
100
AcDbEntity
67
0
8
0
62
256
6
ByLayer
370
-1
48
1.0
60
0
100
AcDbCircle
39
0.0
10
436.795193286952
20
416.344339134075
30
0.0
40
230.737917669624
210
0.0
220
0.0
230
1.0
100
AcDbArc
50
168.213745889687
51
168.462058625831
0
ARC
5
479
330
70
100
AcDbEntity
67
0
8
0
62
256
6
ByLayer
370
-1
48
1.0
60
0
100
AcDbCircle
39
0.0
10
436.896252462603
20
416.323403189921
30
0.0
40
230.841122557433
210
0.0
220
0.0
230
1.0
100
AcDbArc
50
167.96544615533
51
168.213782606425
0
ARC
5
47A
330
70
100
AcDbEntity
67
0
8
0
62
256
6
ByLayer
370
-1
48
1.0
60
0
100
AcDbCircle
39
0.0
10
436.987650855594
20
416.304055067565
30
0.0
40
230.934546313407
210
0.0
220
0.0
230
1.0
100
AcDbArc
50
167.717110158116
51
167.965479355818
0
ARC
5
47B
330
70
100
AcDbEntity
67
0
8
0
62
256
6
ByLayer
370
-1
48
1.0
60
0
100
AcDbCircle
39
0.0
10
437.069444917754
20
416.286369235463
30
0.0
40
231.018230499028
210
0.0
220
0.0
230
1.0
100
AcDbArc
50
167.468728927801
51
167.71713986182
0
ARC
5
47C
330
70
100
AcDbEntity
67
0
8
0
62
256
6
ByLayer
370
-1
48
1.0
60
0
100
AcDbCircle
39
0.0
10
437.141694287241
20
416.270418921659
30
0.0
40
231.092219503047
210
0.0
220
0.0
230
1.0
100
AcDbArc
50
167.220293536512
51
167.468755154315
0
ARC
5
47D
330
70
100
AcDbEntity
67
0
8
0
62
256
6
ByLayer
370
-1
48
1.0
60
0
100
AcDbCircle
39
0.0
10
437.204461491532
20
416.256276133577
30
0.0
40
231.156560251825
210
0.0
220
0.0
230
1.0
100
AcDbArc
50
166.971795098762
51
167.220316305544
0
ARC
5
47E
330
70
100
AcDbEntity
67
0
8
0
62
256
6
ByLayer
370
-1
48
1.0
60
0
100
AcDbCircle
39
0.0
10
437.25781216909
20
416.244011564379
30
0.0
40
231.21130245099
210
0.0
220
0.0
230
1.0
100
AcDbArc
50
166.723224771816
51
166.971814430172
0
ARC
5
47F
330
70
100
AcDbEntity
67
0
8
0
62
256
6
ByLayer
370
-1
48
1.0
60
0
100
AcDbCircle
39
0.0
10
437.301814872513
20
416.233694592219
30
0.0
40
231.256498398798
210
0.0
220
0.0
230
1.0
100
AcDbArc
50
166.474573755812
51
166.723240685573
0
ARC
5
480
330
70
100
AcDbEntity
67
0
8
0
62
256
6
ByLayer
370
-1
48
1.0
60
0
100
AcDbCircle
39
0.0
10
437.336541024489
20
416.225393247103
30
0.0
40
231.292202956062
210
0.0
220
0.0
230
1.0
100
AcDbArc
50
166.225833293967
51
166.474586272022
0
ARC
5
481
330
70
100
AcDbEntity
67
0
8
0
62
256
6
ByLayer
370
-1
48
1.0
60
0
100
AcDbCircle
39
0.0
10
437.362064926427
20
416.219174165351
30
0.0
40
231.318473570573
210
0.0
220
0.0
230
1.0
100
AcDbArc
50
165.976994672846
51
166.225842432896
0
ARC
5
482
330
70
100
AcDbEntity
67
0
8
0
62
256
6
ByLayer
370
-1
48
1.0
60
0
100
AcDbCircle
39
0.0
10
437.378463683836
20
416.215102564109
30
0.0
40
231.335370216283
210
0.0
220
0.0
230
1.0
100
AcDbArc
50
165.728049222587
51
165.977000454925
0
ARC
5
483
330
70
100
AcDbEntity
67
0
8
0
62
256
6
ByLayer
370
-1
48
1.0
60
0
100
AcDbCircle
39
0.0
10
437.385817276644
20
416.213242179998
30
0.0
40
231.342955482179
210
0.0
220
0.0
230
1.0
100
AcDbArc
50
165.478988317228
51
165.728051668367
0
ARC
5
484
330
70
100
AcDbEntity
67
0
8
0
62
256
6
ByLayer
370
-1
48
1.0
60
0
100
AcDbCircle
39
0.0
10
437.384208203111
20
416.213655316526
30
0.0
40
231.341294221485
210
0.0
220
0.0
230
1.0
100
AcDbArc
50
165.229803374796
51
165.478987447442
0
ARC
5
485
330
70
100
AcDbEntity
67
0
8
0
62
256
6
ByLayer
370
-1
48
1.0
60
0
100
AcDbCircle
39
0.0
10
437.373721811332
20
416.216402717755
30
0.0
40
231.33045391045
210
0.0
220
0.0
230
1.0
100
AcDbArc
50
164.980485857798
51
165.229799210375
0
ARC
5
486
330
70
100
AcDbEntity
67
0
8
0
62
256
6
ByLayer
370
-1
48
1.0
60
0
100
AcDbCircle
39
0.0
10
437.544089191373
20
416.17162414488
30
0.0
40
231.506605415183
210
0.0
220
0.0
230
1.0
100
AcDbArc
50
164.731470765975
51
164.980708980108
0
ARC
5
487
330
70
100
AcDbEntity
67
0
8
0
62
256
6
ByLayer
370
-1
48
1.0
60
0
100
AcDbCircle
39
0.0
10
439.350279586585
20
415.681762386989
30
0.0
40
233.378043068977
210
0.0
220
0.0
230
1.0
100
AcDbArc
50
164.484880273885
51
164.732226251365
0
ARC
5
488
330
70
100
AcDbEntity
67
0
8
0
62
256
6
ByLayer
370
-1
48
1.0
60
0
100
AcDbCircle
39
0.0
10
440.128645500169
20
415.466886000517
30
0.0
40
234.185523108269
210
0.0
220
0.0
230
1.0
100
AcDbArc
50
164.238566782727
51
164.485164298988
0
ARC
5
489
330
70
100
AcDbEntity
67
0
8
0
62
256
6
ByLayer
370
-1
48
1.0
60
0
100
AcDbCircle
39
0.0
10
440.901850913765
20
415.249848987274
30
0.0
40
234.988611121066
210
0.0
220
0.0
230
1.0
100
AcDbArc
50
163.992989712318
51
164.238847440678
0
ARC
5
48A
330
70
100
AcDbEntity
67
0
8
0
62
256
6
ByLayer
370
-1
48
1.0
60
0
100
AcDbCircle
39
0.0
10
441.6697116709
20
415.030753852647
30
0.0
40
235.787116927423
210
0.0
220
0.0
230
1.0
100
AcDbArc
50
163.748140337798
51
163.993266984446
0
ARC
5
48B
330
70
100
AcDbEntity
67
0
8
0
62
256
6
ByLayer
370
-1
48
1.0
60
0
100
AcDbCircle
39
0.0
10
442.432044650353
20
414.809705108749
30
0.0
40
236.580850411815
210
0.0
220
0.0
230
1.0
100
AcDbArc
50
163.504009903557
51
163.748414206184
0
ARC
5
48C
330
70
100
AcDbEntity
67
0
8
0
62
256
6
ByLayer
370
-1
48
1.0
60
0
100
AcDbCircle
39
0.0
10
443.188667981838
20
414.58680919403
30
0.0
40
237.369621736947
210
0.0
220
0.0
230
1.0
100
AcDbArc
50
163.260589624657
51
163.50428035095
0
ARC
5
48D
330
70
100
AcDbEntity
67
0
8
0
62
256
6
ByLayer
370
-1
48
1.0
60
0
100
AcDbCircle
39
0.0
10
443.939400825037
20
414.362174520092
30
0.0
40
238.153241103028
210
0.0
220
0.0
230
1.0
100
AcDbArc
50
163.017870687986
51
163.26085663448
0
ARC
5
48E
330
70
100
AcDbEntity
67
0
8
0
62
256
6
ByLayer
370
-1
48
1.0
60
0
100
AcDbCircle
39
0.0
10
444.684063758891
20
414.135911337782
30
0.0
40
238.931519143776
210
0.0
220
0.0
230
1.0
100
AcDbArc
50
162.77584425373
51
163.01813424435
0
ARC
5
48F
330
70
100
AcDbEntity
67
0
8
0
62
256
6
ByLayer
370
-1
48
1.0
60
0
100
AcDbCircle
39
0.0
10
445.42247862042
20
413.908131764931
30
0.0
40
239.704266748993
210
0.0
220
0.0
230
1.0
100
AcDbArc
50
162.534501456451
51
162.77610434133
0
ARC
5
490
330
70
100
AcDbEntity
67
0
8
0
62
256
6
ByLayer
370
-1
48
1.0
60
0
100
AcDbCircle
39
0.0
10
446.154468562877
20
413.678949750074
30
0.0
40
240.471295115889
210
0.0
220
0.0
230
1.0
100
AcDbArc
50
162.293833406291
51
162.534758060639
0
ARC
5
491
330
70
100
AcDbEntity
67
0
8
0
62
256
6
ByLayer
370
-1
48
1.0
60
0
100
AcDbCircle
39
0.0
10
446.879858423427
20
413.448480935636
30
0.0
40
241.232416126097
210
0.0
220
0.0
230
1.0
100
AcDbArc
50
162.053831190264
51
162.294086512957
0
ARC
5
492
330
70
100
AcDbEntity
67
0
8
0
62
256
6
ByLayer
370
-1
48
1.0
60
0
100
AcDbCircle
39
0.0
10
447.598474219177
20
413.216842795923
30
0.0
40
241.987441809026
210
0.0
220
0.0
230
1.0
100
AcDbArc
50
161.81448587303
51
162.054080785827
0
ARC
5
493
330
70
100
AcDbEntity
67
0
8
0
62
256
6
ByLayer
370
-1
48
1.0
60
0
100
AcDbCircle
39
0.0
10
448.310143658578
20
412.98415445428
30
0.0
40
242.736184870345
210
0.0
220
0.0
230
1.0
100
AcDbArc
50
161.575788498229
51
161.814731944562
0
ARC
5
494
330
70
100
AcDbEntity
67
0
8
0
62
256
6
ByLayer
370
-1
48
1.0
60
0
100
AcDbCircle
39
0.0
10
449.014696235954
20
412.750536626299
30
0.0
40
243.478458785306
210
0.0
220
0.0
230
1.0
100
AcDbArc
50
161.337730089474
51
161.576031033248
0
ARC
5
495
330
70
100
AcDbEntity
67
0
8
0
62
256
6
ByLayer
370
-1
48
1.0
60
0
100
AcDbCircle
39
0.0
10
449.711962798854
20
412.516111740582
30
0.0
40
244.214077336103
210
0.0
220
0.0
230
1.0
100
AcDbArc
50
161.100301651073
51
161.337969076006
0
ARC
5
496
330
70
100
AcDbEntity
67
0
8
0
62
256
6
ByLayer
370
-1
48
1.0
60
0
100
AcDbCircle
39
0.0
10
450.401776175319
20
412.281003706956
30
0.0
40
244.942855266526
210
0.0
220
0.0
230
1.0
100
AcDbArc
50
160.863494169254
51
161.100537077681
0
ARC
5
497
330
70
100
AcDbEntity
67
0
8
0
62
256
6
ByLayer
370
-1
48
1.0
60
0
100
AcDbCircle
39
0.0
10
451.083970887998
20
412.045337986947
30
0.0
40
245.664607975027
210
0.0
220
0.0
230
1.0
100
AcDbArc
50
160.627298612885
51
160.86372602495
0
ARC
5
498
330
70
100
AcDbEntity
67
0
8
0
62
256
6
ByLayer
370
-1
48
1.0
60
0
100
AcDbCircle
39
0.0
10
451.758383412903
20
411.809241480159
30
0.0
40
246.379151782996
210
0.0
220
0.0
230
1.0
100
AcDbArc
50
160.391705934419
51
160.6275268871
0
ARC
5
499
330
70
100
AcDbEntity
67
0
8
0
62
256
6
ByLayer
370
-1
48
1.0
60
0
100
AcDbCircle
39
0.0
10
452.424851916806
20
411.572842591121
30
0.0
40
247.086303651607
210
0.0
220
0.0
230
1.0
100
AcDbArc
50
160.156707070542
51
160.391930617051
0
ARC
5
49A
330
70
100
AcDbEntity
67
0
8
0
62
256
6
ByLayer
370
-1
48
1.0
60
0
100
AcDbCircle
39
0.0
10
453.083216829038
20
411.336271001231
30
0.0
40
247.785881783944
210
0.0
220
0.0
230
1.0
100
AcDbArc
50
159.922292943236
51
160.156928151919
0
ARC
5
49B
330
70
100
AcDbEntity
67
0
8
0
62
256
6
ByLayer
370
-1
48
1.0
60
0
100
AcDbCircle
39
0.0
10
453.733320454773
20
411.099657777831
30
0.0
40
248.477705211336
210
0.0
220
0.0
230
1.0
100
AcDbArc
50
159.68845446025
51
159.922510413991
0
ARC
5
49C
330
70
100
AcDbEntity
67
0
8
0
62
256
6
ByLayer
370
-1
48
1.0
60
0
100
AcDbCircle
39
0.0
10
454.375007028113
20
410.863135331205
30
0.0
40
249.161593845316
210
0.0
220
0.0
230
1.0
100
AcDbArc
50
159.455182515838
51
159.688668311489
0
ARC
5
49D
330
70
100
AcDbEntity
67
0
8
0
62
256
6
ByLayer
370
-1
48
1.0
60
0
100
AcDbCircle
39
0.0
10
455.008123218233
20
410.626837199847
30
0.0
40
249.837369014329
210
0.0
220
0.0
230
1.0
100
AcDbArc
50
159.222467991646
51
159.455392739046
0
ARC
5
49E
330
70
100
AcDbEntity
67
0
8
0
62
256
6
ByLayer
370
-1
48
1.0
60
0
100
AcDbCircle
39
0.0
10
455.632517799789
20
410.390898141412
30
0.0
40
250.504853110865
210
0.0
220
0.0
230
1.0
100
AcDbArc
50
158.990301757162
51
159.222674578587
0
ARC
5
49F
330
70
100
AcDbEntity
67
0
8
0
62
256
6
ByLayer
370
-1
48
1.0
60
0
100
AcDbCircle
39
0.0
10
456.248041648023
20
410.15545410787
30
0.0
40
251.163869583584
210
0.0
220
0.0
230
1.0
100
AcDbArc
50
158.758674670259
51
158.99050469995
0
ARC
5
4A0
330
70
100
AcDbEntity
67
0
8
0
62
256
6
ByLayer
370
-1
48
1.0
60
0
100
AcDbCircle
39
0.0
10
456.854548129022
20
409.920642067288
30
0.0
40
251.814243353587
210
0.0
220
0.0
230
1.0
100
AcDbArc
50
158.527577577962
51
158.758873961368
0
ARC
5
4A1
330
70
100
AcDbEntity
67
0
8
0
62
256
6
ByLayer
370
-1
48
1.0
60
0
100
AcDbCircle
39
0.0
10
457.451892987263
20
409.686600014107
30
0.0
40
252.455800694113
210
0.0
220
0.0
230
1.0
100
AcDbArc
50
158.297001316897
51
158.527773210111
0
ARC
5
4A2
330
70
100
AcDbEntity
67
0
8
0
62
256
6
ByLayer
370
-1
48
1.0
60
0
100
AcDbCircle
39
0.0
10
458.039934211977
20
409.45346699159
30
0.0
40
253.088369086397
210
0.0
220
0.0
230
1.0
100
AcDbArc
50
158.066936713674
51
158.297193283089
0
ARC
5
4A3
330
70
100
AcDbEntity
67
0
8
0
62
256
6
ByLayer
370
-1
48
1.0
60
0
100
AcDbCircle
39
0.0
10
458.618532432931
20
409.221382904605
30
0.0
40
253.711777645237
210
0.0
220
0.0
230
1.0
100
AcDbArc
50
157.837374585581
51
158.067125007239
0
ARC
5
4A4
330
70
100
AcDbEntity
67
0
8
0
62
256
6
ByLayer
370
-1
48
1.0
60
0
100
AcDbCircle
39
0.0
10
459.187550743368
20
408.990488556178
30
0.0
40
254.325856929887
210
0.0
220
0.0
230
1.0
100
AcDbArc
50
157.608305740864
51
157.837559200065
0
ARC
5
4A5
330
70
100
AcDbEntity
67
0
8
0
62
256
6
ByLayer
370
-1
48
1.0
60
0
100
AcDbCircle
39
0.0
10
459.746854896659
20
408.760925535198
30
0.0
40
254.930439157518
210
0.0
220
0.0
230
1.0
100
AcDbArc
50
157.379720979254
51
157.608486670056
0
ARC
5
4A6
330
70
100
AcDbEntity
67
0
8
0
62
256
6
ByLayer
370
-1
48
1.0
60
0
100
AcDbCircle
39
0.0
10
460.296313111632
20
408.532836262745
30
0.0
40
255.525357994732
210
0.0
220
0.0
230
1.0
100
AcDbArc
50
157.151611092176
51
157.37989821716
0
ARC
5
4A7
330
70
100
AcDbEntity
67
0
8
0
62
256
6
ByLayer
370
-1
48
1.0
60
0
100
AcDbCircle
39
0.0
10
460.835796516815
20
408.306363774504
30
0.0
40
256.110449040661
210
0.0
220
0.0
230
1.0
100
AcDbArc
50
156.923966863398
51
157.151784633086
0
ARC
5
4A8
330
70
100
AcDbEntity
67
0
8
0
62
256
6
ByLayer
370
-1
48
1.0
60
0
100
AcDbCircle
39
0.0
10
461.36517885888
20
408.081651805424
30
0.0
40
256.685549514927
210
0.0
220
0.0
230
1.0
100
AcDbArc
50
156.696779069071
51
156.924136701702
0
ARC
5
4A9
330
70
100
AcDbEntity
67
0
8
0
62
256
6
ByLayer
370
-1
48
1.0
60
0
100
AcDbCircle
39
0.0
10
461.884336647509
20
407.858844695121
30
0.0
40
257.250498417702
210
0.0
220
0.0
230
1.0
100
AcDbArc
50
156.470038478163
51
156.696945199405
0
ARC
5
4AA
330
70
100
AcDbEntity
67
0
8
0
62
256
6
ByLayer
370
-1
48
1.0
60
0
100
AcDbCircle
39
0.0
10
462.393149369619
20
407.638087258951
30
0.0
40
257.805136767331
210
0.0
220
0.0
230
1.0
100
AcDbArc
50
156.243735852799
51
156.470200895333
0
ARC
5
4AB
330
70
100
AcDbEntity
67
0
8
0
62
256
6
ByLayer
370
-1
48
1.0
60
0
100
AcDbCircle
39
0.0
10
462.891499220265
20
407.419524867335
30
0.0
40
258.349307312004
210
0.0
220
0.0
230
1.0
100
AcDbArc
50
156.017861948337
51
156.243894551768
0
ARC
5
4AC
330
70
100
AcDbEntity
67
0
8
0
62
256
6
ByLayer
370
-1
48
1.0
60
0
100
AcDbCircle
39
0.0
10
463.379271486303
20
407.203303241537
30
0.0
40
258.882854953418
210
0.0
220
0.0
230
1.0
100
AcDbArc
50
155.792407513765
51
156.01801692424
0
ARC
5
4AD
330
70
100
AcDbEntity
67
0
8
0
62
256
6
ByLayer
370
-1
48
1.0
60
0
100
AcDbCircle
39
0.0
10
463.856354367547
20
406.989568493265
30
0.0
40
259.405626557683
210
0.0
220
0.0
230
1.0
100
AcDbArc
50
155.567363291811
51
155.792558761878
0
ARC
5
4AE
330
70
100
AcDbEntity
67
0
8
0
62
256
6
ByLayer
370
-1
48
1.0
60
0
100
AcDbCircle
39
0.0
10
464.322639178855
20
406.778466995706
30
0.0
40
259.917471183123
210
0.0
220
0.0
230
1.0
100
AcDbArc
50
155.342720019166
51
155.56751080751
0
ARC
5
4AF
330
70
100
AcDbEntity
67
0
8
0
62
256
6
ByLayer
370
-1
48
1.0
60
0
100
AcDbCircle
39
0.0
10
464.778020201976
20
406.57014541106
30
0.0
40
260.41823992477
210
0.0
220
0.0
230
1.0
100
AcDbArc
50
155.118468426558
51
155.342863797943
0
ARC
5
4B0
330
70
100
AcDbEntity
67
0
8
0
62
256
6
ByLayer
370
-1
48
1.0
60
0
100
AcDbCircle
39
0.0
10
465.222395013339
20
406.364750500855
30
0.0
40
260.907786282359
210
0.0
220
0.0
230
1.0
100
AcDbArc
50
154.894599239025
51
155.118608463993
0
ARC
5
4B1
330
70
100
AcDbEntity
67
0
8
0
62
256
6
ByLayer
370
-1
48
1.0
60
0
100
AcDbCircle
39
0.0
10
465.655664062245
20
406.162429280273
30
0.0
40
261.38596570386
210
0.0
220
0.0
230
1.0
100
AcDbArc
50
154.671103175786
51
154.894735530821
0
ARC
5
4B2
330
70
100
AcDbEntity
67
0
8
0
62
256
6
ByLayer
370
-1
48
1.0
60
0
100
AcDbCircle
39
0.0
10
466.077731326687
20
405.963328672475
30
0.0
40
261.852636317322
210
0.0
220
0.0
230
1.0
100
AcDbArc
50
154.447970950644
51
154.671235717769
0
ARC
5
4B3
330
70
100
AcDbEntity
67
0
8
0
62
256
6
ByLayer
370
-1
48
1.0
60
0
100
AcDbCircle
39
0.0
10
466.48850380712
20
405.767595702599
30
0.0
40
262.30765838178
210
0.0
220
0.0
230
1.0
100
AcDbArc
50
154.225193271743
51
154.448099738671
0
ARC
5
4B4
330
70
100
AcDbEntity
67
0
8
0
62
256
6
ByLayer
370
-1
48
1.0
60
0
100
AcDbCircle
39
0.0
10
466.887892015105
20
405.57537722425
30
0.0
40
262.750894837745
210
0.0
220
0.0
230
1.0
100
AcDbArc
50
154.002760841873
51
154.225318301743
0
ARC
5
4B5
330
70
100
AcDbEntity
67
0
8
0
62
256
6
ByLayer
370
-1
48
1.0
60
0
100
AcDbCircle
39
0.0
10
467.275809588427
20
405.386820060214
30
0.0
40
263.182210891267
210
0.0
220
0.0
230
1.0
100
AcDbArc
50
153.780664358286
51
154.002882109829
0
ARC
5
4B6
330
70
100
AcDbEntity
67
0
8
0
62
256
6
ByLayer
370
-1
48
1.0
60
0
100
AcDbCircle
39
0.0
10
467.652173633016
20
405.202070794648
30
0.0
40
263.601474404359
210
0.0
220
0.0
230
1.0
100
AcDbArc
50
153.558894512797
51
153.780781860228
0
ARC
5
4B7
330
70
100
AcDbEntity
67
0
8
0
62
256
6
ByLayer
370
-1
48
1.0
60
0
100
AcDbCircle
39
0.0
10
468.016904720586
20
405.021275728367
30
0.0
40
264.008555904823
210
0.0
220
0.0
230
1.0
100
AcDbArc
50
153.337441991822
51
153.559008244796
0
ARC
5
4B8
330
70
100
AcDbEntity
67
0
8
0
62
256
6
ByLayer
370
-1
48
1.0
60
0
100
AcDbCircle
39
0.0
10
468.369926768055
20
404.844580893569
30
0.0
40
264.403328464086
210
0.0
220
0.0
230
1.0
100
AcDbArc
50
153.116297476226
51
153.337551949957
0
ARC
5
4B9
330
70
100
AcDbEntity
67
0
8
0
62
256
6
ByLayer
370
-1
48
1.0
60
0
100
AcDbCircle
39
0.0
10
468.711167204363
20
404.672131926013
30
0.0
40
264.785667896194
210
0.0
220
0.0
230
1.0
100
AcDbArc
50
152.895451641313
51
153.116403656588
0
ARC
5
4BA
330
70
100
AcDbEntity
67
0
8
0
62
256
6
ByLayer
370
-1
48
1.0
60
0
100
AcDbCircle
39
0.0
10
469.040556965667
20
404.50407402132
30
0.0
40
265.155452765988
210
0.0
220
0.0
230
1.0
100
AcDbArc
50
152.674895156807
51
152.895554040049
0
ARC
5
4BB
330
70
100
AcDbEntity
67
0
8
0
62
256
6
ByLayer
370
-1
48
1.0
60
0
100
AcDbCircle
39
0.0
10
469.358030577513
20
404.340551845786
30
0.0
40
265.512564495786
210
0.0
220
0.0
230
1.0
100
AcDbArc
50
152.454618686715
51
152.674993770029
0
ARC
5
4BC
330
70
100
AcDbEntity
67
0
8
0
62
256
6
ByLayer
370
-1
48
1.0
60
0
100
AcDbCircle
39
0.0
10
469.663526093428
20
404.181709520767
30
0.0
40
265.856887311064
210
0.0
220
0.0
230
1.0
100
AcDbArc
50
152.234612889224
51
152.454713510532
0
ARC
5
4BD
330
70
100
AcDbEntity
67
0
8
0
62
256
6
ByLayer
370
-1
48
1.0
60
0
100
AcDbCircle
39
0.0
10
469.956985173005
20
404.027690535101
30
0.0
40
266.188308343434
210
0.0
220
0.0
230
1.0
100
AcDbArc
50
152.014868416606
51
152.234703919763
0
ARC
5
4BE
330
70
100
AcDbEntity
67
0
8
0
62
256
6
ByLayer
370
-1
48
1.0
60
0
100
AcDbCircle
39
0.0
10
470.238353133929
20
403.878637669004
30
0.0
40
266.50671770555
210
0.0
220
0.0
230
1.0
100
AcDbArc
50
151.795375915049
51
152.014955649949
0
ARC
5
4BF
330
70
100
AcDbEntity
67
0
8
0
62
256
6
ByLayer
370
-1
48
1.0
60
0
100
AcDbCircle
39
0.0
10
470.50757900227
20
403.734692918142
30
0.0
40
266.812008564744
210
0.0
220
0.0
230
1.0
100
AcDbArc
50
151.576126024589
51
151.795459347268
0
ARC
5
4C0
330
70
100
AcDbEntity
67
0
8
0
62
256
6
ByLayer
370
-1
48
1.0
60
0
100
AcDbCircle
39
0.0
10
470.7646154304
20
403.595997487329
30
0.0
40
267.104077067442
210
0.0
220
0.0
230
1.0
100
AcDbArc
50
151.357109378796
51
151.576205651644
0
ARC
5
4C1
330
70
100
AcDbEntity
67
0
8
0
62
256
6
ByLayer
370
-1
48
1.0
60
0
100
AcDbCircle
39
0.0
10
471.009418712734
20
403.462691734201
30
0.0
40
267.382822373771
210
0.0
220
0.0
230
1.0
100
AcDbArc
50
151.138316604699
51
151.357185196703
0
ARC
5
4C2
330
70
100
AcDbEntity
67
0
8
0
62
256
6
ByLayer
370
-1
48
1.0
60
0
100
AcDbCircle
39
0.0
10
471.241949130131
20
403.334914929441
30
0.0
40
267.648147068862
210
0.0
220
0.0
230
1.0
100
AcDbArc
50
150.91973832266
51
151.138388609352
0
ARC
5
4C3
330
70
100
AcDbEntity
67
0
8
0
62
256
6
ByLayer
370
-1
48
1.0
60
0
100
AcDbCircle
39
0.0
10
471.851310762574
20
402.996637626755
30
0.0
40
268.345106784553
210
0.0
220
0.0
230
1.0
100
AcDbArc
50
150.701772826897
51
150.919852918202
0
ARC
5
4C4
330
70
100
AcDbEntity
67
0
8
0
62
256
6
ByLayer
370
-1
48
1.0
60
0
100
AcDbCircle
39
0.0
10
472.659226673335
20
402.544635478683
30
0.0
40
269.270867383786
210
0.0
220
0.0
230
1.0
100
AcDbArc
50
150.484695555405
51
150.702022640592
0
ARC
5
4C5
330
70
100
AcDbEntity
67
0
8
0
62
256
6
ByLayer
370
-1
48
1.0
60
0
100
AcDbCircle
39
0.0
10
473.457468610525
20
402.094060479379
30
0.0
40
270.187495271815
210
0.0
220
0.0
230
1.0
100
AcDbArc
50
150.268356490656
51
150.484941006163
0
ARC
5
4C6
330
70
100
AcDbEntity
67
0
8
0
62
256
6
ByLayer
370
-1
48
1.0
60
0
100
AcDbCircle
39
0.0
10
474.247151923165
20
401.644371787555
30
0.0
40
271.096240753495
210
0.0
220
0.0
230
1.0
100
AcDbArc
50
150.052747005961
51
150.268598179985
0
ARC
5
4C7
330
70
100
AcDbEntity
67
0
8
0
62
256
6
ByLayer
370
-1
48
1.0
60
0
100
AcDbCircle
39
0.0
10
475.028070203235
20
401.19576992954
30
0.0
40
271.996838175076
210
0.0
220
0.0
230
1.0
100
AcDbArc
50
149.837857837167
51
150.052984920474
0
ARC
5
4C8
330
70
100
AcDbEntity
67
0
8
0
62
256
6
ByLayer
370
-1
48
1.0
60
0
100
AcDbCircle
39
0.0
10
475.800018641548
20
400.74845750631
30
0.0
40
272.889021763808
210
0.0
220
0.0
230
1.0
100
AcDbArc
50
149.623679698968
51
149.838091963914
0
ARC
5
4C9
330
70
100
AcDbEntity
67
0
8
0
62
256
6
ByLayer
370
-1
48
1.0
60
0
100
AcDbCircle
39
0.0
10
476.562793781919
20
400.302639318356
30
0.0
40
273.772525337185
210
0.0
220
0.0
230
1.0
100
AcDbArc
50
149.410203285361
51
149.623910025253
0
ARC
5
4CA
330
70
100
AcDbEntity
67
0
8
0
62
256
6
ByLayer
370
-1
48
1.0
60
0
100
AcDbCircle
39
0.0
10
477.316193589474
20
399.858522313084
30
0.0
40
274.64708237318
210
0.0
220
0.0
230
1.0
100
AcDbArc
50
149.197419270338
51
149.410429798837
0
ARC
5
4CB
330
70
100
AcDbEntity
67
0
8
0
62
256
6
ByLayer
370
-1
48
1.0
60
0
100
AcDbCircle
39
0.0
10
478.060017408191
20
399.416315596303
30
0.0
40
275.512425952692
210
0.0
220
0.0
230
1.0
100
AcDbArc
50
148.985318308288
51
149.197641958951
0
ARC
5
4CC
330
70
100
AcDbEntity
67
0
8
0
62
256
6
ByLayer
370
-1
48
1.0
60
0
100
AcDbCircle
39
0.0
10
478.794066372465
20
398.976230173108
30
0.0
40
276.368289230753
210
0.0
220
0.0
230
1.0
100
AcDbArc
50
148.773891034782
51
148.985537160346
0
ARC
5
4CD
330
70
100
AcDbEntity
67
0
8
0
62
256
6
ByLayer
370
-1
48
1.0
60
0
100
AcDbCircle
39
0.0
10
479.518143286442
20
398.538479000096
30
0.0
40
277.21440529135
210
0.0
220
0.0
230
1.0
100
AcDbArc
50
148.563128066875
51
148.774106038753
0
ARC
5
4CE
330
70
100
AcDbEntity
67
0
8
0
62
256
6
ByLayer
370
-1
48
1.0
60
0
100
AcDbCircle
39
0.0
10
480.232052529404
20
398.103277027015
30
0.0
40
278.050507030245
210
0.0
220
0.0
230
1.0
100
AcDbArc
50
148.353020003521
51
148.563339211487
0
ARC
5
4CF
330
70
100
AcDbEntity
67
0
8
0
62
256
6
ByLayer
370
-1
48
1.0
60
0
100
AcDbCircle
39
0.0
10
480.935600271248
20
397.670841049618
30
0.0
40
278.876327401029
210
0.0
220
0.0
230
1.0
100
AcDbArc
50
148.143557425967
51
148.353227277755
0
ARC
5
4D0
330
70
100
AcDbEntity
67
0
8
0
62
256
6
ByLayer
370
-1
48
1.0
60
0
100
AcDbCircle
39
0.0
10
481.628594773396
20
397.24138950448
30
0.0
40
279.691599764542
210
0.0
220
0.0
230
1.0
100
AcDbArc
50
147.934730898292
51
148.143760819032
0
ARC
5
4D1
330
70
100
AcDbEntity
67
0
8
0
62
256
6
ByLayer
370
-1
48
1.0
60
0
100
AcDbCircle
39
0.0
10
482.310845999841
20
396.815142688312
30
0.0
40
280.496057428513
210
0.0
220
0.0
230
1.0
100
AcDbArc
50
147.726530967385
51
147.934930399486
0
ARC
5
4D2
330
70
100
AcDbEntity
67
0
8
0
62
256
6
ByLayer
370
-1
48
1.0
60
0
100
AcDbCircle
39
0.0
10
482.982165973007
20
396.392322519182
30
0.0
40
281.28943406181
210
0.0
220
0.0
230
1.0
100
AcDbArc
50
147.51894816346
51
147.726726566283
0
ARC
5
4D3
330
70
100
AcDbEntity
67
0
8
0
62
256
6
ByLayer
370
-1
48
1.0
60
0
100
AcDbCircle
39
0.0
10
483.642369038088
20
395.973152345279
30
0.0
40
282.071464006095
210
0.0
220
0.0
230
1.0
100
AcDbArc
50
147.311973000298
51
147.519139849705
0
ARC
5
4D4
330
70
100
AcDbEntity
67
0
8
0
62
256
6
ByLayer
370
-1
48
1.0
60
0
100
AcDbCircle
39
0.0
10
484.291271345535
20
395.557857250525
30
0.0
40
282.841881661356
210
0.0
220
0.0
230
1.0
100
AcDbArc
50
147.105595975165
51
147.312160763618
0
ARC
5
4D5
330
70
100
AcDbEntity
67
0
8
0
62
256
6
ByLayer
370
-1
48
1.0
60
0
100
AcDbCircle
39
0.0
10
484.928691288265
20
395.146663757123
30
0.0
40
283.600422000872
210
0.0
220
0.0
230
1.0
100
AcDbArc
50
146.899807569131
51
147.10577980551
0
ARC
5
4D6
330
70
100
AcDbEntity
67
0
8
0
62
256
6
ByLayer
370
-1
48
1.0
60
0
100
AcDbCircle
39
0.0
10
485.554450010554
20
394.739799469103
30
0.0
40
284.346821178583
210
0.0
220
0.0
230
1.0
100
AcDbArc
50
146.694598247424
51
146.899987456513
0
ARC
5
4D7
330
70
100
AcDbEntity
67
0
8
0
62
256
6
ByLayer
370
-1
48
1.0
60
0
100
AcDbCircle
39
0.0
10
486.168370510316
20
394.337493627854
30
0.0
40
285.080815460316
210
0.0
220
0.0
230
1.0
100
AcDbArc
50
146.489958458971
51
146.694774181815
0
ARC
5
4D8
330
70
100
AcDbEntity
67
0
8
0
62
256
6
ByLayer
370
-1
48
1.0
60
0
100
AcDbCircle
39
0.0
10
486.770278496123
20
393.939976531185
30
0.0
40
285.802142245839
210
0.0
220
0.0
230
1.0
100
AcDbArc
50
146.285878636881
51
146.490130430512
0
ARC
5
4D9
330
70
100
AcDbEntity
67
0
8
0
62
256
6
ByLayer
370
-1
48
1.0
60
0
100
AcDbCircle
39
0.0
10
487.360002043594
20
393.54747972977
30
0.0
40
286.510539660828
210
0.0
220
0.0
230
1.0
100
AcDbArc
50
146.08234919815
51
146.286046635699
0
ARC
5
4DA
330
70
100
AcDbEntity
67
0
8
0
62
256
6
ByLayer
370
-1
48
1.0
60
0
100
AcDbCircle
39
0.0
10
487.93737201279
20
393.16023572274
30
0.0
40
287.205747060094
210
0.0
220
0.0
230
1.0
100
AcDbArc
50
145.879360543865
51
146.082513214422
0
ARC
5
4DB
330
70
100
AcDbEntity
67
0
8
0
62
256
6
ByLayer
370
-1
48
1.0
60
0
100
AcDbCircle
39
0.0
10
488.502221747748
20
392.778478128664
30
0.0
40
287.88750467006
210
0.0
220
0.0
230
1.0
100
AcDbArc
50
145.676903058917
51
145.879520567748
0
ARC
5
4DC
330
70
100
AcDbEntity
67
0
8
0
62
256
6
ByLayer
370
-1
48
1.0
60
0
100
AcDbCircle
39
0.0
10
489.054387501697
20
392.402441369787
30
0.0
40
288.555554105256
210
0.0
220
0.0
230
1.0
100
AcDbArc
50
145.474967112055
51
145.677059080551
0
ARC
5
4DD
330
70
100
AcDbEntity
67
0
8
0
62
256
6
ByLayer
370
-1
48
1.0
60
0
100
AcDbCircle
39
0.0
10
489.593708203649
20
392.032360798476
30
0.0
40
289.209638091767
210
0.0
220
0.0
230
1.0
100
AcDbArc
50
145.273543055571
51
145.4751191215
0
ARC
5
4DE
330
70
100
AcDbEntity
67
0
8
0
62
256
6
ByLayer
370
-1
48
1.0
60
0
100
AcDbCircle
39
0.0
10
490.120025634604
20
391.668472547454
30
0.0
40
289.849500684931
210
0.0
220
0.0
230
1.0
100
AcDbArc
50
145.07262122523
51
145.27369104293
0
ARC
5
4DF
330
70
100
AcDbEntity
67
0
8
0
62
256
6
ByLayer
370
-1
48
1.0
60
0
100
AcDbCircle
39
0.0
10
490.63318474348
20
391.311013276678
30
0.0
40
290.474887660972
210
0.0
220
0.0
230
1.0
100
AcDbArc
50
144.872191940082
51
145.072765180487
0
ARC
5
4E0
330
70
100
AcDbEntity
67
0
8
0
62
256
6
ByLayer
370
-1
48
1.0
60
0
100
AcDbCircle
39
0.0
10
491.133033356852
20
390.960220340142
30
0.0
40
291.085546171447
210
0.0
220
0.0
230
1.0
100
AcDbArc
50
144.672245502123
51
144.872331853133
0
ARC
5
4E1
330
70
100
AcDbEntity
67
0
8
0
62
256
6
ByLayer
370
-1
48
1.0
60
0
100
AcDbCircle
39
0.0
10
491.619422423644
20
390.616331581256
30
0.0
40
291.681225049195
210
0.0
220
0.0
230
1.0
100
AcDbArc
50
144.472772196026
51
144.672381362763
0
ARC
5
4E2
330
70
100
AcDbEntity
67
0
8
0
62
256
6
ByLayer
370
-1
48
1.0
60
0
100
AcDbCircle
39
0.0
10
492.092206050578
20
390.279585272024
30
0.0
40
292.261674860635
210
0.0
220
0.0
230
1.0
100
AcDbArc
50
144.273762288841
51
144.472903993972
0
ARC
5
4E3
330
70
100
AcDbEntity
67
0
8
0
62
256
6
ByLayer
370
-1
48
1.0
60
0
100
AcDbCircle
39
0.0
10
492.551241725464
20
389.950219916085
30
0.0
40
292.826648190286
210
0.0
220
0.0
230
1.0
100
AcDbArc
50
144.075206029708
51
144.273890013676
0
ARC
5
4E4
330
70
100
AcDbEntity
67
0
8
0
62
256
6
ByLayer
370
-1
48
1.0
60
0
100
AcDbCircle
39
0.0
10
492.996390163045
20
389.628474319883
30
0.0
40
293.37589946257
210
0.0
220
0.0
230
1.0
100
AcDbArc
50
143.877093649354
51
144.075329670832
0
ARC
5
4E5
330
70
100
AcDbEntity
67
0
8
0
62
256
6
ByLayer
370
-1
48
1.0
60
0
100
AcDbCircle
39
0.0
10
493.427515473949
20
389.314587433269
30
0.0
40
293.909185160778
210
0.0
220
0.0
230
1.0
100
AcDbArc
50
143.679415359757
51
143.877213196053
0
ARC
5
4E6
330
70
100
AcDbEntity
67
0
8
0
62
256
6
ByLayer
370
-1
48
1.0
60
0
100
AcDbCircle
39
0.0
10
493.844485383655
20
389.008798148129
30
0.0
40
294.426264111438
210
0.0
220
0.0
230
1.0
100
AcDbArc
50
143.482161353714
51
143.679530801089
0
ARC
5
4E7
330
70
100
AcDbEntity
67
0
8
0
62
256
6
ByLayer
370
-1
48
1.0
60
0
100
AcDbCircle
39
0.0
10
494.247170907596
20
388.711345495467
30
0.0
40
294.926897094722
210
0.0
220
0.0
230
1.0
100
AcDbArc
50
143.285321804229
51
143.482272678574
0
ARC
5
4E8
330
70
100
AcDbEntity
67
0
8
0
62
256
6
ByLayer
370
-1
48
1.0
60
0
100
AcDbCircle
39
0.0
10
494.635446871995
20
388.422468220403
30
0.0
40
295.410847504997
210
0.0
220
0.0
230
1.0
100
AcDbArc
50
143.088886864177
51
143.285429001351
0
ARC
5
4E9
330
70
100
AcDbEntity
67
0
8
0
62
256
6
ByLayer
370
-1
48
1.0
60
0
100
AcDbCircle
39
0.0
10
495.009191894222
20
388.14240474887
30
0.0
40
295.877881344179
210
0.0
220
0.0
230
1.0
100
AcDbArc
50
142.892846665742
51
143.088989922018
0
ARC
5
4EA
330
70
100
AcDbEntity
67
0
8
0
62
256
6
ByLayer
370
-1
48
1.0
60
0
100
AcDbCircle
39
0.0
10
495.368288056283
20
387.871393388239
30
0.0
40
296.327766829527
210
0.0
220
0.0
230
1.0
100
AcDbArc
50
142.69719131964
51
142.892945572506
0
ARC
5
4EB
330
70
100
AcDbEntity
67
0
8
0
62
256
6
ByLayer
370
-1
48
1.0
60
0
100
AcDbCircle
39
0.0
10
495.712621570071
20
387.609671781573
30
0.0
40
296.760275242924
210
0.0
220
0.0
230
1.0
100
AcDbArc
50
142.501910914815
51
142.697286063322
0
ARC
5
4EC
330
70
100
AcDbEntity
67
0
8
0
62
256
6
ByLayer
370
-1
48
1.0
60
0
100
AcDbCircle
39
0.0
10
496.042082199062
20
387.35747729784
30
0.0
40
297.175180224002
210
0.0
220
0.0
230
1.0
100
AcDbArc
50
142.306995517474
51
142.502001483144
0
ARC
5
4ED
330
70
100
AcDbEntity
67
0
8
0
62
256
6
ByLayer
370
-1
48
1.0
60
0
100
AcDbCircle
39
0.0
10
496.356564162689
20
387.115046292782
30
0.0
40
297.572258927364
210
0.0
220
0.0
230
1.0
100
AcDbArc
50
142.112435170845
51
142.307081897921
0
ARC
5
4EE
330
70
100
AcDbEntity
67
0
8
0
62
256
6
ByLayer
370
-1
48
1.0
60
0
100
AcDbCircle
39
0.0
10
496.655965250026
20
386.882614738332
30
0.0
40
297.951290926283
210
0.0
220
0.0
230
1.0
100
AcDbArc
50
141.918219894013
51
142.112517350528
0
ARC
5
4EF
330
70
100
AcDbEntity
67
0
8
0
62
256
6
ByLayer
370
-1
48
1.0
60
0
100
AcDbCircle
39
0.0
10
496.94018768375
20
386.6604175061
30
0.0
40
298.312059324652
210
0.0
220
0.0
230
1.0
100
AcDbArc
50
141.724339681572
51
141.918297859796
0
ARC
5
4F0
330
70
100
AcDbEntity
67
0
8
0
62
256
6
ByLayer
370
-1
48
1.0
60
0
100
AcDbCircle
39
0.0
10
497.209137644488
20
386.448688683479
30
0.0
40
298.654350177795
210
0.0
220
0.0
230
1.0
100
AcDbArc
50
141.53078450263
51
141.724413419985
0
ARC
5
4F1
330
70
100
AcDbEntity
67
0
8
0
62
256
6
ByLayer
370
-1
48
1.0
60
0
100
AcDbCircle
39
0.0
10
497.462725743289
20
386.247661150156
30
0.0
40
298.977953116034
210
0.0
220
0.0
230
1.0
100
AcDbArc
50
141.337544300192
51
141.530853999867
0
ARC
5
4F2
330
70
100
AcDbEntity
67
0
8
0
62
256
6
ByLayer
370
-1
48
1.0
60
0
100
AcDbCircle
39
0.0
10
497.700866709392
20
386.057566769621
30
0.0
40
299.282660971575
210
0.0
220
0.0
230
1.0
100
AcDbArc
50
141.144608990198
51
141.33760954211
0
ARC
5
4F3
330
70
100
AcDbEntity
67
0
8
0
62
256
6
ByLayer
370
-1
48
1.0
60
0
100
AcDbCircle
39
0.0
10
497.923479877129
20
385.878635945382
30
0.0
40
299.568270426571
210
0.0
220
0.0
230
1.0
100
AcDbArc
50
140.951968460839
51
141.144669962263
0
ARC
5
4F4
330
70
100
AcDbEntity
67
0
8
0
62
256
6
ByLayer
370
-1
48
1.0
60
0
100
AcDbCircle
39
0.0
10
498.13048875036
20
385.711097912602
30
0.0
40
299.834581481731
210
0.0
220
0.0
230
1.0
100
AcDbArc
50
140.759612571495
51
140.952025148147
0
ARC
5
4F5
330
70
100
AcDbEntity
67
0
8
0
62
256
6
ByLayer
370
-1
48
1.0
60
0
100
AcDbCircle
39
0.0
10
498.321821577359
20
385.555180216423
30
0.0
40
300.081398222351
210
0.0
220
0.0
230
1.0
100
AcDbArc
50
140.567531152038
51
140.759664958755
0
ARC
5
4F6
330
70
100
AcDbEntity
67
0
8
0
62
256
6
ByLayer
370
-1
48
1.0
60
0
100
AcDbCircle
39
0.0
10
498.497410936902
20
385.411108987427
30
0.0
40
300.30852831453
210
0.0
220
0.0
230
1.0
100
AcDbArc
50
140.375714001693
51
140.567579223544
0
ARC
5
4F7
330
70
100
AcDbEntity
67
0
8
0
62
256
6
ByLayer
370
-1
48
1.0
60
0
100
AcDbCircle
39
0.0
10
498.6571941459
20
385.279108548897
30
0.0
40
300.515783560677
210
0.0
220
0.0
230
1.0
100
AcDbArc
50
140.184150888224
51
140.375757741352
0
ARC
5
4F8
330
70
100
AcDbEntity
67
0
8
0
62
256
6
ByLayer
370
-1
48
1.0
60
0
100
AcDbCircle
39
0.0
10
498.801113224895
20
385.159401380818
30
0.0
40
300.702979887231
210
0.0
220
0.0
230
1.0
100
AcDbArc
50
139.992831546933
51
140.184190279514
0
ARC
5
4F9
330
70
100
AcDbEntity
67
0
8
0
62
256
6
ByLayer
370
-1
48
1.0
60
0
100
AcDbCircle
39
0.0
10
498.92911486849
20
385.052208080535
30
0.0
40
300.869937338631
210
0.0
220
0.0
230
1.0
100
AcDbArc
50
139.801745679555
51
139.992866572848
0
ARC
5
4FA
330
70
100
AcDbEntity
67
0
8
0
62
256
6
ByLayer
370
-1
48
1.0
60
0
100
AcDbCircle
39
0.0
10
499.041150609698
20
384.957747160989
30
0.0
40
301.016480324557
210
0.0
220
0.0
230
1.0
100
AcDbArc
50
139.610882953284
51
139.80177632263
0
ARC
5
4FB
330
70
100
AcDbEntity
67
0
8
0
62
256
6
ByLayer
370
-1
48
1.0
60
0
100
AcDbCircle
39
0.0
10
499.137176734559
20
384.876235056552
30
0.0
40
301.142437542729
210
0.0
220
0.0
230
1.0
100
AcDbArc
50
139.42023299965
51
139.61090919561
0
ARC
5
4FC
330
70
100
AcDbEntity
67
0
8
0
62
256
6
ByLayer
370
-1
48
1.0
60
0
100
AcDbCircle
39
0.0
10
499.217154481156
20
384.80788588711
30
0.0
40
301.24764227529
210
0.0
220
0.0
230
1.0
100
AcDbArc
50
139.229785413406
51
139.420254822809
0
ARC
5
4FD
330
70
100
AcDbEntity
67
0
8
0
62
256
6
ByLayer
370
-1
48
1.0
60
0
100
AcDbCircle
39
0.0
10
499.281050052581
20
384.752911377381
30
0.0
40
301.331932443223
210
0.0
220
0.0
230
1.0
100
AcDbArc
50
139.03952975145
51
139.229802798502
0
ARC
5
4FE
330
70
100
AcDbEntity
67
0
8
0
62
256
6
ByLayer
370
-1
48
1.0
60
0
100
AcDbCircle
39
0.0
10
499.328834661043
20
384.711520748019
30
0.0
40
301.395150703096
210
0.0
220
0.0
230
1.0
100
AcDbArc
50
138.849455531618
51
139.039542679046
0
ARC
5
4FF
330
70
100
AcDbEntity
67
0
8
0
62
256
6
ByLayer
370
-1
48
1.0
60
0
100
AcDbCircle
39
0.0
10
499.360484513599
20
384.683920656568
30
0.0
40
301.43714446738
210
0.0
220
0.0
230
1.0
100
AcDbArc
50
138.659552231447
51
138.849463981724
0
ARC
5
500
330
70
100
AcDbEntity
67
0
8
0
62
256
6
ByLayer
370
-1
48
1.0
60
0
100
AcDbCircle
39
0.0
10
499.375980818288
20
384.670315121282
30
0.0
40
301.457765951737
210
0.0
220
0.0
230
1.0
100
AcDbArc
50
138.46980928696
51
138.659556183593
0
ARC
5
501
330
70
100
AcDbEntity
67
0
8
0
62
256
6
ByLayer
370
-1
48
1.0
60
0
100
AcDbCircle
39
0.0
10
499.375310190795
20
384.670905088406
30
0.0
40
301.456872758843
210
0.0
220
0.0
230
1.0
100
AcDbArc
50
138.28021609153
51
138.469808720075
0
ARC
5
502
330
70
100
AcDbEntity
67
0
8
0
62
256
6
ByLayer
370
-1
48
1.0
60
0
100
AcDbCircle
39
0.0
10
499.358464091983
20
384.685888852263
30
0.0
40
301.434327171639
210
0.0
220
0.0
230
1.0
100
AcDbArc
50
138.090761994361
51
138.280210983978
0
ARC
5
503
330
70
100
AcDbEntity
67
0
8
0
62
256
6
ByLayer
370
-1
48
1.0
60
0
100
AcDbCircle
39
0.0
10
499.325439481663
20
384.715461399814
30
0.0
40
301.389997070494
210
0.0
220
0.0
230
1.0
100
AcDbArc
50
137.901436299421
51
138.090752323939
0
ARC
5
504
330
70
100
AcDbEntity
67
0
8
0
62
256
6
ByLayer
370
-1
48
1.0
60
0
100
AcDbCircle
39
0.0
10
499.276238334565
20
384.759814762954
30
0.0
40
301.323755330819
210
0.0
220
0.0
230
1.0
100
AcDbArc
50
137.712228263849
51
137.901422043305
0
ARC
5
505
330
70
100
AcDbEntity
67
0
8
0
62
256
6
ByLayer
370
-1
48
1.0
60
0
100
AcDbCircle
39
0.0
10
499.210868218415
20
384.819137419337
30
0.0
40
301.235480646989
210
0.0
220
0.0
230
1.0
100
AcDbArc
50
137.523127096852
51
137.712209398603
0
ARC
5
506
330
70
100
AcDbEntity
67
0
8
0
62
256
6
ByLayer
370
-1
48
1.0
60
0
100
AcDbCircle
39
0.0
10
499.129341676685
20
384.893614769152
30
0.0
40
301.125056748379
210
0.0
220
0.0
230
1.0
100
AcDbArc
50
137.334121957951
51
137.523103598367
0
ARC
5
507
330
70
100
AcDbEntity
67
0
8
0
62
256
6
ByLayer
370
-1
48
1.0
60
0
100
AcDbCircle
39
0.0
10
499.031676803656
20
384.983428532477
30
0.0
40
300.992373224089
210
0.0
220
0.0
230
1.0
100
AcDbArc
50
137.145201955836
51
137.334093801567
0
ARC
5
508
330
70
100
AcDbEntity
67
0
8
0
62
256
6
ByLayer
370
-1
48
1.0
60
0
100
AcDbCircle
39
0.0
10
498.829985191633
20
385.172863326722
30
0.0
40
300.715674501492
210
0.0
220
0.0
230
1.0
100
AcDbArc
50
136.956634913301
51
137.145524281316
0
ARC
5
509
330
70
100
AcDbEntity
67
0
8
0
62
256
6
ByLayer
370
-1
48
1.0
60
0
100
AcDbCircle
39
0.0
10
502.297568799375
20
381.942094090216
30
0.0
40
305.455081071748
210
0.0
220
0.0
230
1.0
100
AcDbArc
50
136.771910407753
51
136.95769253302
0
ARC
5
50A
330
70
100
AcDbEntity
67
0
8
0
62
256
6
ByLayer
370
-1
48
1.0
60
0
100
AcDbCircle
39
0.0
10
502.574602889207
20
381.682246802963
30
0.0
40
305.834907786046
210
0.0
220
0.0
230
1.0
100
AcDbArc
50
136.586614797882
51
136.771986951353
0
ARC
5
50B
330
70
100
AcDbEntity
67
0
8
0
62
256
6
ByLayer
370
-1
48
1.0
60
0
100
AcDbCircle
39
0.0
10
502.836476683421
20
381.435021117794
30
0.0
40
306.195044252338
210
0.0
220
0.0
230
1.0
100
AcDbArc
50
136.401715053472
51
136.586687106653
0
ARC
5
50C
330
70
100
AcDbEntity
67
0
8
0
62
256
6
ByLayer
370
-1
48
1.0
60
0
100
AcDbCircle
39
0.0
10
503.083072583018
20
381.200707839697
30
0.0
40
306.535209091172
210
0.0
220
0.0
230
1.0
100
AcDbArc
50
136.217201242586
51
136.401783106449
0
ARC
5
50D
330
70
100
AcDbEntity
67
0
8
0
62
256
6
ByLayer
370
-1
48
1.0
60
0
100
AcDbCircle
39
0.0
10
503.314276993204
20
380.979597082206
30
0.0
40
306.855123657622
210
0.0
220
0.0
230
1.0
100
AcDbArc
50
136.033063392447
51
136.217265018309
0
ARC
5
50E
330
70
100
AcDbEntity
67
0
8
0
62
256
6
ByLayer
370
-1
48
1.0
60
0
100
AcDbCircle
39
0.0
10
503.529979986856
20
380.771978543104
30
0.0
40
307.154511596066
210
0.0
220
0.0
230
1.0
100
AcDbArc
50
135.849291488215
51
136.033122869005
0
ARC
5
50F
330
70
100
AcDbEntity
67
0
8
0
62
256
6
ByLayer
370
-1
48
1.0
60
0
100
AcDbCircle
39
0.0
10
503.730075965859
20
380.578140821695
30
0.0
40
307.433099778783
210
0.0
220
0.0
230
1.0
100
AcDbArc
50
135.665875472111
51
135.849346643203
0
ARC
5
510
330
70
100
AcDbEntity
67
0
8
0
62
256
6
ByLayer
370
-1
48
1.0
60
0
100
AcDbCircle
39
0.0
10
503.914463245072
20
380.398371768511
30
0.0
40
307.690617752575
210
0.0
220
0.0
230
1.0
100
AcDbArc
50
135.482805242069
51
135.665926282579
0
ARC
5
511
330
70
100
AcDbEntity
67
0
8
0
62
256
6
ByLayer
370
-1
48
1.0
60
0
100
AcDbCircle
39
0.0
10
504.083044343552
20
380.232958153526
30
0.0
40
307.9267981678
210
0.0
220
0.0
230
1.0
100
AcDbArc
50
135.300070650598
51
135.482851684545
0
ARC
5
512
330
70
100
AcDbEntity
67
0
8
0
62
256
6
ByLayer
370
-1
48
1.0
60
0
100
AcDbCircle
39
0.0
10
504.235726255377
20
380.082185345307
30
0.0
40
308.141377185387
210
0.0
220
0.0
230
1.0
100
AcDbArc
50
135.117661503664
51
135.300112701028
0
ARC
5
513
330
70
100
AcDbEntity
67
0
8
0
62
256
6
ByLayer
370
-1
48
1.0
60
0
100
AcDbCircle
39
0.0
10
504.372419943949
20
379.946337755579
30
0.0
40
308.334093793753
210
0.0
220
0.0
230
1.0
100
AcDbArc
50
134.935567559083
51
135.117699137392
0
ARC
5
514
330
70
100
AcDbEntity
67
0
8
0
62
256
6
ByLayer
370
-1
48
1.0
60
0
100
AcDbCircle
39
0.0
10
504.493041202721
20
379.825697931321
30
0.0
40
308.504691048543
210
0.0
220
0.0
230
1.0
100
AcDbArc
50
134.753778525592
51
134.935600750913
0
ARC
5
515
330
70
100
AcDbEntity
67
0
8
0
62
256
6
ByLayer
370
-1
48
1.0
60
0
100
AcDbCircle
39
0.0
10
504.597510128023
20
379.720547018149
30
0.0
40
308.652915361538
210
0.0
220
0.0
230
1.0
100
AcDbArc
50
134.572284061162
51
134.753807249643
0
ARC
5
516
330
70
100
AcDbEntity
67
0
8
0
62
256
6
ByLayer
370
-1
48
1.0
60
0
100
AcDbCircle
39
0.0
10
504.685751553581
20
379.631164266162
30
0.0
40
308.778517146928
210
0.0
220
0.0
230
1.0
100
AcDbArc
50
134.391073771757
51
134.57230829092
0
ARC
5
517
330
70
100
AcDbEntity
67
0
8
0
62
256
6
ByLayer
370
-1
48
1.0
60
0
100
AcDbCircle
39
0.0
10
504.75769484651
20
379.557827173716
30
0.0
40
308.881250565255
210
0.0
220
0.0
230
1.0
100
AcDbArc
50
134.210137209714
51
134.39109348004
0
ARC
5
518
330
70
100
AcDbEntity
67
0
8
0
62
256
6
ByLayer
370
-1
48
1.0
60
0
100
AcDbCircle
39
0.0
10
504.81327435467
20
379.500810968559
30
0.0
40
308.960874196783
210
0.0
220
0.0
230
1.0
100
AcDbArc
50
134.029463872401
51
134.21015236865
0
ARC
5
519
330
70
100
AcDbEntity
67
0
8
0
62
256
6
ByLayer
370
-1
48
1.0
60
0
100
AcDbCircle
39
0.0
10
504.852429147913
20
379.460388804824
30
0.0
40
309.017150709636
210
0.0
220
0.0
230
1.0
100
AcDbArc
50
133.849043200503
51
134.029474453371
0
ARC
5
51A
330
70
100
AcDbEntity
67
0
8
0
62
256
6
ByLayer
370
-1
48
1.0
60
0
100
AcDbCircle
39
0.0
10
504.875103184388
20
379.436831526992
30
0.0
40
309.049847134988
210
0.0
220
0.0
230
1.0
100
AcDbArc
50
133.668864576443
51
133.849049174191
0
ARC
5
51B
330
70
100
AcDbEntity
67
0
8
0
62
256
6
ByLayer
370
-1
48
1.0
60
0
100
AcDbCircle
39
0.0
10
504.881245532056
20
379.430407369879
30
0.0
40
309.058735226883
210
0.0
220
0.0
230
1.0
100
AcDbArc
50
133.488917322764
51
133.668865912782
0
ARC
5
51C
330
70
100
AcDbEntity
67
0
8
0
62
256
6
ByLayer
370
-1
48
1.0
60
0
100
AcDbCircle
39
0.0
10
504.59716913008
20
379.730883545433
30
0.0
40
308.645232077995
210
0.0
220
0.0
230
1.0
100
AcDbArc
50
133.309089989995
51
133.48904586209
0
ARC
5
51D
330
70
100
AcDbEntity
67
0
8
0
62
256
6
ByLayer
370
-1
48
1.0
60
0
100
AcDbCircle
39
0.0
10
507.920329641723
20
376.208107375
30
0.0
40
313.488097418701
210
0.0
220
0.0
230
1.0
100
AcDbArc
50
133.13239757696
51
133.309410349892
0
ARC
5
51E
330
70
100
AcDbEntity
67
0
8
0
62
256
6
ByLayer
370
-1
48
1.0
60
0
100
AcDbCircle
39
0.0
10
506.929625036698
20
377.263445522176
30
0.0
40
312.040605780339
210
0.0
220
0.0
230
1.0
100
AcDbArc
50
132.954387839483
51
133.132127334756
0
ARC
5
51F
330
70
100
AcDbEntity
67
0
8
0
62
256
6
ByLayer
370
-1
48
1.0
60
0
100
AcDbCircle
39
0.0
10
506.096670642527
20
378.156281403822
30
0.0
40
310.819554028207
210
0.0
220
0.0
230
1.0
100
AcDbArc
50
132.775783984752
51
132.954158573002
0
ARC
5
520
330
70
100
AcDbEntity
67
0
8
0
62
256
6
ByLayer
370
-1
48
1.0
60
0
100
AcDbCircle
39
0.0
10
505.418581352747
20
378.887676135325
30
0.0
40
309.822186341553
210
0.0
220
0.0
230
1.0
100
AcDbArc
50
132.596678891596
51
132.775596074499
0
ARC
5
521
330
70
100
AcDbEntity
67
0
8
0
62
256
6
ByLayer
370
-1
48
1.0
60
0
100
AcDbCircle
39
0.0
10
504.892764591014
20
379.458398580618
30
0.0
40
309.046166526974
210
0.0
220
0.0
230
1.0
100
AcDbArc
50
132.417166065386
51
132.596532640562
0
ARC
5
522
330
70
100
AcDbEntity
67
0
8
0
62
256
6
ByLayer
370
-1
48
1.0
60
0
100
AcDbCircle
39
0.0
10
504.516911464392
20
379.868929618354
30
0.0
40
308.489568836177
210
0.0
220
0.0
230
1.0
100
AcDbArc
50
132.237339469705
51
132.417061697984
0
ARC
5
523
330
70
100
AcDbEntity
67
0
8
0
62
256
6
ByLayer
370
-1
48
1.0
60
0
100
AcDbCircle
39
0.0
10
504.28898851911
20
380.119465877448
30
0.0
40
308.150869598541
210
0.0
220
0.0
230
1.0
100
AcDbArc
50
132.057293356364
51
132.237277131036
0
ARC
5
524
330
70
100
AcDbEntity
67
0
8
0
62
256
6
ByLayer
370
-1
48
1.0
60
0
100
AcDbCircle
39
0.0
10
504.20723111301
20
380.209921810123
30
0.0
40
308.028941187749
210
0.0
220
0.0
230
1.0
100
AcDbArc
50
131.877122095072
51
132.057273111829
0
ARC
5
525
330
70
100
AcDbEntity
67
0
8
0
62
256
6
ByLayer
370
-1
48
1.0
60
0
100
AcDbCircle
39
0.0
10
504.270136795518
20
380.139931845301
30
0.0
40
308.123045950027
210
0.0
220
0.0
230
1.0
100
AcDbArc
50
131.696920002615
51
131.877143930234
0
ARC
5
526
330
70
100
AcDbEntity
67
0
8
0
62
256
6
ByLayer
370
-1
48
1.0
60
0
100
AcDbCircle
39
0.0
10
504.476460244214
20
379.908850899861
30
0.0
40
308.432832410211
210
0.0
220
0.0
230
1.0
100
AcDbArc
50
131.516781173003
51
131.696983823452
0
ARC
5
527
330
70
100
AcDbEntity
67
0
8
0
62
256
6
ByLayer
370
-1
48
1.0
60
0
100
AcDbCircle
39
0.0
10
504.82520832056
20
379.515754819186
30
0.0
40
308.958331625712
210
0.0
220
0.0
230
1.0
100
AcDbArc
50
131.336799308519
51
131.516886806407
0
ARC
5
528
330
70
100
AcDbEntity
67
0
8
0
62
256
6
ByLayer
370
-1
48
1.0
60
0
100
AcDbCircle
39
0.0
10
505.315636637461
20
378.959439174367
30
0.0
40
309.699955788735
210
0.0
220
0.0
230
1.0
100
AcDbArc
50
131.157067553152
51
131.336946503185
0
ARC
5
529
330
70
100
AcDbEntity
67
0
8
0
62
256
6
ByLayer
370
-1
48
1.0
60
0
100
AcDbCircle
39
0.0
10
505.947245782959
20
378.238418486257
30
0.0
40
310.658496296381
210
0.0
220
0.0
230
1.0
100
AcDbArc
50
130.97767832791
51
131.157255980664
0
ARC
5
52A
330
70
100
AcDbEntity
67
0
8
0
62
256
6
ByLayer
370
-1
48
1.0
60
0
100
AcDbCircle
39
0.0
10
506.719779507688
20
377.350923250667
30
0.0
40
311.835124784077
210
0.0
220
0.0
230
1.0
100
AcDbArc
50
130.798723170046
51
130.977907584332
0
ARC
5
52B
330
70
100
AcDbEntity
67
0
8
0
62
256
6
ByLayer
370
-1
48
1.0
60
0
100
AcDbCircle
39
0.0
10
507.633223009142
20
376.294896850709
30
0.0
40
313.231394322883
210
0.0
220
0.0
230
1.0
100
AcDbArc
50
130.620292575712
51
130.798992777442
0
ARC
5
52C
330
70
100
AcDbEntity
67
0
8
0
62
256
6
ByLayer
370
-1
48
1.0
60
0
100
AcDbCircle
39
0.0
10
504.509691598626
20
379.935868822846
30
0.0
40
308.434194602078
210
0.0
220
0.0
230
1.0
100
AcDbArc
50
130.438438331492
51
130.620207485437
0
ARC
5
52D
330
70
100
AcDbEntity
67
0
8
0
62
256
6
ByLayer
370
-1
48
1.0
60
0
100
AcDbCircle
39
0.0
10
502.530364474891
20
382.250974636925
30
0.0
40
305.388307655497
210
0.0
220
0.0
230
1.0
100
AcDbArc
50
130.253749705125
51
130.437533296093
0
ARC
5
52E
330
70
100
AcDbEntity
67
0
8
0
62
256
6
ByLayer
370
-1
48
1.0
60
0
100
AcDbCircle
39
0.0
10
502.841343238188
20
381.884472663507
30
0.0
40
305.868964732935
210
0.0
220
0.0
230
1.0
100
AcDbArc
50
130.070153970343
51
130.253845598562
0
ARC
5
52F
330
70
100
AcDbEntity
67
0
8
0
62
256
6
ByLayer
370
-1
48
1.0
60
0
100
AcDbCircle
39
0.0
10
503.136498091967
20
381.534351327698
30
0.0
40
306.326896060006
210
0.0
220
0.0
230
1.0
100
AcDbArc
50
129.886634486495
51
130.070245130587
0
ARC
5
530
330
70
100
AcDbEntity
67
0
8
0
62
256
6
ByLayer
370
-1
48
1.0
60
0
100
AcDbCircle
39
0.0
10
503.415939698711
20
381.200706287259
30
0.0
40
306.762104528007
210
0.0
220
0.0
230
1.0
100
AcDbArc
50
129.703180371114
51
129.886720944413
0
ARC
5
531
330
70
100
AcDbEntity
67
0
8
0
62
256
6
ByLayer
370
-1
48
1.0
60
0
100
AcDbCircle
39
0.0
10
503.679783138026
20
380.883627605077
30
0.0
40
307.174599448177
210
0.0
220
0.0
230
1.0
100
AcDbArc
50
129.519780804649
51
129.703262156834
0
ARC
5
532
330
70
100
AcDbEntity
67
0
8
0
62
256
6
ByLayer
370
-1
48
1.0
60
0
100
AcDbCircle
39
0.0
10
503.928147860545
20
380.583199698515
30
0.0
40
307.56439656357
210
0.0
220
0.0
230
1.0
100
AcDbArc
50
129.336425028861
51
129.519857947522
0
ARC
5
533
330
70
100
AcDbEntity
67
0
8
0
62
256
6
ByLayer
370
-1
48
1.0
60
0
100
AcDbCircle
39
0.0
10
504.161157290816
20
380.299501717502
30
0.0
40
307.931517507216
210
0.0
220
0.0
230
1.0
100
AcDbArc
50
129.153102345059
51
129.336497557532
0
ARC
5
534
330
70
100
AcDbEntity
67
0
8
0
62
256
6
ByLayer
370
-1
48
1.0
60
0
100
AcDbCircle
39
0.0
10
504.37893923563
20
380.032606946187
30
0.0
40
308.275990526418
210
0.0
220
0.0
230
1.0
100
AcDbArc
50
128.969802112731
51
129.153170287441
0
ARC
5
535
330
70
100
AcDbEntity
67
0
8
0
62
256
6
ByLayer
370
-1
48
1.0
60
0
100
AcDbCircle
39
0.0
10
504.581625308407
20
379.782583402766
30
0.0
40
308.597849657002
210
0.0
220
0.0
230
1.0
100
AcDbArc
50
128.786513747786
51
128.969865496026
0
ARC
5
536
330
70
100
AcDbEntity
67
0
8
0
62
256
6
ByLayer
370
-1
48
1.0
60
0
100
AcDbCircle
39
0.0
10
504.769351235953
20
379.549493362257
30
0.0
40
308.897135290282
210
0.0
220
0.0
230
1.0
100
AcDbArc
50
128.603226721205
51
128.786572598513
0
ARC
5
537
330
70
100
AcDbEntity
67
0
8
0
62
256
6
ByLayer
370
-1
48
1.0
60
0
100
AcDbCircle
39
0.0
10
504.942256470774
20
379.333393733759
30
0.0
40
309.173893639298
210
0.0
220
0.0
230
1.0
100
AcDbArc
50
128.419930557364
51
128.603281065161
0
ARC
5
538
330
70
100
AcDbEntity
67
0
8
0
62
256
6
ByLayer
370
-1
48
1.0
60
0
100
AcDbCircle
39
0.0
10
505.100484211922
20
379.134335937573
30
0.0
40
309.428176851164
210
0.0
220
0.0
230
1.0
100
AcDbArc
50
128.236614832665
51
128.419980419759
0
ARC
5
539
330
70
100
AcDbEntity
67
0
8
0
62
256
6
ByLayer
370
-1
48
1.0
60
0
100
AcDbCircle
39
0.0
10
505.244181496547
20
378.952365687289
30
0.0
40
309.660043238167
210
0.0
220
0.0
230
1.0
100
AcDbArc
50
128.05326917412
51
128.236660238012
0
ARC
5
53A
330
70
100
AcDbEntity
67
0
8
0
62
256
6
ByLayer
370
-1
48
1.0
60
0
100
AcDbCircle
39
0.0
10
505.373498834061
20
378.787523351136
30
0.0
40
309.869556771149
210
0.0
220
0.0
230
1.0
100
AcDbArc
50
127.869883257844
51
128.053310146273
0
ARC
5
53B
330
70
100
AcDbEntity
67
0
8
0
62
256
6
ByLayer
370
-1
48
1.0
60
0
100
AcDbCircle
39
0.0
10
505.488590154234
20
378.639843922574
30
0.0
40
310.056787074454
210
0.0
220
0.0
230
1.0
100
AcDbArc
50
127.686446807628
51
127.869919820047
0
ARC
5
53C
330
70
100
AcDbEntity
67
0
8
0
62
256
6
ByLayer
370
-1
48
1.0
60
0
100
AcDbCircle
39
0.0
10
505.589613051883
20
378.509356605992
30
0.0
40
310.221809907136
210
0.0
220
0.0
230
1.0
100
AcDbArc
50
127.502949593781
51
127.686478982487
0
ARC
5
53D
330
70
100
AcDbEntity
67
0
8
0
62
256
6
ByLayer
370
-1
48
1.0
60
0
100
AcDbCircle
39
0.0
10
505.676728048172
20
378.396085671387
30
0.0
40
310.364706039072
210
0.0
220
0.0
230
1.0
100
AcDbArc
50
127.319381431436
51
127.502977403296
0
ARC
5
53E
330
70
100
AcDbEntity
67
0
8
0
62
256
6
ByLayer
370
-1
48
1.0
60
0
100
AcDbCircle
39
0.0
10
505.750099225255
20
378.300049536689
30
0.0
40
310.48556236961
210
0.0
220
0.0
230
1.0
100
AcDbArc
50
127.135732179582
51
127.319404897032
0
ARC
5
53F
330
70
100
AcDbEntity
67
0
8
0
62
256
6
ByLayer
370
-1
48
1.0
60
0
100
AcDbCircle
39
0.0
10
505.809893526341
20
378.221261581821
30
0.0
40
310.584470860199
210
0.0
220
0.0
230
1.0
100
AcDbArc
50
126.951991739485
51
127.135751322087
0
ARC
5
540
330
70
100
AcDbEntity
67
0
8
0
62
256
6
ByLayer
370
-1
48
1.0
60
0
100
AcDbCircle
39
0.0
10
505.85628111571
20
378.159729582342
30
0.0
40
310.661529207799
210
0.0
220
0.0
230
1.0
100
AcDbArc
50
126.768150053643
51
126.952006579175
0
ARC
5
541
330
70
100
AcDbEntity
67
0
8
0
62
256
6
ByLayer
370
-1
48
1.0
60
0
100
AcDbCircle
39
0.0
10
505.889435023411
20
378.115456080823
30
0.0
40
310.71684033919
210
0.0
220
0.0
230
1.0
100
AcDbArc
50
126.584197104407
51
126.768160610188
0
ARC
5
542
330
70
100
AcDbEntity
67
0
8
0
62
256
6
ByLayer
370
-1
48
1.0
60
0
100
AcDbCircle
39
0.0
10
505.909530965451
20
378.088438536275
30
0.0
40
310.75051218849
210
0.0
220
0.0
230
1.0
100
AcDbArc
50
126.4001229127
51
126.584203396967
0
ARC
5
543
330
70
100
AcDbEntity
67
0
8
0
62
256
6
ByLayer
370
-1
48
1.0
60
0
100
AcDbCircle
39
0.0
10
505.916747703843
20
378.078668745437
30
0.0
40
310.762658381422
210
0.0
220
0.0
230
1.0
100
AcDbArc
50
126.215917537062
51
126.400124959871
0
ARC
5
544
330
70
100
AcDbEntity
67
0
8
0
62
256
6
ByLayer
370
-1
48
1.0
60
0
100
AcDbCircle
39
0.0
10
505.911266244045
20
378.086133833513
30
0.0
40
310.753396966753
210
0.0
220
0.0
230
1.0
100
AcDbArc
50
126.031571072131
51
126.215915356944
0
ARC
5
545
330
70
100
AcDbEntity
67
0
8
0
62
256
6
ByLayer
370
-1
48
1.0
60
0
100
AcDbCircle
39
0.0
10
505.893270554902
20
378.110815184957
30
0.0
40
310.722851709578
210
0.0
220
0.0
230
1.0
100
AcDbArc
50
125.847073647873
51
126.031564682298
0
ARC
5
546
330
70
100
AcDbEntity
67
0
8
0
62
256
6
ByLayer
370
-1
48
1.0
60
0
100
AcDbCircle
39
0.0
10
505.862946699829
20
378.152689537573
30
0.0
40
310.671150700879
210
0.0
220
0.0
230
1.0
100
AcDbArc
50
125.662415428102
51
125.847063065383
0
ARC
5
547
330
70
100
AcDbEntity
67
0
8
0
62
256
6
ByLayer
370
-1
48
1.0
60
0
100
AcDbCircle
39
0.0
10
505.820483467494
20
378.211728024464
30
0.0
40
310.598427509034
210
0.0
220
0.0
230
1.0
100
AcDbArc
50
125.47758660974
51
125.662400669495
0
ARC
5
548
330
70
100
AcDbEntity
67
0
8
0
62
256
6
ByLayer
370
-1
48
1.0
60
0
100
AcDbCircle
39
0.0
10
505.766071336585
20
378.287897521365
30
0.0
40
310.504819487298
210
0.0
220
0.0
230
1.0
100
AcDbArc
50
125.292577421202
51
125.477567691084
0
ARC
5
549
330
70
100
AcDbEntity
67
0
8
0
62
256
6
ByLayer
370
-1
48
1.0
60
0
100
AcDbCircle
39
0.0
10
505.699903559275
20
378.381159047617
30
0.0
40
310.39046971066
210
0.0
220
0.0
230
1.0
100
AcDbArc
50
125.107378122042
51
125.292554358177
0
ARC
5
54A
330
70
100
AcDbEntity
67
0
8
0
62
256
6
ByLayer
370
-1
48
1.0
60
0
100
AcDbCircle
39
0.0
10
505.622175028604
20
378.49146926215
30
0.0
40
310.255525106396
210
0.0
220
0.0
230
1.0
100
AcDbArc
50
124.921979001326
51
125.107350929785
0
ARC
5
54B
330
70
100
AcDbEntity
67
0
8
0
62
256
6
ByLayer
370
-1
48
1.0
60
0
100
AcDbCircle
39
0.0
10
505.533082821828
20
378.618779613628
30
0.0
40
310.100137467965
210
0.0
220
0.0
230
1.0
100
AcDbArc
50
124.736370376961
51
124.921947694552
0
ARC
5
54C
330
70
100
AcDbEntity
67
0
8
0
62
256
6
ByLayer
370
-1
48
1.0
60
0
100
AcDbCircle
39
0.0
10
505.432825794025
20
378.763036829204
30
0.0
40
309.924462827884
210
0.0
220
0.0
230
1.0
100
AcDbArc
50
124.550542594568
51
124.73633496992
0
ARC
5
54D
330
70
100
AcDbEntity
67
0
8
0
62
256
6
ByLayer
370
-1
48
1.0
60
0
100
AcDbCircle
39
0.0
10
505.321604534889
20
378.924182893935
30
0.0
40
309.728661456453
210
0.0
220
0.0
230
1.0
100
AcDbArc
50
124.364486026524
51
124.550503101101
0
ARC
5
54E
330
70
100
AcDbEntity
67
0
8
0
62
256
6
ByLayer
370
-1
48
1.0
60
0
100
AcDbCircle
39
0.0
10
505.199621350038
20
379.102154993483
30
0.0
40
309.512897904904
210
0.0
220
0.0
230
1.0
100
AcDbArc
50
124.178191071106
51
124.364442460108
0
ARC
5
54F
330
70
100
AcDbEntity
67
0
8
0
62
256
6
ByLayer
370
-1
48
1.0
60
0
100
AcDbCircle
39
0.0
10
505.067080234438
20
379.296885464914
30
0.0
40
309.277341037701
210
0.0
220
0.0
230
1.0
100
AcDbArc
50
123.991648151578
51
124.178143444751
0
ARC
5
550
330
70
100
AcDbEntity
67
0
8
0
62
256
6
ByLayer
370
-1
48
1.0
60
0
100
AcDbCircle
39
0.0
10
504.924186429018
20
379.508302365583
30
0.0
40
309.022163319673
210
0.0
220
0.0
230
1.0
100
AcDbArc
50
123.804847715114
51
123.991596477902
0
ARC
5
551
330
70
100
AcDbEntity
67
0
8
0
62
256
6
ByLayer
370
-1
48
1.0
60
0
100
AcDbCircle
39
0.0
10
504.771146806399
20
379.736328823381
30
0.0
40
308.747541577362
210
0.0
220
0.0
230
1.0
100
AcDbArc
50
123.617780232211
51
123.804792006372
0
ARC
5
552
330
70
100
AcDbEntity
67
0
8
0
62
256
6
ByLayer
370
-1
48
1.0
60
0
100
AcDbCircle
39
0.0
10
504.608169426163
20
379.980883611986
30
0.0
40
308.453656280702
210
0.0
220
0.0
230
1.0
100
AcDbArc
50
123.430436195679
51
123.617720500255
0
ARC
5
553
330
70
100
AcDbEntity
67
0
8
0
62
256
6
ByLayer
370
-1
48
1.0
60
0
100
AcDbCircle
39
0.0
10
504.4354633736
20
380.24188131826
30
0.0
40
308.140691321595
210
0.0
220
0.0
230
1.0
100
AcDbArc
50
123.242806119687
51
123.430372452024
0
ARC
5
554
330
70
100
AcDbEntity
67
0
8
0
62
256
6
ByLayer
370
-1
48
1.0
60
0
100
AcDbCircle
39
0.0
10
504.253239189602
20
380.519231613229
30
0.0
40
307.808834866546
210
0.0
220
0.0
230
1.0
100
AcDbArc
50
123.054880539385
51
123.242738375557
0
ARC
5
555
330
70
100
AcDbEntity
67
0
8
0
62
256
6
ByLayer
370
-1
48
1.0
60
0
100
AcDbCircle
39
0.0
10
504.061708142404
20
380.812840274471
30
0.0
40
307.458278109867
210
0.0
220
0.0
230
1.0
100
AcDbArc
50
122.866650009678
51
123.054808805584
0
ARC
5
556
330
70
100
AcDbEntity
67
0
8
0
62
256
6
ByLayer
370
-1
48
1.0
60
0
100
AcDbCircle
39
0.0
10
503.86108255057
20
381.122608621174
30
0.0
40
307.089215931032
210
0.0
220
0.0
230
1.0
100
AcDbArc
50
122.678105104772
51
122.866574296752
0
ARC
5
557
330
70
100
AcDbEntity
67
0
8
0
62
256
6
ByLayer
370
-1
48
1.0
60
0
100
AcDbCircle
39
0.0
10
503.651575616346
20
381.448433688616
30
0.0
40
306.701846665471
210
0.0
220
0.0
230
1.0
100
AcDbArc
50
122.489236417376
51
122.678025422882
0
ARC
5
558
330
70
100
AcDbEntity
67
0
8
0
62
256
6
ByLayer
370
-1
48
1.0
60
0
100
AcDbCircle
39
0.0
10
503.433401091993
20
381.790208673208
30
0.0
40
306.296371557758
210
0.0
220
0.0
230
1.0
100
AcDbArc
50
122.300034557862
51
122.489152776386
0
ARC
5
559
330
70
100
AcDbEntity
67
0
8
0
62
256
6
ByLayer
370
-1
48
1.0
60
0
100
AcDbCircle
39
0.0
10
503.206773487337
20
382.147822537175
30
0.0
40
305.872995214606
210
0.0
220
0.0
230
1.0
100
AcDbArc
50
122.110490153778
51
122.299946967411
0
ARC
5
55A
330
70
100
AcDbEntity
67
0
8
0
62
256
6
ByLayer
370
-1
48
1.0
60
0
100
AcDbCircle
39
0.0
10
502.971907949162
20
382.521160119521
30
0.0
40
305.431925454825
210
0.0
220
0.0
230
1.0
100
AcDbArc
50
121.920593849189
51
122.110398623193
0
ARC
5
55B
330
70
100
AcDbEntity
67
0
8
0
62
256
6
ByLayer
370
-1
48
1.0
60
0
100
AcDbCircle
39
0.0
10
502.72901996423
20
382.910102534452
30
0.0
40
304.973372822317
210
0.0
220
0.0
230
1.0
100
AcDbArc
50
121.730336303864
51
121.920498387463
0
ARC
5
55C
330
70
100
AcDbEntity
67
0
8
0
62
256
6
ByLayer
370
-1
48
1.0
60
0
100
AcDbCircle
39
0.0
10
502.47832540282
20
383.314527035484
30
0.0
40
304.497550732927
210
0.0
220
0.0
230
1.0
100
AcDbArc
50
121.539708192837
51
121.730236919826
0
ARC
5
55D
330
70
100
AcDbEntity
67
0
8
0
62
256
6
ByLayer
370
-1
48
1.0
60
0
100
AcDbCircle
39
0.0
10
502.220040590531
20
383.734306824801
30
0.0
40
304.004675682947
210
0.0
220
0.0
230
1.0
100
AcDbArc
50
121.348700205879
51
121.539604895024
0
ARC
5
55E
330
70
100
AcDbEntity
67
0
8
0
62
256
6
ByLayer
370
-1
48
1.0
60
0
100
AcDbCircle
39
0.0
10
501.954381795749
20
384.16931181591
30
0.0
40
303.494966339758
210
0.0
220
0.0
230
1.0
100
AcDbArc
50
121.157303046664
51
121.348593002582
0
ARC
5
55F
330
70
100
AcDbEntity
67
0
8
0
62
256
6
ByLayer
370
-1
48
1.0
60
0
100
AcDbCircle
39
0.0
10
501.681565699518
20
384.619407800026
30
0.0
40
302.968644507083
210
0.0
220
0.0
230
1.0
100
AcDbArc
50
120.965507432643
51
121.157191945995
0
ARC
5
560
330
70
100
AcDbEntity
67
0
8
0
62
256
6
ByLayer
370
-1
48
1.0
60
0
100
AcDbCircle
39
0.0
10
501.401808754312
20
385.084457430138
30
0.0
40
302.425933960106
210
0.0
220
0.0
230
1.0
100
AcDbArc
50
120.773304094121
51
120.965392442448
0
ARC
5
561
330
70
100
AcDbEntity
67
0
8
0
62
256
6
ByLayer
370
-1
48
1.0
60
0
100
AcDbCircle
39
0.0
10
501.115327551491
20
385.564319550846
30
0.0
40
301.86706121833
210
0.0
220
0.0
230
1.0
100
AcDbArc
50
120.580683774147
51
120.773185222136
0
ARC
5
562
330
70
100
AcDbEntity
67
0
8
0
62
256
6
ByLayer
370
-1
48
1.0
60
0
100
AcDbCircle
39
0.0
10
500.822338473234
20
386.05884970955
30
0.0
40
301.292254937549
210
0.0
220
0.0
230
1.0
100
AcDbArc
50
120.387637227816
51
120.580561027864
0
ARC
5
563
330
70
100
AcDbEntity
67
0
8
0
62
256
6
ByLayer
370
-1
48
1.0
60
0
100
AcDbCircle
39
0.0
10
500.523057818871
20
386.567899879717
30
0.0
40
300.701746221779
210
0.0
220
0.0
230
1.0
100
AcDbArc
50
120.194155222049
51
120.38751061454
0
ARC
5
564
330
70
100
AcDbEntity
67
0
8
0
62
256
6
ByLayer
370
-1
48
1.0
60
0
100
AcDbCircle
39
0.0
10
500.217701347391
20
387.091319175602
30
0.0
40
300.095767784839
210
0.0
220
0.0
230
1.0
100
AcDbArc
50
120.000228534867
51
120.194024748904
0
ARC
5
565
330
70
100
AcDbEntity
67
0
8
0
62
256
6
ByLayer
370
-1
48
1.0
60
0
100
AcDbCircle
39
0.0
10
499.906484686528
20
387.628953094403
30
0.0
40
299.474554820807
210
0.0
220
0.0
230
1.0
100
AcDbArc
50
119.805847955431
51
120.000094208916
0
ARC
5
566
330
70
100
AcDbEntity
67
0
8
0
62
256
6
ByLayer
370
-1
48
1.0
60
0
100
AcDbCircle
39
0.0
10
499.589622921061
20
388.180644157646
30
0.0
40
298.83834425251
210
0.0
220
0.0
230
1.0
100
AcDbArc
50
119.611004283392
51
119.80570978351
0
ARC
5
567
330
70
100
AcDbEntity
67
0
8
0
62
256
6
ByLayer
370
-1
48
1.0
60
0
100
AcDbCircle
39
0.0
10
499.267330608345
20
388.746231828951
30
0.0
40
298.187374820553
210
0.0
220
0.0
230
1.0
100
AcDbArc
50
119.415688328707
51
119.610862272262
0
ARC
5
568
330
70
100
AcDbEntity
67
0
8
0
62
256
6
ByLayer
370
-1
48
1.0
60
0
100
AcDbCircle
39
0.0
10
498.939821704566
20
389.325552584044
30
0.0
40
297.52188699609
210
0.0
220
0.0
230
1.0
100
AcDbArc
50
119.2198909113
51
119.415542485021
0
ARC
5
569
330
70
100
AcDbEntity
67
0
8
0
62
256
6
ByLayer
370
-1
48
1.0
60
0
100
AcDbCircle
39
0.0
10
498.607309521215
20
389.918439929277
30
0.0
40
296.842122953527
210
0.0
220
0.0
230
1.0
100
AcDbArc
50
119.023602860839
51
119.219741241616
0
ARC
5
56A
330
70
100
AcDbEntity
67
0
8
0
62
256
6
ByLayer
370
-1
48
1.0
60
0
100
AcDbCircle
39
0.0
10
498.27000663551
20
390.524724502811
30
0.0
40
296.148326448828
210
0.0
220
0.0
230
1.0
100
AcDbArc
50
118.826815016495
51
119.023449371611
0
ARC
5
56B
330
70
100
AcDbEntity
67
0
8
0
62
256
6
ByLayer
370
-1
48
1.0
60
0
100
AcDbCircle
39
0.0
10
497.928124734823
20
391.144234299616
30
0.0
40
295.440742557781
210
0.0
220
0.0
230
1.0
100
AcDbArc
50
118.629518226676
51
118.826657714117
0
ARC
5
56C
330
70
100
AcDbEntity
67
0
8
0
62
256
6
ByLayer
370
-1
48
1.0
60
0
100
AcDbCircle
39
0.0
10
497.581874671758
20
391.776794518711
30
0.0
40
294.719617846999
210
0.0
220
0.0
230
1.0
100
AcDbArc
50
118.431703348938
51
118.629357117512
0
ARC
5
56D
330
70
100
AcDbEntity
67
0
8
0
62
256
6
ByLayer
370
-1
48
1.0
60
0
100
AcDbCircle
39
0.0
10
497.231466351991
20
392.422227711298
30
0.0
40
293.985200200908
210
0.0
220
0.0
230
1.0
100
AcDbArc
50
118.233361249798
51
118.431538439271
0
ARC
5
56E
330
70
100
AcDbEntity
67
0
8
0
62
256
6
ByLayer
370
-1
48
1.0
60
0
100
AcDbCircle
39
0.0
10
496.847638211687
20
393.135620134323
30
0.0
40
293.175106180185
210
0.0
220
0.0
230
1.0
100
AcDbArc
50
118.034475682912
51
118.233227722541
0
ARC
5
56F
330
70
100
AcDbEntity
67
0
8
0
62
256
6
ByLayer
370
-1
48
1.0
60
0
100
AcDbCircle
39
0.0
10
496.861046774371
20
393.11021492587
30
0.0
40
293.203832528602
210
0.0
220
0.0
230
1.0
100
AcDbArc
50
117.835699651943
51
118.034455115747
0
ARC
5
570
330
70
100
AcDbEntity
67
0
8
0
62
256
6
ByLayer
370
-1
48
1.0
60
0
100
AcDbCircle
39
0.0
10
496.881255463407
20
393.072047805835
30
0.0
40
293.247019538166
210
0.0
220
0.0
230
1.0
100
AcDbArc
50
117.636962489199
51
117.835709162879
0
ARC
5
571
330
70
100
AcDbEntity
67
0
8
0
62
256
6
ByLayer
370
-1
48
1.0
60
0
100
AcDbCircle
39
0.0
10
496.89524939726
20
393.0453942109
30
0.0
40
293.277123411376
210
0.0
220
0.0
230
1.0
100
AcDbArc
50
117.438223910066
51
117.636969043445
0
ARC
5
572
330
70
100
AcDbEntity
67
0
8
0
62
256
6
ByLayer
370
-1
48
1.0
60
0
100
AcDbCircle
39
0.0
10
496.903110724335
20
393.03029289456
30
0.0
40
293.294148389469
210
0.0
220
0.0
230
1.0
100
AcDbArc
50
117.239476671446
51
117.438227509765
0
ARC
5
573
330
70
100
AcDbEntity
67
0
8
0
62
256
6
ByLayer
370
-1
48
1.0
60
0
100
AcDbCircle
39
0.0
10
496.904923191685
20
393.026779422263
30
0.0
40
293.298101807546
210
0.0
220
0.0
230
1.0
100
AcDbArc
50
117.04071353474
51
117.239477318707
0
ARC
5
574
330
70
100
AcDbEntity
67
0
8
0
62
256
6
ByLayer
370
-1
48
1.0
60
0
100
AcDbCircle
39
0.0
10
496.900771896356
20
393.034886572933
30
0.0
40
293.288993624089
210
0.0
220
0.0
230
1.0
100
AcDbArc
50
116.841927265402
51
117.040711231551
0
ARC
5
575
330
70
100
AcDbEntity
67
0
8
0
62
256
6
ByLayer
370
-1
48
1.0
60
0
100
AcDbCircle
39
0.0
10
496.890743420549
20
393.05464400178
30
0.0
40
293.26683678318
210
0.0
220
0.0
230
1.0
100
AcDbArc
50
116.643110632901
51
116.841922013702
0
ARC
5
576
330
70
100
AcDbEntity
67
0
8
0
62
256
6
ByLayer
370
-1
48
1.0
60
0
100
AcDbCircle
39
0.0
10
496.874925670669
20
393.086078477816
30
0.0
40
293.231646930464
210
0.0
220
0.0
230
1.0
100
AcDbArc
50
116.444256410363
51
116.643102434522
0
ARC
5
577
330
70
100
AcDbEntity
67
0
8
0
62
256
6
ByLayer
370
-1
48
1.0
60
0
100
AcDbCircle
39
0.0
10
496.853407821745
20
393.129213922227
30
0.0
40
293.183442354592
210
0.0
220
0.0
230
1.0
100
AcDbArc
50
116.245357374341
51
116.444245267127
0
ARC
5
578
330
70
100
AcDbEntity
67
0
8
0
62
256
6
ByLayer
370
-1
48
1.0
60
0
100
AcDbCircle
39
0.0
10
496.826280571553
20
393.184070819019
30
0.0
40
293.122244628864
210
0.0
220
0.0
230
1.0
100
AcDbArc
50
116.046406304859
51
116.245343287995
0
ARC
5
579
330
70
100
AcDbEntity
67
0
8
0
62
256
6
ByLayer
370
-1
48
1.0
60
0
100
AcDbCircle
39
0.0
10
496.793635723669
20
393.250666972847
30
0.0
40
293.048077748041
210
0.0
220
0.0
230
1.0
100
AcDbArc
50
115.847395984859
51
116.046389276982
0
ARC
5
57A
330
70
100
AcDbEntity
67
0
8
0
62
256
6
ByLayer
370
-1
48
1.0
60
0
100
AcDbCircle
39
0.0
10
496.755566343046
20
393.329017121963
30
0.0
40
292.960968545425
210
0.0
220
0.0
230
1.0
100
AcDbArc
50
115.648319200155
51
115.847376016991
0
ARC
5
57B
330
70
100
AcDbEntity
67
0
8
0
62
256
6
ByLayer
370
-1
48
1.0
60
0
100
AcDbCircle
39
0.0
10
496.71216669586
20
393.419132982109
30
0.0
40
292.860946628264
210
0.0
220
0.0
230
1.0
100
AcDbArc
50
115.449168739237
51
115.64829629381
0
ARC
5
57C
330
70
100
AcDbEntity
67
0
8
0
62
256
6
ByLayer
370
-1
48
1.0
60
0
100
AcDbCircle
39
0.0
10
496.663532227346
20
393.521023212188
30
0.0
40
292.748044400338
210
0.0
220
0.0
230
1.0
100
AcDbArc
50
115.249937393032
51
115.449142895836
0
ARC
5
57D
330
70
100
AcDbEntity
67
0
8
0
62
256
6
ByLayer
370
-1
48
1.0
60
0
100
AcDbCircle
39
0.0
10
496.609759530686
20
393.634693398506
30
0.0
40
292.62229706418
210
0.0
220
0.0
230
1.0
100
AcDbArc
50
115.050617954727
51
115.249908613899
0
ARC
5
57E
330
70
100
AcDbEntity
67
0
8
0
62
256
6
ByLayer
370
-1
48
1.0
60
0
100
AcDbCircle
39
0.0
10
496.550946182275
20
393.760146325534
30
0.0
40
292.483742307388
210
0.0
220
0.0
230
1.0
100
AcDbArc
50
114.851203219472
51
115.050586241155
0
ARC
5
57F
330
70
100
AcDbEntity
67
0
8
0
62
256
6
ByLayer
370
-1
48
1.0
60
0
100
AcDbCircle
39
0.0
10
496.487190948544
20
393.897381456203
30
0.0
40
292.332420862599
210
0.0
220
0.0
230
1.0
100
AcDbArc
50
114.651685984393
51
114.851168572713
0
ARC
5
580
330
70
100
AcDbEntity
67
0
8
0
62
256
6
ByLayer
370
-1
48
1.0
60
0
100
AcDbCircle
39
0.0
10
496.418593579315
20
394.046395288484
30
0.0
40
292.168376098784
210
0.0
220
0.0
230
1.0
100
AcDbArc
50
114.452059048257
51
114.651648405553
0
ARC
5
581
330
70
100
AcDbEntity
67
0
8
0
62
256
6
ByLayer
370
-1
48
1.0
60
0
100
AcDbCircle
39
0.0
10
496.34525467625
20
394.207181566264
30
0.0
40
291.991653776541
210
0.0
220
0.0
230
1.0
100
AcDbArc
50
114.252315211179
51
114.452018538394
0
ARC
5
582
330
70
100
AcDbEntity
67
0
8
0
62
256
6
ByLayer
370
-1
48
1.0
60
0
100
AcDbCircle
39
0.0
10
496.267275889926
20
394.37973077052
30
0.0
40
291.802302594792
210
0.0
220
0.0
230
1.0
100
AcDbArc
50
114.05244727469
51
114.252271771371
0
ARC
5
583
330
70
100
AcDbEntity
67
0
8
0
62
256
6
ByLayer
370
-1
48
1.0
60
0
100
AcDbCircle
39
0.0
10
496.184759774262
20
394.564030352075
30
0.0
40
291.60037392081
210
0.0
220
0.0
230
1.0
100
AcDbArc
50
113.852448041444
51
114.052400905908
0
ARC
5
584
330
70
100
AcDbEntity
67
0
8
0
62
256
6
ByLayer
370
-1
48
1.0
60
0
100
AcDbCircle
39
0.0
10
496.097809674307
20
394.760064902451
30
0.0
40
291.385921590622
210
0.0
220
0.0
230
1.0
100
AcDbArc
50
113.652310314972
51
113.852398744588
0
ARC
5
585
330
70
100
AcDbEntity
67
0
8
0
62
256
6
ByLayer
370
-1
48
1.0
60
0
100
AcDbCircle
39
0.0
10
496.006529823271
20
394.967815855254
30
0.0
40
291.159002223641
210
0.0
220
0.0
230
1.0
100
AcDbArc
50
113.452026899664
51
113.65225809091
0
ARC
5
586
330
70
100
AcDbEntity
67
0
8
0
62
256
6
ByLayer
370
-1
48
1.0
60
0
100
AcDbCircle
39
0.0
10
495.911025165064
20
395.187261805062
30
0.0
40
290.919674861756
210
0.0
220
0.0
230
1.0
100
AcDbArc
50
113.251590600443
51
113.451971749179
0
ARC
5
587
330
70
100
AcDbEntity
67
0
8
0
62
256
6
ByLayer
370
-1
48
1.0
60
0
100
AcDbCircle
39
0.0
10
495.811401386659
20
395.418378355871
30
0.0
40
290.66800112375
210
0.0
220
0.0
230
1.0
100
AcDbArc
50
113.050994222725
51
113.251532524352
0
ARC
5
588
330
70
100
AcDbEntity
67
0
8
0
62
256
6
ByLayer
370
-1
48
1.0
60
0
100
AcDbCircle
39
0.0
10
495.707764983105
20
395.661137882247
30
0.0
40
290.404045453028
210
0.0
220
0.0
230
1.0
100
AcDbArc
50
112.85023057233
51
113.050933221747
0
ARC
5
589
330
70
100
AcDbEntity
67
0
8
0
62
256
6
ByLayer
370
-1
48
1.0
60
0
100
AcDbCircle
39
0.0
10
495.600222962453
20
395.915510135323
30
0.0
40
290.127874447198
210
0.0
220
0.0
230
1.0
100
AcDbArc
50
112.649292455083
51
112.850166647094
0
ARC
5
58A
330
70
100
AcDbEntity
67
0
8
0
62
256
6
ByLayer
370
-1
48
1.0
60
0
100
AcDbCircle
39
0.0
10
495.488883064844
20
396.181461648233
30
0.0
40
289.839557493917
210
0.0
220
0.0
230
1.0
100
AcDbArc
50
112.448172677002
51
112.649225606251
0
ARC
5
58B
330
70
100
AcDbEntity
67
0
8
0
62
256
6
ByLayer
370
-1
48
1.0
60
0
100
AcDbCircle
39
0.0
10
495.373853515627
20
396.458956236432
30
0.0
40
289.539166217035
210
0.0
220
0.0
230
1.0
100
AcDbArc
50
112.246864043863
51
112.44810290514
0
ARC
5
58C
330
70
100
AcDbEntity
67
0
8
0
62
256
6
ByLayer
370
-1
48
1.0
60
0
100
AcDbCircle
39
0.0
10
495.255243129664
20
396.747954668092
30
0.0
40
289.226774824137
210
0.0
220
0.0
230
1.0
100
AcDbArc
50
112.04535936129
51
112.246791349563
0
ARC
5
58D
330
70
100
AcDbEntity
67
0
8
0
62
256
6
ByLayer
370
-1
48
1.0
60
0
100
AcDbCircle
39
0.0
10
495.13316124117
20
397.048414745474
30
0.0
40
288.902460007853
210
0.0
220
0.0
230
1.0
100
AcDbArc
50
111.843651434561
51
112.045283745056
0
ARC
5
58E
330
70
100
AcDbEntity
67
0
8
0
62
256
6
ByLayer
370
-1
48
1.0
60
0
100
AcDbCircle
39
0.0
10
495.007717538255
20
397.360291631553
30
0.0
40
288.56630058432
210
0.0
220
0.0
230
1.0
100
AcDbArc
50
111.641733068435
51
111.843572896941
0
ARC
5
58F
330
70
100
AcDbEntity
67
0
8
0
62
256
6
ByLayer
370
-1
48
1.0
60
0
100
AcDbCircle
39
0.0
10
494.879022260471
20
397.683537275576
30
0.0
40
288.218378103309
210
0.0
220
0.0
230
1.0
100
AcDbArc
50
111.43959706721
51
111.641651609933
0
ARC
5
590
330
70
100
AcDbEntity
67
0
8
0
62
256
6
ByLayer
370
-1
48
1.0
60
0
100
AcDbCircle
39
0.0
10
494.747185937499
20
398.018100978122
30
0.0
40
287.858776230152
210
0.0
220
0.0
230
1.0
100
AcDbArc
50
111.237236234447
51
111.439512688265
0
ARC
5
591
330
70
100
AcDbEntity
67
0
8
0
62
256
6
ByLayer
370
-1
48
1.0
60
0
100
AcDbCircle
39
0.0
10
494.61231944551
20
398.363929170036
30
0.0
40
287.487580975785
210
0.0
220
0.0
230
1.0
100
AcDbArc
50
111.034643372999
51
111.237148935533
0
ARC
5
592
330
70
100
AcDbEntity
67
0
8
0
62
256
6
ByLayer
370
-1
48
1.0
60
0
100
AcDbCircle
39
0.0
10
494.474533987374
20
398.720965374811
30
0.0
40
287.104880728402
210
0.0
220
0.0
230
1.0
100
AcDbArc
50
110.831811284902
51
111.034553154531
0
ARC
5
593
330
70
100
AcDbEntity
67
0
8
0
62
256
6
ByLayer
370
-1
48
1.0
60
0
100
AcDbCircle
39
0.0
10
494.333940919792
20
399.089150574083
30
0.0
40
286.710765854159
210
0.0
220
0.0
230
1.0
100
AcDbArc
50
110.628732771215
51
110.831718147347
0
ARC
5
594
330
70
100
AcDbEntity
67
0
8
0
62
256
6
ByLayer
370
-1
48
1.0
60
0
100
AcDbCircle
39
0.0
10
494.190651993084
20
399.468422493433
30
0.0
40
286.305329453958
210
0.0
220
0.0
230
1.0
100
AcDbArc
50
110.425400632212
51
110.628636714989
0
ARC
5
595
330
70
100
AcDbEntity
67
0
8
0
62
256
6
ByLayer
370
-1
48
1.0
60
0
100
AcDbCircle
39
0.0
10
494.044778914403
20
399.858716667799
30
0.0
40
285.88866621658
210
0.0
220
0.0
230
1.0
100
AcDbArc
50
110.221807666926
51
110.425301657706
0
ARC
5
596
330
70
100
AcDbEntity
67
0
8
0
62
256
6
ByLayer
370
-1
48
1.0
60
0
100
AcDbCircle
39
0.0
10
493.896433667887
20
400.259965511794
30
0.0
40
285.460873405893
210
0.0
220
0.0
230
1.0
100
AcDbArc
50
110.017946673521
51
110.221705774632
0
ARC
5
597
330
70
100
AcDbEntity
67
0
8
0
62
256
6
ByLayer
370
-1
48
1.0
60
0
100
AcDbCircle
39
0.0
10
493.745728279164
20
400.672098859053
30
0.0
40
285.022050277682
210
0.0
220
0.0
230
1.0
100
AcDbArc
50
109.813810448988
51
110.017841863867
0
ARC
5
598
330
70
100
AcDbEntity
67
0
8
0
62
256
6
ByLayer
370
-1
48
1.0
60
0
100
AcDbCircle
39
0.0
10
493.592774843668
20
401.095043802618
30
0.0
40
284.572298243791
210
0.0
220
0.0
230
1.0
100
AcDbArc
50
109.609391789223
51
109.813702722394
0
ARC
5
599
330
70
100
AcDbEntity
67
0
8
0
62
256
6
ByLayer
370
-1
48
1.0
60
0
100
AcDbCircle
39
0.0
10
493.437685375953
20
401.528725029002
30
0.0
40
284.111720511355
210
0.0
220
0.0
230
1.0
100
AcDbArc
50
109.404683488905
51
109.609281146192
0
ARC
5
59A
330
70
100
AcDbEntity
67
0
8
0
62
256
6
ByLayer
370
-1
48
1.0
60
0
100
AcDbCircle
39
0.0
10
493.280571998671
20
401.973064204482
30
0.0
40
283.640422729027
210
0.0
220
0.0
230
1.0
100
AcDbArc
50
109.199678341733
51
109.404569929969
0
ARC
5
59B
330
70
100
AcDbEntity
67
0
8
0
62
256
6
ByLayer
370
-1
48
1.0
60
0
100
AcDbCircle
39
0.0
10
493.12154664804
20
402.427980714056
30
0.0
40
283.158512196954
210
0.0
220
0.0
230
1.0
100
AcDbArc
50
108.994369140125
51
109.199561867397
0
ARC
5
59C
330
70
100
AcDbEntity
67
0
8
0
62
256
6
ByLayer
370
-1
48
1.0
60
0
100
AcDbCircle
39
0.0
10
492.960721238892
20
402.893391110272
30
0.0
40
282.66609844653
210
0.0
220
0.0
230
1.0
100
AcDbArc
50
108.788748675519
51
108.994249750955
0
ARC
5
59D
330
70
100
AcDbEntity
67
0
8
0
62
256
6
ByLayer
370
-1
48
1.0
60
0
100
AcDbCircle
39
0.0
10
492.798207443572
20
403.369209661769
30
0.0
40
282.163292654797
210
0.0
220
0.0
230
1.0
100
AcDbArc
50
108.582809738135
51
108.78862637208
0
ARC
5
59E
330
70
100
AcDbEntity
67
0
8
0
62
256
6
ByLayer
370
-1
48
1.0
60
0
100
AcDbCircle
39
0.0
10
492.634116786232
20
403.855347998807
30
0.0
40
281.650208015586
210
0.0
220
0.0
230
1.0
100
AcDbArc
50
108.37654511722
51
108.582684521104
0
ARC
5
59F
330
70
100
AcDbEntity
67
0
8
0
62
256
6
ByLayer
370
-1
48
1.0
60
0
100
AcDbCircle
39
0.0
10
492.468560549196
20
404.351715299522
30
0.0
40
281.126959538413
210
0.0
220
0.0
230
1.0
100
AcDbArc
50
108.16994760099
51
108.376416987308
0
ARC
5
5A0
330
70
100
AcDbEntity
67
0
8
0
62
256
6
ByLayer
370
-1
48
1.0
60
0
100
AcDbCircle
39
0.0
10
492.3016497827
20
404.858218173598
30
0.0
40
280.593664167352
210
0.0
220
0.0
230
1.0
100
AcDbArc
50
107.963009976796
51
108.169816558956
0
ARC
5
5A1
330
70
100
AcDbEntity
67
0
8
0
62
256
6
ByLayer
370
-1
48
1.0
60
0
100
AcDbCircle
39
0.0
10
492.133495167684
20
405.37476099133
30
0.0
40
280.050440431136
210
0.0
220
0.0
230
1.0
100
AcDbArc
50
107.755725031059
51
107.962876023451
0
ARC
5
5A2
330
70
100
AcDbEntity
67
0
8
0
62
256
6
ByLayer
370
-1
48
1.0
60
0
100
AcDbCircle
39
0.0
10
491.964207071011
20
405.901245632069
30
0.0
40
279.497408705119
210
0.0
220
0.0
230
1.0
100
AcDbArc
50
107.548085549462
51
107.755588167295
0
ARC
5
5A3
330
70
100
AcDbEntity
67
0
8
0
62
256
6
ByLayer
370
-1
48
1.0
60
0
100
AcDbCircle
39
0.0
10
491.793895466319
20
406.437571640723
30
0.0
40
278.934691043864
210
0.0
220
0.0
230
1.0
100
AcDbArc
50
107.340084317039
51
107.547945776256
0
ARC
5
5A4
330
70
100
AcDbEntity
67
0
8
0
62
256
6
ByLayer
370
-1
48
1.0
60
0
100
AcDbCircle
39
0.0
10
491.62266991776
20
406.983636191536
30
0.0
40
278.362411216658
210
0.0
220
0.0
230
1.0
100
AcDbArc
50
107.131714118286
51
107.339941635412
0
ARC
5
5A5
330
70
100
AcDbEntity
67
0
8
0
62
256
6
ByLayer
370
-1
48
1.0
60
0
100
AcDbCircle
39
0.0
10
491.450639455697
20
407.539334401108
30
0.0
40
277.780694377688
210
0.0
220
0.0
230
1.0
100
AcDbArc
50
106.922967737174
51
107.131568529374
0
ARC
5
5A6
330
70
100
AcDbEntity
67
0
8
0
62
256
6
ByLayer
370
-1
48
1.0
60
0
100
AcDbCircle
39
0.0
10
491.277912749952
20
408.104558681933
30
0.0
40
277.189667740967
210
0.0
220
0.0
230
1.0
100
AcDbArc
50
106.713837957638
51
106.922819242218
0
ARC
5
5A7
330
70
100
AcDbEntity
67
0
8
0
62
256
6
ByLayer
370
-1
48
1.0
60
0
100
AcDbCircle
39
0.0
10
491.104597740801
20
408.679199857419
30
0.0
40
276.589459412438
210
0.0
220
0.0
230
1.0
100
AcDbArc
50
106.504317563175
51
106.713686557921
0
ARC
5
5A8
330
70
100
AcDbEntity
67
0
8
0
62
256
6
ByLayer
370
-1
48
1.0
60
0
100
AcDbCircle
39
0.0
10
490.930801965776
20
409.263146006429
30
0.0
40
275.980199596978
210
0.0
220
0.0
230
1.0
100
AcDbArc
50
106.294399337625
51
106.504163260189
0
ARC
5
5A9
330
70
100
AcDbEntity
67
0
8
0
62
256
6
ByLayer
370
-1
48
1.0
60
0
100
AcDbCircle
39
0.0
10
490.756632261029
20
409.856283362064
30
0.0
40
275.362019658282
210
0.0
220
0.0
230
1.0
100
AcDbArc
50
106.084076064938
51
106.294242132887
0
ARC
5
5AA
330
70
100
AcDbEntity
67
0
8
0
62
256
6
ByLayer
370
-1
48
1.0
60
0
100
AcDbCircle
39
0.0
10
490.582194793027
20
410.458496131872
30
0.0
40
274.735052306945
210
0.0
220
0.0
230
1.0
100
AcDbArc
50
105.873340529468
51
106.083915960146
0
ARC
5
5AB
330
70
100
AcDbEntity
67
0
8
0
62
256
6
ByLayer
370
-1
48
1.0
60
0
100
AcDbCircle
39
0.0
10
490.407595144492
20
411.069666110463
30
0.0
40
274.09943200322
210
0.0
220
0.0
230
1.0
100
AcDbArc
50
105.66218551643
51
105.873177526469
0
ARC
5
5AC
330
70
100
AcDbEntity
67
0
8
0
62
256
6
ByLayer
370
-1
48
1.0
60
0
100
AcDbCircle
39
0.0
10
490.232938073659
20
411.689673427963
30
0.0
40
273.455294178106
210
0.0
220
0.0
230
1.0
100
AcDbArc
50
105.450603811751
51
105.662019617127
0
ARC
5
5AD
330
70
100
AcDbEntity
67
0
8
0
62
256
6
ByLayer
370
-1
48
1.0
60
0
100
AcDbCircle
39
0.0
10
490.058327647396
20
412.318396002541
30
0.0
40
272.802775803422
210
0.0
220
0.0
230
1.0
100
AcDbArc
50
105.238588202622
51
105.450435018227
0
ARC
5
5AE
330
70
100
AcDbEntity
67
0
8
0
62
256
6
ByLayer
370
-1
48
1.0
60
0
100
AcDbCircle
39
0.0
10
489.883867092714
20
412.955709984009
30
0.0
40
272.142014931764
210
0.0
220
0.0
230
1.0
100
AcDbArc
50
105.026131477637
51
105.238416517164
0
ARC
5
5AF
330
70
100
AcDbEntity
67
0
8
0
62
256
6
ByLayer
370
-1
48
1.0
60
0
100
AcDbCircle
39
0.0
10
489.709658868995
20
413.601489404415
30
0.0
40
271.473151059842
210
0.0
220
0.0
230
1.0
100
AcDbArc
50
104.813226427134
51
105.025956902618
0
ARC
5
5B0
330
70
100
AcDbEntity
67
0
8
0
62
256
6
ByLayer
370
-1
48
1.0
60
0
100
AcDbCircle
39
0.0
10
489.487881065582
20
414.438377381501
30
0.0
40
270.607375866443
210
0.0
220
0.0
230
1.0
100
AcDbArc
50
104.599801191116
51
104.813133133643
0
ARC
5
5B1
330
70
100
AcDbEntity
67
0
8
0
62
256
6
ByLayer
370
-1
48
1.0
60
0
100
AcDbCircle
39
0.0
10
489.980693783038
20
412.548630464913
30
0.0
40
272.560324271583
210
0.0
220
0.0
230
1.0
100
AcDbArc
50
104.388198651509
51
104.599918672966
0
ARC
5
5B2
330
70
100
AcDbEntity
67
0
8
0
62
256
6
ByLayer
370
-1
48
1.0
60
0
100
AcDbCircle
39
0.0
10
489.979053664845
20
412.554986587499
30
0.0
40
272.553759959232
210
0.0
220
0.0
230
1.0
100
AcDbArc
50
104.176558754723
51
104.388196709193
0
ARC
5
5B3
330
70
100
AcDbEntity
67
0
8
0
62
256
6
ByLayer
370
-1
48
1.0
60
0
100
AcDbCircle
39
0.0
10
489.974674550634
20
412.572228339656
30
0.0
40
272.535970801667
210
0.0
220
0.0
230
1.0
100
AcDbArc
50
103.964990791694
51
104.176553906609
0
ARC
5
5B4
330
70
100
AcDbEntity
67
0
8
0
62
256
6
ByLayer
370
-1
48
1.0
60
0
100
AcDbCircle
39
0.0
10
489.967624635399
20
412.600424742362
30
0.0
40
272.506906440912
210
0.0
220
0.0
230
1.0
100
AcDbArc
50
103.753487498575
51
103.964983026049
0
ARC
5
5B5
330
70
100
AcDbEntity
67
0
8
0
62
256
6
ByLayer
370
-1
48
1.0
60
0
100
AcDbCircle
39
0.0
10
489.957973281806
20
412.639642251165
30
0.0
40
272.466518830982
210
0.0
220
0.0
230
1.0
100
AcDbArc
50
103.542041586661
51
103.753476803688
0
ARC
5
5B6
330
70
100
AcDbEntity
67
0
8
0
62
256
6
ByLayer
370
-1
48
1.0
60
0
100
AcDbCircle
39
0.0
10
489.945791101421
20
412.689944286672
30
0.0
40
272.414762709692
210
0.0
220
0.0
230
1.0
100
AcDbArc
50
103.33064574251
51
103.54202795083
0
ARC
5
5B7
330
70
100
AcDbEntity
67
0
8
0
62
256
6
ByLayer
370
-1
48
1.0
60
0
100
AcDbCircle
39
0.0
10
489.931149852586
20
412.751391497724
30
0.0
40
272.351595315457
210
0.0
220
0.0
230
1.0
100
AcDbArc
50
103.119292627655
51
103.330629153863
0
ARC
5
5B8
330
70
100
AcDbEntity
67
0
8
0
62
256
6
ByLayer
370
-1
48
1.0
60
0
100
AcDbCircle
39
0.0
10
489.914122269547
20
412.824042351685
30
0.0
40
272.276975770237
210
0.0
220
0.0
230
1.0
100
AcDbArc
50
102.907974878216
51
103.11927307437
0
ARC
5
5B9
330
70
100
AcDbEntity
67
0
8
0
62
256
6
ByLayer
370
-1
48
1.0
60
0
100
AcDbCircle
39
0.0
10
489.894782400973
20
412.907951547042
30
0.0
40
272.190866699154
210
0.0
220
0.0
230
1.0
100
AcDbArc
50
102.696685105457
51
102.907952348463
0
ARC
5
5BA
330
70
100
AcDbEntity
67
0
8
0
62
256
6
ByLayer
370
-1
48
1.0
60
0
100
AcDbCircle
39
0.0
10
489.873205135824
20
413.003171897286
30
0.0
40
272.093232285236
210
0.0
220
0.0
230
1.0
100
AcDbArc
50
102.485415894803
51
102.696659587321
0
ARC
5
5BB
330
70
100
AcDbEntity
67
0
8
0
62
256
6
ByLayer
370
-1
48
1.0
60
0
100
AcDbCircle
39
0.0
10
489.849466599159
20
413.109752455749
30
0.0
40
271.984040182815
210
0.0
220
0.0
230
1.0
100
AcDbArc
50
102.274159806481
51
102.485387376375
0
ARC
5
5BC
330
70
100
AcDbEntity
67
0
8
0
62
256
6
ByLayer
370
-1
48
1.0
60
0
100
AcDbCircle
39
0.0
10
489.823643785919
20
413.227739973002
30
0.0
40
271.863260012597
210
0.0
220
0.0
230
1.0
100
AcDbArc
50
102.06290937477
51
102.274128275747
0
ARC
5
5BD
330
70
100
AcDbEntity
67
0
8
0
62
256
6
ByLayer
370
-1
48
1.0
60
0
100
AcDbCircle
39
0.0
10
489.795814721037
20
413.357178029094
30
0.0
40
271.730864240961
210
0.0
220
0.0
230
1.0
100
AcDbArc
50
101.85165710813
51
102.062874819717
0
ARC
5
5BE
330
70
100
AcDbEntity
67
0
8
0
62
256
6
ByLayer
370
-1
48
1.0
60
0
100
AcDbCircle
39
0.0
10
489.766058375113
20
413.498107249221
30
0.0
40
271.586827948864
210
0.0
220
0.0
230
1.0
100
AcDbArc
50
101.640395489008
51
101.851619516726
0
ARC
5
5BF
330
70
100
AcDbEntity
67
0
8
0
62
256
6
ByLayer
370
-1
48
1.0
60
0
100
AcDbCircle
39
0.0
10
489.734454684857
20
413.650565029536
30
0.0
40
271.431129101956
210
0.0
220
0.0
230
1.0
100
AcDbArc
50
101.429116973728
51
101.640354849074
0
ARC
5
5C0
330
70
100
AcDbEntity
67
0
8
0
62
256
6
ByLayer
370
-1
48
1.0
60
0
100
AcDbCircle
39
0.0
10
489.701084343112
20
413.814586383832
30
0.0
40
271.263747676642
210
0.0
220
0.0
230
1.0
100
AcDbArc
50
101.217813991934
51
101.429073273066
0
ARC
5
5C1
330
70
100
AcDbEntity
67
0
8
0
62
256
6
ByLayer
370
-1
48
1.0
60
0
100
AcDbCircle
39
0.0
10
489.666029045889
20
413.990202566923
30
0.0
40
271.084667056192
210
0.0
220
0.0
230
1.0
100
AcDbArc
50
101.006478947024
51
101.21776721837
0
ARC
5
5C2
330
70
100
AcDbEntity
67
0
8
0
62
256
6
ByLayer
370
-1
48
1.0
60
0
100
AcDbCircle
39
0.0
10
489.629371239828
20
414.177442125791
30
0.0
40
270.89387294847
210
0.0
220
0.0
230
1.0
100
AcDbArc
50
100.795104215477
51
101.006429088206
0
ARC
5
5C3
330
70
100
AcDbEntity
67
0
8
0
62
256
6
ByLayer
370
-1
48
1.0
60
0
100
AcDbCircle
39
0.0
10
489.591194157947
20
414.376330554528
30
0.0
40
270.691353729569
210
0.0
220
0.0
230
1.0
100
AcDbArc
50
100.583682146796
51
100.795051259036
0
ARC
5
5C4
330
70
100
AcDbEntity
67
0
8
0
62
256
6
ByLayer
370
-1
48
1.0
60
0
100
AcDbCircle
39
0.0
10
489.55158183465
20
414.586890020715
30
0.0
40
270.477100713605
210
0.0
220
0.0
230
1.0
100
AcDbArc
50
100.372205063445
51
100.583626080307
0
ARC
5
5C5
330
70
100
AcDbEntity
67
0
8
0
62
256
6
ByLayer
370
-1
48
1.0
60
0
100
AcDbCircle
39
0.0
10
489.510618971595
20
414.809139879154
30
0.0
40
270.251107621412
210
0.0
220
0.0
230
1.0
100
AcDbArc
50
100.160665260367
51
100.372145874393
0
ARC
5
5C6
330
70
100
AcDbEntity
67
0
8
0
62
256
6
ByLayer
370
-1
48
1.0
60
0
100
AcDbCircle
39
0.0
10
489.468391015174
20
415.043096064129
30
0.0
40
270.013371190779
210
0.0
220
0.0
230
1.0
100
AcDbArc
50
99.9490550051022
51
100.160602936251
0
ARC
5
5C7
330
70
100
AcDbEntity
67
0
8
0
62
256
6
ByLayer
370
-1
48
1.0
60
0
100
AcDbCircle
39
0.0
10
489.424984062033
20
415.288771389557
30
0.0
40
269.76389086291
210
0.0
220
0.0
230
1.0
100
AcDbArc
50
99.7373665373867
51
99.9489895332727
0
ARC
5
5C8
330
70
100
AcDbEntity
67
0
8
0
62
256
6
ByLayer
370
-1
48
1.0
60
0
100
AcDbCircle
39
0.0
10
489.380484813687
20
415.546175603629
30
0.0
40
269.5026687195
210
0.0
220
0.0
230
1.0
100
AcDbArc
50
99.5255920689213
51
99.7372979051192
0
ARC
5
5C9
330
70
100
AcDbEntity
67
0
8
0
62
256
6
ByLayer
370
-1
48
1.0
60
0
100
AcDbCircle
39
0.0
10
489.334980567637
20
415.81531523262
30
0.0
40
269.22970963403
210
0.0
220
0.0
230
1.0
100
AcDbArc
50
99.3137237832444
51
99.5255202634796
0
ARC
5
5CA
330
70
100
AcDbEntity
67
0
8
0
62
256
6
ByLayer
370
-1
48
1.0
60
0
100
AcDbCircle
39
0.0
10
489.288559191372
20
416.096193506434
30
0.0
40
268.945021339865
210
0.0
220
0.0
230
1.0
100
AcDbArc
50
99.1017538354716
51
99.3136487917667
0
ARC
5
5CB
330
70
100
AcDbEntity
67
0
8
0
62
256
6
ByLayer
370
-1
48
1.0
60
0
100
AcDbCircle
39
0.0
10
489.241309047405
20
416.388810588109
30
0.0
40
268.648614190769
210
0.0
220
0.0
230
1.0
100
AcDbArc
50
98.8896743520568
51
99.1016756450741
0
ARC
5
5CC
330
70
100
AcDbEntity
67
0
8
0
62
256
6
ByLayer
370
-1
48
1.0
60
0
100
AcDbCircle
39
0.0
10
489.193319037514
20
416.693163062123
30
0.0
40
268.340501672401
210
0.0
220
0.0
230
1.0
100
AcDbArc
50
98.677477430707
51
98.8895929496933
0
ARC
5
5CD
330
70
100
AcDbEntity
67
0
8
0
62
256
6
ByLayer
370
-1
48
1.0
60
0
100
AcDbCircle
39
0.0
10
489.144678419117
20
417.009244860609
30
0.0
40
268.020699458229
210
0.0
220
0.0
230
1.0
100
AcDbArc
50
98.4651551397996
51
98.6773928032813
0
ARC
5
5CE
330
70
100
AcDbEntity
67
0
8
0
62
256
6
ByLayer
370
-1
48
1.0
60
0
100
AcDbCircle
39
0.0
10
489.095476931259
20
417.337046225498
30
0.0
40
267.689226454049
210
0.0
220
0.0
230
1.0
100
AcDbArc
50
98.2526995185546
51
98.4650672742129
0
ARC
5
5CF
330
70
100
AcDbEntity
67
0
8
0
62
256
6
ByLayer
370
-1
48
1.0
60
0
100
AcDbCircle
39
0.0
10
489.045804677419
20
417.676554205997
30
0.0
40
267.346104288293
210
0.0
220
0.0
230
1.0
100
AcDbArc
50
98.0401025766158
51
98.2526084015664
0
ARC
5
5D0
330
70
100
AcDbEntity
67
0
8
0
62
256
6
ByLayer
370
-1
48
1.0
60
0
100
AcDbCircle
39
0.0
10
488.995752085336
20
418.027752684758
30
0.0
40
266.991357280172
210
0.0
220
0.0
230
1.0
100
AcDbArc
50
97.8273562938116
51
98.0400081949122
0
ARC
5
5D1
330
70
100
AcDbEntity
67
0
8
0
62
256
6
ByLayer
370
-1
48
1.0
60
0
100
AcDbCircle
39
0.0
10
488.945409874276
20
418.390622351805
30
0.0
40
266.625012460827
210
0.0
220
0.0
230
1.0
100
AcDbArc
50
97.6144526198749
51
97.8272586340172
0
ARC
5
5D2
330
70
100
AcDbEntity
67
0
8
0
62
256
6
ByLayer
370
-1
48
1.0
60
0
100
AcDbCircle
39
0.0
10
488.894869058298
20
418.765140406039
30
0.0
40
266.247099869543
210
0.0
220
0.0
230
1.0
100
AcDbArc
50
97.4013834744119
51
97.6143516685771
0
ARC
5
5D3
330
70
100
AcDbEntity
67
0
8
0
62
256
6
ByLayer
370
-1
48
1.0
60
0
100
AcDbCircle
39
0.0
10
488.84422086317
20
419.151280871919
30
0.0
40
265.857652229039
210
0.0
220
0.0
230
1.0
100
AcDbArc
50
97.1881407464461
51
97.4012792180176
0
ARC
5
5D4
330
70
100
AcDbEntity
67
0
8
0
62
256
6
ByLayer
370
-1
48
1.0
60
0
100
AcDbCircle
39
0.0
10
488.793556691692
20
419.549014590535
30
0.0
40
265.456704950195
210
0.0
220
0.0
230
1.0
100
AcDbArc
50
96.9747162942565
51
97.1880331713264
0
ARC
5
5D5
330
70
100
AcDbEntity
67
0
8
0
62
256
6
ByLayer
370
-1
48
1.0
60
0
100
AcDbCircle
39
0.0
10
488.742968100713
20
419.958309106994
30
0.0
40
265.044296241371
210
0.0
220
0.0
230
1.0
100
AcDbArc
50
96.7611019451355
51
96.9746053867207
0
ARC
5
5D6
330
70
100
AcDbEntity
67
0
8
0
62
256
6
ByLayer
370
-1
48
1.0
60
0
100
AcDbCircle
39
0.0
10
488.692546772507
20
420.379128587478
30
0.0
40
264.62046718786
210
0.0
220
0.0
230
1.0
100
AcDbArc
50
96.5472894952265
51
96.7609876914151
0
ARC
5
5D7
330
70
100
AcDbEntity
67
0
8
0
62
256
6
ByLayer
370
-1
48
1.0
60
0
100
AcDbCircle
39
0.0
10
488.642384445983
20
420.811434072263
30
0.0
40
264.185261493277
210
0.0
220
0.0
230
1.0
100
AcDbArc
50
96.3332707091591
51
96.5471718814595
0
ARC
5
5D8
330
70
100
AcDbEntity
67
0
8
0
62
256
6
ByLayer
370
-1
48
1.0
60
0
100
AcDbCircle
39
0.0
10
488.679398013139
20
420.475803757136
30
0.0
40
264.522926500151
210
0.0
220
0.0
230
1.0
100
AcDbArc
50
96.1197422998574
51
96.3332195487146
0
ARC
5
5D9
330
70
100
AcDbEntity
67
0
8
0
62
256
6
ByLayer
370
-1
48
1.0
60
0
100
AcDbCircle
39
0.0
10
488.715979078025
20
420.139891048385
30
0.0
40
264.860824719591
210
0.0
220
0.0
230
1.0
100
AcDbArc
50
95.9068119577768
51
96.1198638869561
0
ARC
5
5DA
330
70
100
AcDbEntity
67
0
8
0
62
256
6
ByLayer
370
-1
48
1.0
60
0
100
AcDbCircle
39
0.0
10
488.723151123743
20
420.071386503803
30
0.0
40
264.929703626345
210
0.0
220
0.0
230
1.0
100
AcDbArc
50
95.693988357072
51
95.9068301478658
0
ARC
5
5DB
330
70
100
AcDbEntity
67
0
8
0
62
256
6
ByLayer
370
-1
48
1.0
60
0
100
AcDbCircle
39
0.0
10
488.728860149074
20
420.014825330534
30
0.0
40
264.986552148887
210
0.0
220
0.0
230
1.0
100
AcDbArc
50
95.4813637106371
51
95.6940033024284
0
ARC
5
5DC
330
70
100
AcDbEntity
67
0
8
0
62
256
6
ByLayer
370
-1
48
1.0
60
0
100
AcDbCircle
39
0.0
10
488.733183787076
20
419.970334531056
30
0.0
40
265.031252508687
210
0.0
220
0.0
230
1.0
100
AcDbArc
50
95.2689300093041
51
95.4813753885442
0
ARC
5
5DD
330
70
100
AcDbEntity
67
0
8
0
62
256
6
ByLayer
370
-1
48
1.0
60
0
100
AcDbCircle
39
0.0
10
488.736201152289
20
419.93803798109
30
0.0
40
265.063689680682
210
0.0
220
0.0
230
1.0
100
AcDbArc
50
95.0566791969423
51
95.2689383970339
0
ARC
5
5DE
330
70
100
AcDbEntity
67
0
8
0
62
256
6
ByLayer
370
-1
48
1.0
60
0
100
AcDbCircle
39
0.0
10
488.737992744188
20
419.918057073183
30
0.0
40
265.083750735768
210
0.0
220
0.0
230
1.0
100
AcDbArc
50
94.8446031698263
51
95.0566842715989
0
ARC
5
5DF
330
70
100
AcDbEntity
67
0
8
0
62
256
6
ByLayer
370
-1
48
1.0
60
0
100
AcDbCircle
39
0.0
10
488.738640460425
20
419.910510226735
30
0.0
40
265.091325322417
210
0.0
220
0.0
230
1.0
100
AcDbArc
50
94.6326937765968
51
94.8446049084606
0
ARC
5
5E0
330
70
100
AcDbEntity
67
0
8
0
62
256
6
ByLayer
370
-1
48
1.0
60
0
100
AcDbCircle
39
0.0
10
488.738227544151
20
419.915513092762
30
0.0
40
265.086305450694
210
0.0
220
0.0
230
1.0
100
AcDbArc
50
94.4209428177849
51
94.6326921561214
0
ARC
5
5E1
330
70
100
AcDbEntity
67
0
8
0
62
256
6
ByLayer
370
-1
48
1.0
60
0
100
AcDbCircle
39
0.0
10
488.736838583686
20
419.933178143445
30
0.0
40
265.068585893953
210
0.0
220
0.0
230
1.0
100
AcDbArc
50
94.2093420457084
51
94.4209378150039
0
ARC
5
5E2
330
70
100
AcDbEntity
67
0
8
0
62
256
6
ByLayer
370
-1
48
1.0
60
0
100
AcDbCircle
39
0.0
10
488.734559439767
20
419.963615144051
30
0.0
40
265.038063705469
210
0.0
220
0.0
230
1.0
100
AcDbArc
50
93.9978831638617
51
94.2093336372901
0
ARC
5
5E3
330
70
100
AcDbEntity
67
0
8
0
62
256
6
ByLayer
370
-1
48
1.0
60
0
100
AcDbCircle
39
0.0
10
488.73147726442
20
420.006930446528
30
0.0
40
264.994638917207
210
0.0
220
0.0
230
1.0
100
AcDbArc
50
93.7865578268196
51
93.9978713263306
0
ARC
5
5E4
330
70
100
AcDbEntity
67
0
8
0
62
256
6
ByLayer
370
-1
48
1.0
60
0
100
AcDbCircle
39
0.0
10
488.727680431269
20
420.063227427482
30
0.0
40
264.938214091052
210
0.0
220
0.0
230
1.0
100
AcDbArc
50
93.5753576396916
51
93.786542536519
0
ARC
5
5E5
330
70
100
AcDbEntity
67
0
8
0
62
256
6
ByLayer
370
-1
48
1.0
60
0
100
AcDbCircle
39
0.0
10
488.723258509338
20
420.132606372292
30
0.0
40
264.868694425864
210
0.0
220
0.0
230
1.0
100
AcDbArc
50
93.364274157682
51
93.5753388728289
0
ARC
5
5E6
330
70
100
AcDbEntity
67
0
8
0
62
256
6
ByLayer
370
-1
48
1.0
60
0
100
AcDbCircle
39
0.0
10
488.718302252205
20
420.215164064606
30
0.0
40
264.785988159765
210
0.0
220
0.0
230
1.0
100
AcDbArc
50
93.1532988858602
51
93.3642518903259
0
ARC
5
5E7
330
70
100
AcDbEntity
67
0
8
0
62
256
6
ByLayer
370
-1
48
1.0
60
0
100
AcDbCircle
39
0.0
10
488.71290353984
20
420.310994099252
30
0.0
40
264.690006247754
210
0.0
220
0.0
230
1.0
100
AcDbArc
50
92.9424232785621
51
93.1532730938857
0
ARC
5
5E8
330
70
100
AcDbEntity
67
0
8
0
62
256
6
ByLayer
370
-1
48
1.0
60
0
100
AcDbCircle
39
0.0
10
488.707155359192
20
420.420186564885
30
0.0
40
264.58066267105
210
0.0
220
0.0
230
1.0
100
AcDbArc
50
92.7316387390159
51
92.9423939376352
0
ARC
5
5E9
330
70
100
AcDbEntity
67
0
8
0
62
256
6
ByLayer
370
-1
48
1.0
60
0
100
AcDbCircle
39
0.0
10
488.701151757423
20
420.542828184523
30
0.0
40
264.457874288006
210
0.0
220
0.0
230
1.0
100
AcDbArc
50
92.5209366187904
51
92.7316058245791
0
ARC
5
5EA
330
70
100
AcDbEntity
67
0
8
0
62
256
6
ByLayer
370
-1
48
1.0
60
0
100
AcDbCircle
39
0.0
10
488.69498780961
20
420.67900219888
30
0.0
40
264.321560942911
210
0.0
220
0.0
230
1.0
100
AcDbArc
50
92.3103082173106
51
92.5209001060886
0
ARC
5
5EB
330
70
100
AcDbEntity
67
0
8
0
62
256
6
ByLayer
370
-1
48
1.0
60
0
100
AcDbCircle
39
0.0
10
488.688759583251
20
420.828788283425
30
0.0
40
264.171645541225
210
0.0
220
0.0
230
1.0
100
AcDbArc
50
92.0997447813711
51
92.310268081414
0
ARC
5
5EC
330
70
100
AcDbEntity
67
0
8
0
62
256
6
ByLayer
370
-1
48
1.0
60
0
100
AcDbCircle
39
0.0
10
488.682564100021
20
420.992262501518
30
0.0
40
264.008054088925
210
0.0
220
0.0
230
1.0
100
AcDbArc
50
91.8892375045716
51
92.0997009971466
0
ARC
5
5ED
330
70
100
AcDbEntity
67
0
8
0
62
256
6
ByLayer
370
-1
48
1.0
60
0
100
AcDbCircle
39
0.0
10
488.676499303668
20
421.169497045498
30
0.0
40
263.830715944278
210
0.0
220
0.0
230
1.0
100
AcDbArc
50
91.6787775268277
51
91.8891900465872
0
ARC
5
5EE
330
70
100
AcDbEntity
67
0
8
0
62
256
6
ByLayer
370
-1
48
1.0
60
0
100
AcDbCircle
39
0.0
10
488.670664005995
20
421.360560599662
30
0.0
40
263.639563447621
210
0.0
220
0.0
230
1.0
100
AcDbArc
50
91.4683559336958
51
91.6787263694225
0
ARC
5
5EF
330
70
100
AcDbEntity
67
0
8
0
62
256
6
ByLayer
370
-1
48
1.0
60
0
100
AcDbCircle
39
0.0
10
488.665157852626
20
421.565518192307
30
0.0
40
263.434532062748
210
0.0
220
0.0
230
1.0
100
AcDbArc
50
91.2579637556941
51
91.4683010509903
0
ARC
5
5F0
330
70
100
AcDbEntity
67
0
8
0
62
256
6
ByLayer
370
-1
48
1.0
60
0
100
AcDbCircle
39
0.0
10
488.660081297114
20
421.784430549544
30
0.0
40
263.215561016832
210
0.0
220
0.0
230
1.0
100
AcDbArc
50
91.047591968041
51
91.2579051215631
0
ARC
5
5F1
330
70
100
AcDbEntity
67
0
8
0
62
256
6
ByLayer
370
-1
48
1.0
60
0
100
AcDbCircle
39
0.0
10
488.655535536798
20
422.017354883773
30
0.0
40
262.982592505489
210
0.0
220
0.0
230
1.0
100
AcDbArc
50
90.8372314896179
51
91.0475295559992
0
ARC
5
5F2
330
70
100
AcDbEntity
67
0
8
0
62
256
6
ByLayer
370
-1
48
1.0
60
0
100
AcDbCircle
39
0.0
10
488.65817586109
20
421.917356652276
30
0.0
40
263.082618644051
210
0.0
220
0.0
230
1.0
100
AcDbArc
50
90.627453955836
51
90.8374882325351
0
ARC
5
5F3
330
70
100
AcDbEntity
67
0
8
0
62
256
6
ByLayer
370
-1
48
1.0
60
0
100
AcDbCircle
39
0.0
10
488.68985761059
20
419.389411153779
30
0.0
40
265.610759533408
210
0.0
220
0.0
230
1.0
100
AcDbArc
50
90.420367592481
51
90.6283160594208
0
ARC
5
5F4
330
70
100
AcDbEntity
67
0
8
0
62
256
6
ByLayer
370
-1
48
1.0
60
0
100
AcDbCircle
39
0.0
10
488.68286366135
20
420.209162439905
30
0.0
40
264.790978999295
210
0.0
220
0.0
230
1.0
100
AcDbArc
50
90.2116161607923
51
90.4201556547269
0
ARC
5
5F5
330
70
100
AcDbEntity
67
0
8
0
62
256
6
ByLayer
370
-1
48
1.0
60
0
100
AcDbCircle
39
0.0
10
488.679465613968
20
420.90420803969
30
0.0
40
264.095925591123
210
0.0
220
0.0
230
1.0
100
AcDbArc
50
90.0023758333178
51
90.2114358857709
0
ARC
5
5F6
330
70
100
AcDbEntity
67
0
8
0
62
256
6
ByLayer
370
-1
48
1.0
60
0
100
AcDbCircle
39
0.0
10
488.678759327727
20
421.475569461804
30
0.0
40
263.524564141103
210
0.0
220
0.0
230
1.0
100
AcDbArc
50
89.7927152386366
51
90.002224921612
0
ARC
5
5F7
330
70
100
AcDbEntity
67
0
8
0
62
256
6
ByLayer
370
-1
48
1.0
60
0
100
AcDbCircle
39
0.0
10
488.679847663159
20
421.92410852763
30
0.0
40
263.076024073793
210
0.0
220
0.0
230
1.0
100
AcDbArc
50
89.5827108431013
51
89.79259885216
0
ARC
5
5F8
330
70
100
AcDbEntity
67
0
8
0
62
256
6
ByLayer
370
-1
48
1.0
60
0
100
AcDbCircle
39
0.0
10
488.681839016492
20
422.250570388478
30
0.0
40
262.749556368429
210
0.0
220
0.0
230
1.0
100
AcDbArc
50
89.3724318561412
51
89.5826266006189
0
ARC
5
5F9
330
70
100
AcDbEntity
67
0
8
0
62
256
6
ByLayer
370
-1
48
1.0
60
0
100
AcDbCircle
39
0.0
10
488.683845974433
20
422.455557641925
30
0.0
40
262.544559429205
210
0.0
220
0.0
230
1.0
100
AcDbArc
50
89.1619501466784
51
89.372379836111
0
ARC
5
5FA
330
70
100
AcDbEntity
67
0
8
0
62
256
6
ByLayer
370
-1
48
1.0
60
0
100
AcDbCircle
39
0.0
10
488.684983899107
20
422.539538495982
30
0.0
40
262.460570914964
210
0.0
220
0.0
230
1.0
100
AcDbArc
50
88.9513376547442
51
89.1619303862784
0
ARC
5
5FB
330
70
100
AcDbEntity
67
0
8
0
62
256
6
ByLayer
370
-1
48
1.0
60
0
100
AcDbCircle
39
0.0
10
488.684369568598
20
422.502849175205
30
0.0
40
262.497265333946
210
0.0
220
0.0
230
1.0
100
AcDbArc
50
88.7406663030752
51
88.9513501497737
0
ARC
5
5FC
330
70
100
AcDbEntity
67
0
8
0
62
256
6
ByLayer
370
-1
48
1.0
60
0
100
AcDbCircle
39
0.0
10
488.68111981499
20
422.345694577881
30
0.0
40
262.654453394514
210
0.0
220
0.0
230
1.0
100
AcDbArc
50
88.5300079094249
51
88.7407110080216
0
ARC
5
5FD
330
70
100
AcDbEntity
67
0
8
0
62
256
6
ByLayer
370
-1
48
1.0
60
0
100
AcDbCircle
39
0.0
10
488.674350186326
20
422.068149641818
30
0.0
40
262.932080654043
210
0.0
220
0.0
230
1.0
100
AcDbArc
50
88.3194340990067
51
88.5300847376347
0
ARC
5
5FE
330
70
100
AcDbEntity
67
0
8
0
62
256
6
ByLayer
370
-1
48
1.0
60
0
100
AcDbCircle
39
0.0
10
488.663173603561
20
421.67015982672
30
0.0
40
263.330227058209
210
0.0
220
0.0
230
1.0
100
AcDbArc
50
88.1090162178199
51
88.3195429229559
0
ARC
5
5FF
330
70
100
AcDbEntity
67
0
8
0
62
256
6
ByLayer
370
-1
48
1.0
60
0
100
AcDbCircle
39
0.0
10
488.646699045535
20
421.151542221064
30
0.0
40
263.849105862228
210
0.0
220
0.0
230
1.0
100
AcDbArc
50
87.8988252465329
51
88.1091568696091
0
ARC
5
600
330
70
100
AcDbEntity
67
0
8
0
62
256
6
ByLayer
370
-1
48
1.0
60
0
100
AcDbCircle
39
0.0
10
488.624030189156
20
420.511984884611
30
0.0
40
264.489064323989
210
0.0
220
0.0
230
1.0
100
AcDbArc
50
87.6889317161582
51
87.8989975183824
0
ARC
5
601
330
70
100
AcDbEntity
67
0
8
0
62
256
6
ByLayer
370
-1
48
1.0
60
0
100
AcDbCircle
39
0.0
10
488.594264109087
20
419.751047922045
30
0.0
40
265.250582671932
210
0.0
220
0.0
230
1.0
100
AcDbArc
50
87.4794056241814
51
87.689135360906
0
ARC
5
602
330
70
100
AcDbEntity
67
0
8
0
62
256
6
ByLayer
370
-1
48
1.0
60
0
100
AcDbCircle
39
0.0
10
488.512754747446
20
417.950693998685
30
0.0
40
267.052779381688
210
0.0
220
0.0
230
1.0
100
AcDbArc
50
87.2703252233754
51
87.4789221032986
0
ARC
5
603
330
70
100
AcDbEntity
67
0
8
0
62
256
6
ByLayer
370
-1
48
1.0
60
0
100
AcDbCircle
39
0.0
10
488.88813213045
20
426.006340214535
30
0.0
40
258.988396808564
210
0.0
220
0.0
230
1.0
100
AcDbArc
50
87.0530982291273
51
87.2684029720482
0
ARC
5
604
330
70
100
AcDbEntity
67
0
8
0
62
256
6
ByLayer
370
-1
48
1.0
60
0
100
AcDbCircle
39
0.0
10
488.859873767692
20
425.443704732014
30
0.0
40
259.551741042771
210
0.0
220
0.0
230
1.0
100
AcDbArc
50
86.8382333393161
51
87.0532537153614
0
ARC
5
605
330
70
100
AcDbEntity
67
0
8
0
62
256
6
ByLayer
370
-1
48
1.0
60
0
100
AcDbCircle
39
0.0
10
488.830119659648
20
424.89256987563
30
0.0
40
260.103678052708
210
0.0
220
0.0
230
1.0
100
AcDbArc
50
86.6236402137059
51
86.8383851471227
0
ARC
5
606
330
70
100
AcDbEntity
67
0
8
0
62
256
6
ByLayer
370
-1
48
1.0
60
0
100
AcDbCircle
39
0.0
10
488.798962201782
20
424.353006517602
30
0.0
40
260.644139847156
210
0.0
220
0.0
230
1.0
100
AcDbArc
50
86.4093099866602
51
86.6237883609653
0
ARC
5
607
330
70
100
AcDbEntity
67
0
8
0
62
256
6
ByLayer
370
-1
48
1.0
60
0
100
AcDbCircle
39
0.0
10
488.766494144591
20
423.825082358975
30
0.0
40
261.173061069073
210
0.0
220
0.0
230
1.0
100
AcDbArc
50
86.1952338326034
51
86.4094544911084
0
ARC
5
608
330
70
100
AcDbEntity
67
0
8
0
62
256
6
ByLayer
370
-1
48
1.0
60
0
100
AcDbCircle
39
0.0
10
488.732808535094
20
423.308861596003
30
0.0
40
261.690379330114
210
0.0
220
0.0
230
1.0
100
AcDbArc
50
85.981402965785
51
86.1953747118585
0
ARC
5
609
330
70
100
AcDbEntity
67
0
8
0
62
256
6
ByLayer
370
-1
48
1.0
60
0
100
AcDbCircle
39
0.0
10
488.697998685626
20
422.804405063571
30
0.0
40
262.196035067631
210
0.0
220
0.0
230
1.0
100
AcDbArc
50
85.7678086398868
51
85.9815402373474
0
ARC
5
60A
330
70
100
AcDbEntity
67
0
8
0
62
256
6
ByLayer
370
-1
48
1.0
60
0
100
AcDbCircle
39
0.0
10
488.66215812808
20
422.311770141369
30
0.0
40
262.689971639667
210
0.0
220
0.0
230
1.0
100
AcDbArc
50
85.5544421477303
51
85.7679423211728
0
ARC
5
60B
330
70
100
AcDbEntity
67
0
8
0
62
256
6
ByLayer
370
-1
48
1.0
60
0
100
AcDbCircle
39
0.0
10
488.625380558871
20
421.83101056939
30
0.0
40
263.172135511351
210
0.0
220
0.0
230
1.0
100
AcDbArc
50
85.3412948209914
51
85.5545722559721
0
ARC
5
60C
330
70
100
AcDbEntity
67
0
8
0
62
256
6
ByLayer
370
-1
48
1.0
60
0
100
AcDbCircle
39
0.0
10
488.587759845725
20
421.362177055579
30
0.0
40
263.642475647036
210
0.0
220
0.0
230
1.0
100
AcDbArc
50
85.1283580295409
51
85.3414213732652
0
ARC
5
60D
330
70
100
AcDbEntity
67
0
8
0
62
256
6
ByLayer
370
-1
48
1.0
60
0
100
AcDbCircle
39
0.0
10
488.54938991895
20
420.905316387873
30
0.0
40
264.100944402811
210
0.0
220
0.0
230
1.0
100
AcDbArc
50
84.9156231816039
51
85.1284810428971
0
ARC
5
60E
330
70
100
AcDbEntity
67
0
8
0
62
256
6
ByLayer
370
-1
48
1.0
60
0
100
AcDbCircle
39
0.0
10
488.510364794385
20
420.460472229796
30
0.0
40
264.547496730589
210
0.0
220
0.0
230
1.0
100
AcDbArc
50
84.7030817229178
51
84.9157426728469
0
ARC
5
60F
330
70
100
AcDbEntity
67
0
8
0
62
256
6
ByLayer
370
-1
48
1.0
60
0
100
AcDbCircle
39
0.0
10
488.470778498517
20
420.027684677791
30
0.0
40
264.982090624615
210
0.0
220
0.0
230
1.0
100
AcDbArc
50
84.4907251366815
51
84.7031977088203
0
ARC
5
610
330
70
100
AcDbEntity
67
0
8
0
62
256
6
ByLayer
370
-1
48
1.0
60
0
100
AcDbCircle
39
0.0
10
488.430725014037
20
419.606990132223
30
0.0
40
265.404687254001
210
0.0
220
0.0
230
1.0
100
AcDbArc
50
84.2785449432555
51
84.4908376338476
0
ARC
5
611
330
70
100
AcDbEntity
67
0
8
0
62
256
6
ByLayer
370
-1
48
1.0
60
0
100
AcDbCircle
39
0.0
10
488.390298309392
20
419.19842202249
30
0.0
40
265.815250237349
210
0.0
220
0.0
230
1.0
100
AcDbArc
50
84.0665326994454
51
84.2786539681513
0
ARC
5
612
330
70
100
AcDbEntity
67
0
8
0
62
256
6
ByLayer
370
-1
48
1.0
60
0
100
AcDbCircle
39
0.0
10
488.349592190471
20
418.802009687404
30
0.0
40
266.213746770947
210
0.0
220
0.0
230
1.0
100
AcDbArc
50
83.8546799987381
51
84.0666382684801
0
ARC
5
613
330
70
100
AcDbEntity
67
0
8
0
62
256
6
ByLayer
370
-1
48
1.0
60
0
100
AcDbCircle
39
0.0
10
488.308700370822
20
418.41777949029
30
0.0
40
266.600146511874
210
0.0
220
0.0
230
1.0
100
AcDbArc
50
83.6429784703931
51
83.8547821280928
0
ARC
5
614
330
70
100
AcDbEntity
67
0
8
0
62
256
6
ByLayer
370
-1
48
1.0
60
0
100
AcDbCircle
39
0.0
10
488.267716349651
20
418.045754007279
30
0.0
40
266.974422397771
210
0.0
220
0.0
230
1.0
100
AcDbArc
50
83.4314197795248
51
83.6430771761855
0
ARC
5
615
330
70
100
AcDbEntity
67
0
8
0
62
256
6
ByLayer
370
-1
48
1.0
60
0
100
AcDbCircle
39
0.0
10
488.226733442889
20
417.685952684444
30
0.0
40
267.336549990082
210
0.0
220
0.0
230
1.0
100
AcDbArc
50
83.219995626471
51
83.4315150777792
0
ARC
5
616
330
70
100
AcDbEntity
67
0
8
0
62
256
6
ByLayer
370
-1
48
1.0
60
0
100
AcDbCircle
39
0.0
10
488.185844642529
20
417.338390948905
30
0.0
40
267.686508373139
210
0.0
220
0.0
230
1.0
100
AcDbArc
50
83.0086977468335
51
83.2200875330443
0
ARC
5
617
330
70
100
AcDbEntity
67
0
8
0
62
256
6
ByLayer
370
-1
48
1.0
60
0
100
AcDbCircle
39
0.0
10
488.145142707953
20
417.003081345332
30
0.0
40
268.024279014896
210
0.0
220
0.0
230
1.0
100
AcDbArc
50
82.7975179106749
51
83.0087862773954
0
ARC
5
618
330
70
100
AcDbEntity
67
0
8
0
62
256
6
ByLayer
370
-1
48
1.0
60
0
100
AcDbCircle
39
0.0
10
488.104720039885
20
416.680032776263
30
0.0
40
268.349846536527
210
0.0
220
0.0
230
1.0
100
AcDbArc
50
82.5864479225479
51
82.797603080904
0
ARC
5
619
330
70
100
AcDbEntity
67
0
8
0
62
256
6
ByLayer
370
-1
48
1.0
60
0
100
AcDbCircle
39
0.0
10
488.064668646733
20
416.369250574563
30
0.0
40
268.663198645097
210
0.0
220
0.0
230
1.0
100
AcDbArc
50
82.3754796211288
51
82.5865297479795
0
ARC
5
61A
330
70
100
AcDbEntity
67
0
8
0
62
256
6
ByLayer
370
-1
48
1.0
60
0
100
AcDbCircle
39
0.0
10
488.025080128045
20
416.070736690421
30
0.0
40
268.964325950748
210
0.0
220
0.0
230
1.0
100
AcDbArc
50
82.1646048788191
51
82.3755581171071
0
ARC
5
61B
330
70
100
AcDbEntity
67
0
8
0
62
256
6
ByLayer
370
-1
48
1.0
60
0
100
AcDbCircle
39
0.0
10
487.986045663394
20
415.784489886854
30
0.0
40
269.253221775038
210
0.0
220
0.0
230
1.0
100
AcDbArc
50
81.9538156013784
51
82.1646800606206
0
ARC
5
61C
330
70
100
AcDbEntity
67
0
8
0
62
256
6
ByLayer
370
-1
48
1.0
60
0
100
AcDbCircle
39
0.0
10
487.94765589853
20
415.510505187804
30
0.0
40
269.52988271397
210
0.0
220
0.0
230
1.0
100
AcDbArc
50
81.7431037278688
51
81.9538874841954
0
ARC
5
61D
330
70
100
AcDbEntity
67
0
8
0
62
256
6
ByLayer
370
-1
48
1.0
60
0
100
AcDbCircle
39
0.0
10
487.910000974089
20
415.248774384071
30
0.0
40
269.794308133927
210
0.0
220
0.0
230
1.0
100
AcDbArc
50
81.532461230108
51
81.7431723266853
0
ARC
5
61E
330
70
100
AcDbEntity
67
0
8
0
62
256
6
ByLayer
370
-1
48
1.0
60
0
100
AcDbCircle
39
0.0
10
487.873170491635
20
414.99928604602
30
0.0
40
270.046500165006
210
0.0
220
0.0
230
1.0
100
AcDbArc
50
81.3218801124191
51
81.5325265598641
0
ARC
5
61F
330
70
100
AcDbEntity
67
0
8
0
62
256
6
ByLayer
370
-1
48
1.0
60
0
100
AcDbCircle
39
0.0
10
487.837253430339
20
414.762025218046
30
0.0
40
270.286464016673
210
0.0
220
0.0
230
1.0
100
AcDbArc
50
81.1113524114459
51
81.321942187981
0
ARC
5
620
330
70
100
AcDbEntity
67
0
8
0
62
256
6
ByLayer
370
-1
48
1.0
60
0
100
AcDbCircle
39
0.0
10
487.802338138171
20
414.536973627795
30
0.0
40
270.514207773561
210
0.0
220
0.0
230
1.0
100
AcDbArc
50
80.9008701958003
51
81.1114112475525
0
ARC
5
621
330
70
100
AcDbEntity
67
0
8
0
62
256
6
ByLayer
370
-1
48
1.0
60
0
100
AcDbCircle
39
0.0
10
487.768512275692
20
414.324109574285
30
0.0
40
270.729742516134
210
0.0
220
0.0
230
1.0
100
AcDbArc
50
80.6904255658653
51
80.9009258070568
0
ARC
5
622
330
70
100
AcDbEntity
67
0
8
0
62
256
6
ByLayer
370
-1
48
1.0
60
0
100
AcDbCircle
39
0.0
10
487.735862858177
20
414.123408428776
30
0.0
40
270.933081821042
210
0.0
220
0.0
230
1.0
100
AcDbArc
50
80.4800106532578
51
80.6904779667674
0
ARC
5
623
330
70
100
AcDbEntity
67
0
8
0
62
256
6
ByLayer
370
-1
48
1.0
60
0
100
AcDbCircle
39
0.0
10
487.704476098521
20
413.934841891001
30
0.0
40
271.12424252222
210
0.0
220
0.0
230
1.0
100
AcDbArc
50
80.2696176209488
51
80.4800598582648
0
ARC
5
624
330
70
100
AcDbEntity
67
0
8
0
62
256
6
ByLayer
370
-1
48
1.0
60
0
100
AcDbCircle
39
0.0
10
487.67443748645
20
413.758378710632
30
0.0
40
271.303243988079
210
0.0
220
0.0
230
1.0
100
AcDbArc
50
80.0592386626824
51
80.2696636443982
0
ARC
5
625
330
70
100
AcDbEntity
67
0
8
0
62
256
6
ByLayer
370
-1
48
1.0
60
0
100
AcDbCircle
39
0.0
10
487.645831656333
20
413.593984122936
30
0.0
40
271.470108702069
210
0.0
220
0.0
230
1.0
100
AcDbArc
50
79.8488660029767
51
80.0592815188158
0
ARC
5
626
330
70
100
AcDbEntity
67
0
8
0
62
256
6
ByLayer
370
-1
48
1.0
60
0
100
AcDbCircle
39
0.0
10
487.618742467954
20
413.441620535369
30
0.0
40
271.624861574534
210
0.0
220
0.0
230
1.0
100
AcDbArc
50
79.6384918965754
51
79.8489057059304
0
ARC
5
627
330
70
100
AcDbEntity
67
0
8
0
62
256
6
ByLayer
370
-1
48
1.0
60
0
100
AcDbCircle
39
0.0
10
487.593252831592
20
413.301246743773
30
0.0
40
271.767530747329
210
0.0
220
0.0
230
1.0
100
AcDbArc
50
79.428108628625
51
79.6385284604506
0
ARC
5
628
330
70
100
AcDbEntity
67
0
8
0
62
256
6
ByLayer
370
-1
48
1.0
60
0
100
AcDbCircle
39
0.0
10
487.569444841901
20
413.172818888759
30
0.0
40
271.898146631311
210
0.0
220
0.0
230
1.0
100
AcDbArc
50
79.2177085139362
51
79.4281420673667
0
ARC
5
629
330
70
100
AcDbEntity
67
0
8
0
62
256
6
ByLayer
370
-1
48
1.0
60
0
100
AcDbCircle
39
0.0
10
487.547399591907
20
413.056289630674
30
0.0
40
272.016742753992
210
0.0
220
0.0
230
1.0
100
AcDbArc
50
79.007283897229
51
79.2177388415148
0
ARC
5
62A
330
70
100
AcDbEntity
67
0
8
0
62
256
6
ByLayer
370
-1
48
1.0
60
0
100
AcDbCircle
39
0.0
10
487.527197221413
20
412.951608622002
30
0.0
40
272.123355289047
210
0.0
220
0.0
230
1.0
100
AcDbArc
50
78.7968271526825
51
79.0073111274676
0
ARC
5
62B
330
70
100
AcDbEntity
67
0
8
0
62
256
6
ByLayer
370
-1
48
1.0
60
0
100
AcDbCircle
39
0.0
10
487.508916892387
20
412.858722561345
30
0.0
40
272.218023010774
210
0.0
220
0.0
230
1.0
100
AcDbArc
50
78.5863306837104
51
78.7968512993202
0
ARC
5
62C
330
70
100
AcDbEntity
67
0
8
0
62
256
6
ByLayer
370
-1
48
1.0
60
0
100
AcDbCircle
39
0.0
10
487.49263672844
20
412.777575066447
30
0.0
40
272.300787433298
210
0.0
220
0.0
230
1.0
100
AcDbArc
50
78.3757869228371
51
78.586351760432
0
ARC
5
62D
330
70
100
AcDbEntity
67
0
8
0
62
256
6
ByLayer
370
-1
48
1.0
60
0
100
AcDbCircle
39
0.0
10
487.478433821757
20
412.708106887772
30
0.0
40
272.371692602855
210
0.0
220
0.0
230
1.0
100
AcDbArc
50
78.1651883314601
51
78.3758049433236
0
ARC
5
62E
330
70
100
AcDbEntity
67
0
8
0
62
256
6
ByLayer
370
-1
48
1.0
60
0
100
AcDbCircle
39
0.0
10
487.466384106312
20
412.650255469811
30
0.0
40
272.430785556172
210
0.0
220
0.0
230
1.0
100
AcDbArc
50
77.9545273998197
51
78.1652033092645
0
ARC
5
62F
330
70
100
AcDbEntity
67
0
8
0
62
256
6
ByLayer
370
-1
48
1.0
60
0
100
AcDbCircle
39
0.0
10
487.456562521096
20
412.603955907904
30
0.0
40
272.47811535377
210
0.0
220
0.0
230
1.0
100
AcDbArc
50
77.7437966464451
51
77.9545393484383
0
ARC
5
630
330
70
100
AcDbEntity
67
0
8
0
62
256
6
ByLayer
370
-1
48
1.0
60
0
100
AcDbCircle
39
0.0
10
487.449042738821
20
412.569139821555
30
0.0
40
272.513734241865
210
0.0
220
0.0
230
1.0
100
AcDbArc
50
77.5329886185286
51
77.7438055793893
0
ARC
5
631
330
70
100
AcDbEntity
67
0
8
0
62
256
6
ByLayer
370
-1
48
1.0
60
0
100
AcDbCircle
39
0.0
10
487.443897337708
20
412.545736336834
30
0.0
40
272.537696659396
210
0.0
220
0.0
230
1.0
100
AcDbArc
50
77.322095891309
51
77.5329945491438
0
ARC
5
632
330
70
100
AcDbEntity
67
0
8
0
62
256
6
ByLayer
370
-1
48
1.0
60
0
100
AcDbCircle
39
0.0
10
487.441197724862
20
412.533671872912
30
0.0
40
272.550059466661
210
0.0
220
0.0
230
1.0
100
AcDbArc
50
77.1111110680746
51
77.3220988330064
0
ARC
5
633
330
70
100
AcDbEntity
67
0
8
0
62
256
6
ByLayer
370
-1
48
1.0
60
0
100
AcDbCircle
39
0.0
10
487.441014015816
20
412.532869763538
30
0.0
40
272.550882344802
210
0.0
220
0.0
230
1.0
100
AcDbArc
50
76.9000267801706
51
77.1111110342259
0
ARC
5
634
330
70
100
AcDbEntity
67
0
8
0
62
256
6
ByLayer
370
-1
48
1.0
60
0
100
AcDbCircle
39
0.0
10
487.443415112702
20
412.543250763743
30
0.0
40
272.540227288331
210
0.0
220
0.0
230
1.0
100
AcDbArc
50
76.6888356867121
51
76.9000237840696
0
ARC
5
635
330
70
100
AcDbEntity
67
0
8
0
62
256
6
ByLayer
370
-1
48
1.0
60
0
100
AcDbCircle
39
0.0
10
487.448468652105
20
412.564732964371
30
0.0
40
272.51815870422
210
0.0
220
0.0
230
1.0
100
AcDbArc
50
76.4775304744683
51
76.6888297415975
0
ARC
5
636
330
70
100
AcDbEntity
67
0
8
0
62
256
6
ByLayer
370
-1
48
1.0
60
0
100
AcDbCircle
39
0.0
10
487.456240958901
20
412.597231739382
30
0.0
40
272.484743477959
210
0.0
220
0.0
230
1.0
100
AcDbArc
50
76.2661038578562
51
76.4775215935719
0
ARC
5
637
330
70
100
AcDbEntity
67
0
8
0
62
256
6
ByLayer
370
-1
48
1.0
60
0
100
AcDbCircle
39
0.0
10
487.466797092761
20
412.640660078516
30
0.0
40
272.440050643505
210
0.0
220
0.0
230
1.0
100
AcDbArc
50
76.0545485786891
51
76.2660920544269
0
ARC
5
638
330
70
100
AcDbEntity
67
0
8
0
62
256
6
ByLayer
370
-1
48
1.0
60
0
100
AcDbCircle
39
0.0
10
487.480200668503
20
412.694927986439
30
0.0
40
272.384152014007
210
0.0
220
0.0
230
1.0
100
AcDbArc
50
75.84285740635
51
76.0545338659182
0
ARC
5
639
330
70
100
AcDbEntity
67
0
8
0
62
256
6
ByLayer
370
-1
48
1.0
60
0
100
AcDbCircle
39
0.0
10
487.496514096155
20
412.759943591025
30
0.0
40
272.317121052837
210
0.0
220
0.0
230
1.0
100
AcDbArc
50
75.6310231372806
51
75.8428397974527
0
ARC
5
63A
330
70
100
AcDbEntity
67
0
8
0
62
256
6
ByLayer
370
-1
48
1.0
60
0
100
AcDbCircle
39
0.0
10
487.515798173929
20
412.835611644201
30
0.0
40
272.239034431421
210
0.0
220
0.0
230
1.0
100
AcDbArc
50
75.4190385956139
51
75.6310026454742
0
ARC
5
63B
330
70
100
AcDbEntity
67
0
8
0
62
256
6
ByLayer
370
-1
48
1.0
60
0
100
AcDbCircle
39
0.0
10
487.538112546218
20
412.921835464755
30
0.0
40
272.149970038288
210
0.0
220
0.0
230
1.0
100
AcDbArc
50
75.2068966322159
51
75.4190152340169
0
ARC
5
63C
330
70
100
AcDbEntity
67
0
8
0
62
256
6
ByLayer
370
-1
48
1.0
60
0
100
AcDbCircle
39
0.0
10
487.563515232116
20
413.018515211523
30
0.0
40
272.050008773876
210
0.0
220
0.0
230
1.0
100
AcDbArc
50
74.9945901254994
51
75.206870414085
0
ARC
5
63D
330
70
100
AcDbEntity
67
0
8
0
62
256
6
ByLayer
370
-1
48
1.0
60
0
100
AcDbCircle
39
0.0
10
487.592062903568
20
413.125549090895
30
0.0
40
271.939233317002
210
0.0
220
0.0
230
1.0
100
AcDbArc
50
74.7821119808395
51
74.9945610639905
0
ARC
5
63E
330
70
100
AcDbEntity
67
0
8
0
62
256
6
ByLayer
370
-1
48
1.0
60
0
100
AcDbCircle
39
0.0
10
487.623810745489
20
413.242832934009
30
0.0
40
271.817728574621
210
0.0
220
0.0
230
1.0
100
AcDbArc
50
74.5694551307743
51
74.7820800891649
0
ARC
5
63F
330
70
100
AcDbEntity
67
0
8
0
62
256
6
ByLayer
370
-1
48
1.0
60
0
100
AcDbCircle
39
0.0
10
487.65881246395
20
413.370260345698
30
0.0
40
271.68558154119
210
0.0
220
0.0
230
1.0
100
AcDbArc
50
74.3566125349449
51
74.5694204221703
0
ARC
5
640
330
70
100
AcDbEntity
67
0
8
0
62
256
6
ByLayer
370
-1
48
1.0
60
0
100
AcDbCircle
39
0.0
10
487.697120241466
20
413.507722654564
30
0.0
40
271.542881364057
210
0.0
220
0.0
230
1.0
100
AcDbArc
50
74.1435771801828
51
74.3565750226947
0
ARC
5
641
330
70
100
AcDbEntity
67
0
8
0
62
256
6
ByLayer
370
-1
48
1.0
60
0
100
AcDbCircle
39
0.0
10
487.770422142342
20
413.76451072231
30
0.0
40
271.275836130047
210
0.0
220
0.0
230
1.0
100
AcDbArc
50
73.9303674597539
51
74.1436513382856
0
ARC
5
642
330
70
100
AcDbEntity
67
0
8
0
62
256
6
ByLayer
370
-1
48
1.0
60
0
100
AcDbCircle
39
0.0
10
487.370931016009
20
412.371554417214
30
0.0
40
272.724945361759
210
0.0
220
0.0
230
1.0
100
AcDbArc
50
73.7185025568581
51
73.9307238508402
0
ARC
5
643
330
70
100
AcDbEntity
67
0
8
0
62
256
6
ByLayer
370
-1
48
1.0
60
0
100
AcDbCircle
39
0.0
10
487.178101356163
20
411.708299152183
30
0.0
40
273.415662453457
210
0.0
220
0.0
230
1.0
100
AcDbArc
50
73.5069276017539
51
73.7186810334332
0
ARC
5
644
330
70
100
AcDbEntity
67
0
8
0
62
256
6
ByLayer
370
-1
48
1.0
60
0
100
AcDbCircle
39
0.0
10
486.985081907029
20
411.053428329122
30
0.0
40
274.098386115614
210
0.0
220
0.0
230
1.0
100
AcDbArc
50
73.2958103895775
51
73.5071031811707
0
ARC
5
645
330
70
100
AcDbEntity
67
0
8
0
62
256
6
ByLayer
370
-1
48
1.0
60
0
100
AcDbCircle
39
0.0
10
486.791979687976
20
410.407074974321
30
0.0
40
274.77296779501
210
0.0
220
0.0
230
1.0
100
AcDbArc
50
73.0851436904923
51
73.295983068256
0
ARC
5
646
330
70
100
AcDbEntity
67
0
8
0
62
256
6
ByLayer
370
-1
48
1.0
60
0
100
AcDbCircle
39
0.0
10
486.598902697772
20
409.769370520553
30
0.0
40
275.439259795558
210
0.0
220
0.0
230
1.0
100
AcDbArc
50
72.8749202708523
51
73.0853134649475
0
ARC
5
647
330
70
100
AcDbEntity
67
0
8
0
62
256
6
ByLayer
370
-1
48
1.0
60
0
100
AcDbCircle
39
0.0
10
486.405959828498
20
409.140444584178
30
0.0
40
276.097115508624
210
0.0
220
0.0
230
1.0
100
AcDbArc
50
72.6651328936364
51
72.8750871378634
0
ARC
5
648
330
70
100
AcDbEntity
67
0
8
0
62
256
6
ByLayer
370
-1
48
1.0
60
0
100
AcDbCircle
39
0.0
10
486.213260701734
20
408.520424511463
30
0.0
40
276.746389886943
210
0.0
220
0.0
230
1.0
100
AcDbArc
50
72.4557743188892
51
72.6652968501146
0
ARC
5
649
330
70
100
AcDbEntity
67
0
8
0
62
256
6
ByLayer
370
-1
48
1.0
60
0
100
AcDbCircle
39
0.0
10
486.020915937856
20
407.909436320947
30
0.0
40
277.386938457057
210
0.0
220
0.0
230
1.0
100
AcDbArc
50
72.2468373034801
51
72.4559353618645
0
ARC
5
64A
330
70
100
AcDbEntity
67
0
8
0
62
256
6
ByLayer
370
-1
48
1.0
60
0
100
AcDbCircle
39
0.0
10
485.829036714308
20
407.30760336295
30
0.0
40
278.018618722992
210
0.0
220
0.0
230
1.0
100
AcDbArc
50
72.038314602007
51
72.2469954302183
0
ARC
5
64B
330
70
100
AcDbEntity
67
0
8
0
62
256
6
ByLayer
370
-1
48
1.0
60
0
100
AcDbCircle
39
0.0
10
485.637735077295
20
406.715047390863
30
0.0
40
278.641289043402
210
0.0
220
0.0
230
1.0
100
AcDbArc
50
71.83019896645
51
72.0384698097768
0
ARC
5
64C
330
70
100
AcDbEntity
67
0
8
0
62
256
6
ByLayer
370
-1
48
1.0
60
0
100
AcDbCircle
39
0.0
10
485.447123762024
20
406.13188806195
30
0.0
40
279.254809154491
210
0.0
220
0.0
230
1.0
100
AcDbArc
50
71.622483146606
51
71.8303512527226
0
ARC
5
64D
330
70
100
AcDbEntity
67
0
8
0
62
256
6
ByLayer
370
-1
48
1.0
60
0
100
AcDbCircle
39
0.0
10
485.257316105616
20
405.558242751016
30
0.0
40
279.859040366932
210
0.0
220
0.0
230
1.0
100
AcDbArc
50
71.4151598903275
51
71.6226325089621
0
ARC
5
64E
330
70
100
AcDbEntity
67
0
8
0
62
256
6
ByLayer
370
-1
48
1.0
60
0
100
AcDbCircle
39
0.0
10
485.068426107072
20
404.994226810458
30
0.0
40
280.453845292993
210
0.0
220
0.0
230
1.0
100
AcDbArc
50
71.2082219435976
51
71.4153063264518
0
ARC
5
64F
330
70
100
AcDbEntity
67
0
8
0
62
256
6
ByLayer
370
-1
48
1.0
60
0
100
AcDbCircle
39
0.0
10
484.880568362331
20
404.439953447323
30
0.0
40
281.039087976739
210
0.0
220
0.0
230
1.0
100
AcDbArc
50
71.0016620506466
51
71.2083654512641
0
ARC
5
650
330
70
100
AcDbEntity
67
0
8
0
62
256
6
ByLayer
370
-1
48
1.0
60
0
100
AcDbCircle
39
0.0
10
484.6938579696
20
403.895533519701
30
0.0
40
281.614634110344
210
0.0
220
0.0
230
1.0
100
AcDbArc
50
70.7954729542327
51
71.0018026277555
0
ARC
5
651
330
70
100
AcDbEntity
67
0
8
0
62
256
6
ByLayer
370
-1
48
1.0
60
0
100
AcDbCircle
39
0.0
10
484.508410580763
20
403.361075764834
30
0.0
40
282.180350794862
210
0.0
220
0.0
230
1.0
100
AcDbArc
50
70.5896473956201
51
70.7956105987662
0
ARC
5
652
330
70
100
AcDbEntity
67
0
8
0
62
256
6
ByLayer
370
-1
48
1.0
60
0
100
AcDbCircle
39
0.0
10
484.324342240755
20
402.836686411291
30
0.0
40
282.736106952613
210
0.0
220
0.0
230
1.0
100
AcDbArc
50
70.3841781148459
51
70.5897821056311
0
ARC
5
653
330
70
100
AcDbEntity
67
0
8
0
62
256
6
ByLayer
370
-1
48
1.0
60
0
100
AcDbCircle
39
0.0
10
484.141769544386
20
402.322469703277
30
0.0
40
283.281772773979
210
0.0
220
0.0
230
1.0
100
AcDbArc
50
70.1790578505347
51
70.3843098884417
0
ARC
5
654
330
70
100
AcDbEntity
67
0
8
0
62
256
6
ByLayer
370
-1
48
1.0
60
0
100
AcDbCircle
39
0.0
10
483.960809317312
20
401.818527073273
30
0.0
40
283.817220597392
210
0.0
220
0.0
230
1.0
100
AcDbArc
50
69.9742793404123
51
70.1791866859641
0
ARC
5
655
330
70
100
AcDbEntity
67
0
8
0
62
256
6
ByLayer
370
-1
48
1.0
60
0
100
AcDbCircle
39
0.0
10
483.781578880612
20
401.324957965035
30
0.0
40
284.342324039023
210
0.0
220
0.0
230
1.0
100
AcDbArc
50
69.7698353208775
51
69.9744052358862
0
ARC
5
656
330
70
100
AcDbEntity
67
0
8
0
62
256
6
ByLayer
370
-1
48
1.0
60
0
100
AcDbCircle
39
0.0
10
483.604195715482
20
400.841858978364
30
0.0
40
284.856958904919
210
0.0
220
0.0
230
1.0
100
AcDbArc
50
69.5657185275238
51
69.7699582747218
0
ARC
5
657
330
70
100
AcDbEntity
67
0
8
0
62
256
6
ByLayer
370
-1
48
1.0
60
0
100
AcDbCircle
39
0.0
10
483.428777703046
20
400.369324607307
30
0.0
40
285.361002409281
210
0.0
220
0.0
230
1.0
100
AcDbArc
50
69.3619216947819
51
69.5658385380599
0
ARC
5
658
330
70
100
AcDbEntity
67
0
8
0
62
256
6
ByLayer
370
-1
48
1.0
60
0
100
AcDbCircle
39
0.0
10
483.255442883291
20
399.907446658471
30
0.0
40
285.854333797734
210
0.0
220
0.0
230
1.0
100
AcDbArc
50
69.158437556179
51
69.3620387604157
0
ARC
5
659
330
70
100
AcDbEntity
67
0
8
0
62
256
6
ByLayer
370
-1
48
1.0
60
0
100
AcDbCircle
39
0.0
10
483.084309484138
20
399.45631441114
30
0.0
40
286.336834181338
210
0.0
220
0.0
230
1.0
100
AcDbArc
50
68.9552588443155
51
69.1585516753687
0
ARC
5
65A
330
70
100
AcDbEntity
67
0
8
0
62
256
6
ByLayer
370
-1
48
1.0
60
0
100
AcDbCircle
39
0.0
10
482.915495851074
20
399.016014510375
30
0.0
40
286.808386655771
210
0.0
220
0.0
230
1.0
100
AcDbArc
50
68.7523782908648
51
68.955370015518
0
ARC
5
65B
330
70
100
AcDbEntity
67
0
8
0
62
256
6
ByLayer
370
-1
48
1.0
60
0
100
AcDbCircle
39
0.0
10
482.749120478903
20
398.58663112708
30
0.0
40
287.268876134882
210
0.0
220
0.0
230
1.0
100
AcDbArc
50
68.5497886264794
51
68.7524865125455
0
ARC
5
65C
330
70
100
AcDbEntity
67
0
8
0
62
256
6
ByLayer
370
-1
48
1.0
60
0
100
AcDbCircle
39
0.0
10
482.585301906174
20
398.168245758969
30
0.0
40
287.71818956892
210
0.0
220
0.0
230
1.0
100
AcDbArc
50
68.3474825808807
51
68.5498938971897
0
ARC
5
65D
330
70
100
AcDbEntity
67
0
8
0
62
256
6
ByLayer
370
-1
48
1.0
60
0
100
AcDbCircle
39
0.0
10
482.424158629859
20
397.760937095107
30
0.0
40
288.156216096383
210
0.0
220
0.0
230
1.0
100
AcDbArc
50
68.1454528828156
51
68.3475848991346
0
ARC
5
65E
330
70
100
AcDbEntity
67
0
8
0
62
256
6
ByLayer
370
-1
48
1.0
60
0
100
AcDbCircle
39
0.0
10
482.265809177067
20
397.364781276613
30
0.0
40
288.582846769947
210
0.0
220
0.0
230
1.0
100
AcDbArc
50
67.9436922599329
51
68.1455522471155
0
ARC
5
65F
330
70
100
AcDbEntity
67
0
8
0
62
256
6
ByLayer
370
-1
48
1.0
60
0
100
AcDbCircle
39
0.0
10
482.110372018536
20
396.979851752881
30
0.0
40
288.997974716924
210
0.0
220
0.0
230
1.0
100
AcDbArc
50
67.7421934387712
51
67.9437886688315
0
ARC
5
660
330
70
100
AcDbEntity
67
0
8
0
62
256
6
ByLayer
370
-1
48
1.0
60
0
100
AcDbCircle
39
0.0
10
481.957965472191
20
396.606219121824
30
0.0
40
289.401495318455
210
0.0
220
0.0
230
1.0
100
AcDbArc
50
67.5409491447349
51
67.7422868908316
0
ARC
5
661
330
70
100
AcDbEntity
67
0
8
0
62
256
6
ByLayer
370
-1
48
1.0
60
0
100
AcDbCircle
39
0.0
10
481.808707672146
20
396.243951136218
30
0.0
40
289.793306210418
210
0.0
220
0.0
230
1.0
100
AcDbArc
50
67.3399521020246
51
67.5410396384811
0
ARC
5
662
330
70
100
AcDbEntity
67
0
8
0
62
256
6
ByLayer
370
-1
48
1.0
60
0
100
AcDbCircle
39
0.0
10
481.662716622682
20
395.893112912445
30
0.0
40
290.17330706504
210
0.0
220
0.0
230
1.0
100
AcDbArc
50
67.1391950334314
51
67.3400396359421
0
ARC
5
663
330
70
100
AcDbEntity
67
0
8
0
62
256
6
ByLayer
370
-1
48
1.0
60
0
100
AcDbCircle
39
0.0
10
481.520110023873
20
395.553766586644
30
0.0
40
290.541399970665
210
0.0
220
0.0
230
1.0
100
AcDbArc
50
66.9386706604067
51
67.1392796060136
0
ARC
5
664
330
70
100
AcDbEntity
67
0
8
0
62
256
6
ByLayer
370
-1
48
1.0
60
0
100
AcDbCircle
39
0.0
10
481.381005374415
20
395.225971639302
30
0.0
40
290.89748908807
210
0.0
220
0.0
230
1.0
100
AcDbArc
50
66.7383717027925
51
66.938752270133
0
ARC
5
665
330
70
100
AcDbEntity
67
0
8
0
62
256
6
ByLayer
370
-1
48
1.0
60
0
100
AcDbCircle
39
0.0
10
481.245519723358
20
394.909784387275
30
0.0
40
291.241481210602
210
0.0
220
0.0
230
1.0
100
AcDbArc
50
66.538290878916
51
66.738450348116
0
ARC
5
666
330
70
100
AcDbEntity
67
0
8
0
62
256
6
ByLayer
370
-1
48
1.0
60
0
100
AcDbCircle
39
0.0
10
481.113769905127
20
394.605258613043
30
0.0
40
291.573285088853
210
0.0
220
0.0
230
1.0
100
AcDbArc
50
66.338420905216
51
66.5383665582811
0
ARC
5
667
330
70
100
AcDbEntity
67
0
8
0
62
256
6
ByLayer
370
-1
48
1.0
60
0
100
AcDbCircle
39
0.0
10
480.985872134953
20
394.312444705686
30
0.0
40
291.892812375465
210
0.0
220
0.0
230
1.0
100
AcDbArc
50
66.1387544963902
51
66.3384936169776
0
ARC
5
668
330
70
100
AcDbEntity
67
0
8
0
62
256
6
ByLayer
370
-1
48
1.0
60
0
100
AcDbCircle
39
0.0
10
480.861942406984
20
394.031390654418
30
0.0
40
292.199976551169
210
0.0
220
0.0
230
1.0
100
AcDbArc
50
65.9392843649625
51
66.1388242389208
0
ARC
5
669
330
70
100
AcDbEntity
67
0
8
0
62
256
6
ByLayer
370
-1
48
1.0
60
0
100
AcDbCircle
39
0.0
10
480.742095982557
20
393.762140960343
30
0.0
40
292.494694122978
210
0.0
220
0.0
230
1.0
100
AcDbArc
50
65.7400032214615
51
65.9393511365787
0
ARC
5
66A
330
70
100
AcDbEntity
67
0
8
0
62
256
6
ByLayer
370
-1
48
1.0
60
0
100
AcDbCircle
39
0.0
10
480.626447767142
20
393.504737569793
30
0.0
40
292.776883614307
210
0.0
220
0.0
230
1.0
100
AcDbArc
50
65.5409037739264
51
65.7400670203979
0
ARC
5
66B
330
70
100
AcDbEntity
67
0
8
0
62
256
6
ByLayer
370
-1
48
1.0
60
0
100
AcDbCircle
39
0.0
10
480.51511196938
20
393.25921918506
30
0.0
40
293.046466329655
210
0.0
220
0.0
230
1.0
100
AcDbArc
50
65.3419787280288
51
65.5409645984311
0
ARC
5
66C
330
70
100
AcDbEntity
67
0
8
0
62
256
6
ByLayer
370
-1
48
1.0
60
0
100
AcDbCircle
39
0.0
10
480.408202191173
20
393.025621548142
30
0.0
40
293.303366055294
210
0.0
220
0.0
230
1.0
100
AcDbArc
50
65.1432207867522
51
65.3420365762484
0
ARC
5
66D
330
70
100
AcDbEntity
67
0
8
0
62
256
6
ByLayer
370
-1
48
1.0
60
0
100
AcDbCircle
39
0.0
10
480.305831428362
20
392.80397751628
30
0.0
40
293.547508986741
210
0.0
220
0.0
230
1.0
100
AcDbArc
50
64.9446226501974
51
65.1432756568175
0
ARC
5
66E
330
70
100
AcDbEntity
67
0
8
0
62
256
6
ByLayer
370
-1
48
1.0
60
0
100
AcDbCircle
39
0.0
10
480.208111761367
20
392.594316472953
30
0.0
40
293.778824389761
210
0.0
220
0.0
230
1.0
100
AcDbArc
50
64.746177015645
51
64.944674540145
0
ARC
5
66F
330
70
100
AcDbEntity
67
0
8
0
62
256
6
ByLayer
370
-1
48
1.0
60
0
100
AcDbCircle
39
0.0
10
480.115154857619
20
392.396665484981
30
0.0
40
293.997243335982
210
0.0
220
0.0
230
1.0
100
AcDbArc
50
64.5478765768473
51
64.7462259234481
0
ARC
5
670
330
70
100
AcDbEntity
67
0
8
0
62
256
6
ByLayer
370
-1
48
1.0
60
0
100
AcDbCircle
39
0.0
10
480.027071189248
20
392.211047708589
30
0.0
40
294.202700475014
210
0.0
220
0.0
230
1.0
100
AcDbArc
50
64.349714024531
51
64.5479225004837
0
ARC
5
671
330
70
100
AcDbEntity
67
0
8
0
62
256
6
ByLayer
370
-1
48
1.0
60
0
100
AcDbCircle
39
0.0
10
479.943970677269
20
392.037483839427
30
0.0
40
294.395132445146
210
0.0
220
0.0
230
1.0
100
AcDbArc
50
64.1516820455647
51
64.3497569618132
0
ARC
5
672
330
70
100
AcDbEntity
67
0
8
0
62
256
6
ByLayer
370
-1
48
1.0
60
0
100
AcDbCircle
39
0.0
10
479.865962177648
20
391.875991105357
30
0.0
40
294.574479000764
210
0.0
220
0.0
230
1.0
100
AcDbArc
50
63.9537733231501
51
64.1517219942549
0
ARC
5
673
330
70
100
AcDbEntity
67
0
8
0
62
256
6
ByLayer
370
-1
48
1.0
60
0
100
AcDbCircle
39
0.0
10
479.793153824016
20
391.726584057353
30
0.0
40
294.740682148229
210
0.0
220
0.0
230
1.0
100
AcDbArc
50
63.7559805363018
51
63.953810280968
0
ARC
5
674
330
70
100
AcDbEntity
67
0
8
0
62
256
6
ByLayer
370
-1
48
1.0
60
0
100
AcDbCircle
39
0.0
10
479.725652474704
20
391.589273509974
30
0.0
40
294.893687337806
210
0.0
220
0.0
230
1.0
100
AcDbArc
50
63.5582963600799
51
63.7560145009044
0
ARC
5
675
330
70
100
AcDbEntity
67
0
8
0
62
256
6
ByLayer
370
-1
48
1.0
60
0
100
AcDbCircle
39
0.0
10
479.663564346821
20
391.464067915356
30
0.0
40
295.033441948211
210
0.0
220
0.0
230
1.0
100
AcDbArc
50
63.3607134647249
51
63.5583273289818
0
ARC
5
676
330
70
100
AcDbEntity
67
0
8
0
62
256
6
ByLayer
370
-1
48
1.0
60
0
100
AcDbCircle
39
0.0
10
479.606994291226
20
391.350971966316
30
0.0
40
295.159896857667
210
0.0
220
0.0
230
1.0
100
AcDbArc
50
63.1632245160823
51
63.3607414354729
0
ARC
5
677
330
70
100
AcDbEntity
67
0
8
0
62
256
6
ByLayer
370
-1
48
1.0
60
0
100
AcDbCircle
39
0.0
10
479.556046200658
20
391.249987503501
30
0.0
40
295.27300544757
210
0.0
220
0.0
230
1.0
100
AcDbArc
50
62.9658221749366
51
63.163249486027
0
ARC
5
678
330
70
100
AcDbEntity
67
0
8
0
62
256
6
ByLayer
370
-1
48
1.0
60
0
100
AcDbCircle
39
0.0
10
479.510822820868
20
391.161113210562
30
0.0
40
295.372723957415
210
0.0
220
0.0
230
1.0
100
AcDbArc
50
62.7684990969221
51
62.9658441413598
0
ARC
5
679
330
70
100
AcDbEntity
67
0
8
0
62
256
6
ByLayer
370
-1
48
1.0
60
0
100
AcDbCircle
39
0.0
10
479.471425780941
20
391.084344749886
30
0.0
40
295.459011347878
210
0.0
220
0.0
230
1.0
100
AcDbArc
50
62.5712479321924
51
62.768518057031
0
ARC
5
67A
330
70
100
AcDbEntity
67
0
8
0
62
256
6
ByLayer
370
-1
48
1.0
60
0
100
AcDbCircle
39
0.0
10
479.437955344818
20
391.01967435569
30
0.0
40
295.531829774202
210
0.0
220
0.0
230
1.0
100
AcDbArc
50
62.3740613254027
51
62.5712638831272
0
ARC
5
67B
330
70
100
AcDbEntity
67
0
8
0
62
256
6
ByLayer
370
-1
48
1.0
60
0
100
AcDbCircle
39
0.0
10
479.410510685869
20
390.967091445071
30
0.0
40
295.591143915341
210
0.0
220
0.0
230
1.0
100
AcDbArc
50
62.1769319151241
51
62.3740742641383
0
ARC
5
67C
330
70
100
AcDbEntity
67
0
8
0
62
256
6
ByLayer
370
-1
48
1.0
60
0
100
AcDbCircle
39
0.0
10
479.389189697265
20
390.926582321413
30
0.0
40
295.636921322795
210
0.0
220
0.0
230
1.0
100
AcDbArc
50
61.9798523337622
51
62.176941838658
0
ARC
5
67D
330
70
100
AcDbEntity
67
0
8
0
62
256
6
ByLayer
370
-1
48
1.0
60
0
100
AcDbCircle
39
0.0
10
479.374088710032
20
390.898129720786
30
0.0
40
295.669132951569
210
0.0
220
0.0
230
1.0
100
AcDbArc
50
61.7828152074688
51
61.9798592389548
0
ARC
5
67E
330
70
100
AcDbEntity
67
0
8
0
62
256
6
ByLayer
370
-1
48
1.0
60
0
100
AcDbCircle
39
0.0
10
479.365302959056
20
390.881713769779
30
0.0
40
295.68775209403
210
0.0
220
0.0
230
1.0
100
AcDbArc
50
61.5858131554791
51
61.7828190910323
0
ARC
5
67F
330
70
100
AcDbEntity
67
0
8
0
62
256
6
ByLayer
370
-1
48
1.0
60
0
100
AcDbCircle
39
0.0
10
479.362926057957
20
390.877311071468
30
0.0
40
295.692755432078
210
0.0
220
0.0
230
1.0
100
AcDbArc
50
61.3888387902569
51
61.5858140140853
0
ARC
5
680
330
70
100
AcDbEntity
67
0
8
0
62
256
6
ByLayer
370
-1
48
1.0
60
0
100
AcDbCircle
39
0.0
10
479.367050343366
20
390.884895425458
30
0.0
40
295.684122238567
210
0.0
220
0.0
230
1.0
100
AcDbArc
50
61.1918847168574
51
61.3888366204046
0
ARC
5
681
330
70
100
AcDbEntity
67
0
8
0
62
256
6
ByLayer
370
-1
48
1.0
60
0
100
AcDbCircle
39
0.0
10
479.377766552614
20
390.904437304454
30
0.0
40
295.661834989865
210
0.0
220
0.0
230
1.0
100
AcDbArc
50
60.9949435329502
51
61.1918795150028
0
ARC
5
682
330
70
100
AcDbEntity
67
0
8
0
62
256
6
ByLayer
370
-1
48
1.0
60
0
100
AcDbCircle
39
0.0
10
479.395163979743
20
390.935904217377
30
0.0
40
295.625878971274
210
0.0
220
0.0
230
1.0
100
AcDbArc
50
60.7980078283646
51
60.9949352954308
0
ARC
5
683
330
70
100
AcDbEntity
67
0
8
0
62
256
6
ByLayer
370
-1
48
1.0
60
0
100
AcDbCircle
39
0.0
10
479.419330325135
20
390.979260509473
30
0.0
40
295.576242523687
210
0.0
220
0.0
230
1.0
100
AcDbArc
50
60.6010701848759
51
60.7979965514084
0
ARC
5
684
330
70
100
AcDbEntity
67
0
8
0
62
256
6
ByLayer
370
-1
48
1.0
60
0
100
AcDbCircle
39
0.0
10
479.204524332161
20
390.595456402954
30
0.0
40
296.016067056611
210
0.0
220
0.0
230
1.0
100
AcDbArc
50
60.4047175825126
51
60.6013142039563
0
ARC
5
685
330
70
100
AcDbEntity
67
0
8
0
62
256
6
ByLayer
370
-1
48
1.0
60
0
100
AcDbCircle
39
0.0
10
477.731152915238
20
387.992990916226
30
0.0
40
299.006657808232
210
0.0
220
0.0
230
1.0
100
AcDbArc
50
60.2109224937322
51
60.4055092520293
0
ARC
5
686
330
70
100
AcDbEntity
67
0
8
0
62
256
6
ByLayer
370
-1
48
1.0
60
0
100
AcDbCircle
39
0.0
10
477.465998665363
20
387.528585576085
30
0.0
40
299.541427602025
210
0.0
220
0.0
230
1.0
100
AcDbArc
50
60.016844862292
51
60.2110379719979
0
ARC
5
687
330
70
100
AcDbEntity
67
0
8
0
62
256
6
ByLayer
370
-1
48
1.0
60
0
100
AcDbCircle
39
0.0
10
477.207014830391
20
387.078537204574
30
0.0
40
300.060673037156
210
0.0
220
0.0
230
1.0
100
AcDbArc
50
59.8231480366423
51
60.0169565565886
0
ARC
5
688
330
70
100
AcDbEntity
67
0
8
0
62
256
6
ByLayer
370
-1
48
1.0
60
0
100
AcDbCircle
39
0.0
10
476.954402042242
20
386.642975281057
30
0.0
40
300.564187773867
210
0.0
220
0.0
230
1.0
100
AcDbArc
50
59.629822939497
51
59.8232559400446
0
ARC
5
689
330
70
100
AcDbEntity
67
0
8
0
62
256
6
ByLayer
370
-1
48
1.0
60
0
100
AcDbCircle
39
0.0
10
476.708360802715
20
386.222025647957
30
0.0
40
301.051768112298
210
0.0
220
0.0
230
1.0
100
AcDbArc
50
59.4368604815254
51
59.6299270448589
0
ARC
5
68A
330
70
100
AcDbEntity
67
0
8
0
62
256
6
ByLayer
370
-1
48
1.0
60
0
100
AcDbCircle
39
0.0
10
476.469091578536
20
385.815810742855
30
0.0
40
301.523212735336
210
0.0
220
0.0
230
1.0
100
AcDbArc
50
59.2442515608188
51
59.4369607814851
0
ARC
5
68B
330
70
100
AcDbEntity
67
0
8
0
62
256
6
ByLayer
370
-1
48
1.0
60
0
100
AcDbCircle
39
0.0
10
476.236794665951
20
385.424449433368
30
0.0
40
301.978322910942
210
0.0
220
0.0
230
1.0
100
AcDbArc
50
59.0519870624655
51
59.2443480478591
0
ARC
5
68C
330
70
100
AcDbEntity
67
0
8
0
62
256
6
ByLayer
370
-1
48
1.0
60
0
100
AcDbCircle
39
0.0
10
476.011670060502
20
385.04805686764
30
0.0
40
302.416902678639
210
0.0
220
0.0
230
1.0
100
AcDbArc
50
58.8600578580454
51
59.0520797288526
0
ARC
5
68D
330
70
100
AcDbEntity
67
0
8
0
62
256
6
ByLayer
370
-1
48
1.0
60
0
100
AcDbCircle
39
0.0
10
475.793917374315
20
384.686744407846
30
0.0
40
302.838758940616
210
0.0
220
0.0
230
1.0
100
AcDbArc
50
58.668454805185
51
58.860146695848
0
ARC
5
68E
330
70
100
AcDbEntity
67
0
8
0
62
256
6
ByLayer
370
-1
48
1.0
60
0
100
AcDbCircle
39
0.0
10
475.583735907558
20
384.340619819423
30
0.0
40
303.243701254484
210
0.0
220
0.0
230
1.0
100
AcDbArc
50
58.4771687468604
51
58.6685398062485
0
ARC
5
68F
330
70
100
AcDbEntity
67
0
8
0
62
256
6
ByLayer
370
-1
48
1.0
60
0
100
AcDbCircle
39
0.0
10
475.38132429179
20
384.009786754432
30
0.0
40
303.631542451832
210
0.0
220
0.0
230
1.0
100
AcDbArc
50
58.2861905110569
51
58.4772499028229
0
ARC
5
690
330
70
100
AcDbEntity
67
0
8
0
62
256
6
ByLayer
370
-1
48
1.0
60
0
100
AcDbCircle
39
0.0
10
475.186880642884
20
383.694345079309
30
0.0
40
304.002098270817
210
0.0
220
0.0
230
1.0
100
AcDbArc
50
58.0955109100197
51
58.2862678132654
0
ARC
5
691
330
70
100
AcDbEntity
67
0
8
0
62
256
6
ByLayer
370
-1
48
1.0
60
0
100
AcDbCircle
39
0.0
10
475.000602416297
20
383.394390710721
30
0.0
40
304.355187563951
210
0.0
220
0.0
230
1.0
100
AcDbArc
50
57.9051207396989
51
58.0955843495834
0
ARC
5
692
330
70
100
AcDbEntity
67
0
8
0
62
256
6
ByLayer
370
-1
48
1.0
60
0
100
AcDbCircle
39
0.0
10
474.82268636208
20
383.110015616642
30
0.0
40
304.690632313153
210
0.0
220
0.0
230
1.0
100
AcDbArc
50
57.7150107790729
51
57.905190307487
0
ARC
5
693
330
70
100
AcDbEntity
67
0
8
0
62
256
6
ByLayer
370
-1
48
1.0
60
0
100
AcDbCircle
39
0.0
10
474.653328191273
20
382.841307360452
30
0.0
40
305.008258185553
210
0.0
220
0.0
230
1.0
100
AcDbArc
50
57.52517178973
51
57.7150764656971
0
ARC
5
694
330
70
100
AcDbEntity
67
0
8
0
62
256
6
ByLayer
370
-1
48
1.0
60
0
100
AcDbCircle
39
0.0
10
474.492722973833
20
382.588349811141
30
0.0
40
305.307893712984
210
0.0
220
0.0
230
1.0
100
AcDbArc
50
57.335594514825
51
57.5252335854886
0
ARC
5
695
330
70
100
AcDbEntity
67
0
8
0
62
256
6
ByLayer
370
-1
48
1.0
60
0
100
AcDbCircle
39
0.0
10
474.341064480935
20
382.351222179917
30
0.0
40
305.589371450466
210
0.0
220
0.0
230
1.0
100
AcDbArc
50
57.1462696787927
51
57.335652409755
0
ARC
5
696
330
70
100
AcDbEntity
67
0
8
0
62
256
6
ByLayer
370
-1
48
1.0
60
0
100
AcDbCircle
39
0.0
10
474.198545568198
20
382.129999704727
30
0.0
40
305.85252718581
210
0.0
220
0.0
230
1.0
100
AcDbArc
50
56.9571879863425
51
57.1463236625682
0
ARC
5
697
330
70
100
AcDbEntity
67
0
8
0
62
256
6
ByLayer
370
-1
48
1.0
60
0
100
AcDbCircle
39
0.0
10
474.065357948931
20
381.924753370249
30
0.0
40
306.097200290727
210
0.0
220
0.0
230
1.0
100
AcDbArc
50
56.7683401218112
51
56.9572380483843
0
ARC
5
698
330
70
100
AcDbEntity
67
0
8
0
62
256
6
ByLayer
370
-1
48
1.0
60
0
100
AcDbCircle
39
0.0
10
473.941691915115
20
381.735549559409
30
0.0
40
306.323234158052
210
0.0
220
0.0
230
1.0
100
AcDbArc
50
56.5797167485601
51
56.768386251243
0
ARC
5
699
330
70
100
AcDbEntity
67
0
8
0
62
256
6
ByLayer
370
-1
48
1.0
60
0
100
AcDbCircle
39
0.0
10
473.827736527396
20
381.562450428465
30
0.0
40
306.530475776993
210
0.0
220
0.0
230
1.0
100
AcDbArc
50
56.3913085079891
51
56.5797589341146
0
ARC
5
69A
330
70
100
AcDbEntity
67
0
8
0
62
256
6
ByLayer
370
-1
48
1.0
60
0
100
AcDbCircle
39
0.0
10
473.723679322788
20
381.40551354166
30
0.0
40
306.718776192321
210
0.0
220
0.0
230
1.0
100
AcDbArc
50
56.2031060189073
51
56.3913467380589
0
ARC
5
69B
330
70
100
AcDbEntity
67
0
8
0
62
256
6
ByLayer
370
-1
48
1.0
60
0
100
AcDbCircle
39
0.0
10
473.629706492661
20
381.264792221449
30
0.0
40
306.887990107541
210
0.0
220
0.0
230
1.0
100
AcDbArc
50
56.0150998765778
51
56.2031402815826
0
ARC
5
69C
330
70
100
AcDbEntity
67
0
8
0
62
256
6
ByLayer
370
-1
48
1.0
60
0
100
AcDbCircle
39
0.0
10
473.546002363276
20
381.140334852939
30
0.0
40
307.03797674538
210
0.0
220
0.0
230
1.0
100
AcDbArc
50
55.8272806520965
51
56.01513015956
0
ARC
5
69D
330
70
100
AcDbEntity
67
0
8
0
62
256
6
ByLayer
370
-1
48
1.0
60
0
100
AcDbCircle
39
0.0
10
473.472749869935
20
381.03218567498
30
0.0
40
307.168598920435
210
0.0
220
0.0
230
1.0
100
AcDbArc
50
55.639638891278
51
55.8273069427555
0
ARC
5
69E
330
70
100
AcDbEntity
67
0
8
0
62
256
6
ByLayer
370
-1
48
1.0
60
0
100
AcDbCircle
39
0.0
10
473.410129818282
20
380.940383771061
30
0.0
40
307.279724282766
210
0.0
220
0.0
230
1.0
100
AcDbArc
50
55.4521651140904
51
55.6396611765652
0
ARC
5
69F
330
70
100
AcDbEntity
67
0
8
0
62
256
6
ByLayer
370
-1
48
1.0
60
0
100
AcDbCircle
39
0.0
10
473.358321472014
20
380.864964020829
30
0.0
40
307.371224194614
210
0.0
220
0.0
230
1.0
100
AcDbArc
50
55.264849813457
51
55.4521833805727
0
ARC
5
6A0
330
70
100
AcDbEntity
67
0
8
0
62
256
6
ByLayer
370
-1
48
1.0
60
0
100
AcDbCircle
39
0.0
10
473.317501955322
20
380.805956309492
30
0.0
40
307.442974714528
210
0.0
220
0.0
230
1.0
100
AcDbArc
50
55.0776834545613
51
55.264864047319
0
ARC
5
6A1
330
70
100
AcDbEntity
67
0
8
0
62
256
6
ByLayer
370
-1
48
1.0
60
0
100
AcDbCircle
39
0.0
10
473.287846337626
20
380.763385742342
30
0.0
40
307.494856366969
210
0.0
220
0.0
230
1.0
100
AcDbArc
50
54.8906564739054
51
55.0776936415678
0
ARC
5
6A2
330
70
100
AcDbEntity
67
0
8
0
62
256
6
ByLayer
370
-1
48
1.0
60
0
100
AcDbCircle
39
0.0
10
473.269527881162
20
380.737273083146
30
0.0
40
307.526753635451
210
0.0
220
0.0
230
1.0
100
AcDbArc
50
54.7037592780614
51
54.8906625994298
0
ARC
5
6A3
330
70
100
AcDbEntity
67
0
8
0
62
256
6
ByLayer
370
-1
48
1.0
60
0
100
AcDbCircle
39
0.0
10
473.262717083349
20
380.727633475342
30
0.0
40
307.538556553926
210
0.0
220
0.0
230
1.0
100
AcDbArc
50
54.5169822433128
51
54.7037613271006
0
ARC
5
6A4
330
70
100
AcDbEntity
67
0
8
0
62
256
6
ByLayer
370
-1
48
1.0
60
0
100
AcDbCircle
39
0.0
10
473.267582540796
20
380.734477764947
30
0.0
40
307.530159122408
210
0.0
220
0.0
230
1.0
100
AcDbArc
50
54.3303157140427
51
54.5169802002754
0
ARC
5
6A5
330
70
100
AcDbEntity
67
0
8
0
62
256
6
ByLayer
370
-1
48
1.0
60
0
100
AcDbCircle
39
0.0
10
473.284290512229
20
380.757811961553
30
0.0
40
307.501459994358
210
0.0
220
0.0
230
1.0
100
AcDbArc
50
54.1437500019564
51
54.3303095630164
0
ARC
5
6A6
330
70
100
AcDbEntity
67
0
8
0
62
256
6
ByLayer
370
-1
48
1.0
60
0
100
AcDbCircle
39
0.0
10
473.313004493343
20
380.797636737997
30
0.0
40
307.452363125929
210
0.0
220
0.0
230
1.0
100
AcDbArc
50
53.9572753852485
51
54.1437397265867
0
ARC
5
6A7
330
70
100
AcDbEntity
67
0
8
0
62
256
6
ByLayer
370
-1
48
1.0
60
0
100
AcDbCircle
39
0.0
10
473.353885580092
20
380.853948030837
30
0.0
40
307.382777071495
210
0.0
220
0.0
230
1.0
100
AcDbArc
50
53.7708821072976
51
53.9572609686347
0
ARC
5
6A8
330
70
100
AcDbEntity
67
0
8
0
62
256
6
ByLayer
370
-1
48
1.0
60
0
100
AcDbCircle
39
0.0
10
473.435640332858
20
380.965475379825
30
0.0
40
307.244494071731
210
0.0
220
0.0
230
1.0
100
AcDbArc
50
53.5845561320217
51
53.770888425436
0
ARC
5
6A9
330
70
100
AcDbEntity
67
0
8
0
62
256
6
ByLayer
370
-1
48
1.0
60
0
100
AcDbCircle
39
0.0
10
473.158555870399
20
380.58916267102
30
0.0
40
307.711812895927
210
0.0
220
0.0
230
1.0
100
AcDbArc
50
53.3987174167775
51
53.5846331194722
0
ARC
5
6AA
330
70
100
AcDbEntity
67
0
8
0
62
256
6
ByLayer
370
-1
48
1.0
60
0
100
AcDbCircle
39
0.0
10
472.940611727307
20
380.29505362869
30
0.0
40
308.077872485711
210
0.0
220
0.0
230
1.0
100
AcDbArc
50
53.2132324782356
51
53.3987906837694
0
ARC
5
6AB
330
70
100
AcDbEntity
67
0
8
0
62
256
6
ByLayer
370
-1
48
1.0
60
0
100
AcDbCircle
39
0.0
10
472.733878585837
20
380.017954722185
30
0.0
40
308.423592398519
210
0.0
220
0.0
230
1.0
100
AcDbArc
50
53.0280906468374
51
53.2133014412158
0
ARC
5
6AC
330
70
100
AcDbEntity
67
0
8
0
62
256
6
ByLayer
370
-1
48
1.0
60
0
100
AcDbCircle
39
0.0
10
472.538613806196
20
379.757985918611
30
0.0
40
308.748726204494
210
0.0
220
0.0
230
1.0
100
AcDbArc
50
52.8432817906075
51
53.0281552897272
0
ARC
5
6AD
330
70
100
AcDbEntity
67
0
8
0
62
256
6
ByLayer
370
-1
48
1.0
60
0
100
AcDbCircle
39
0.0
10
472.355074026236
20
379.515262950611
30
0.0
40
309.053030631527
210
0.0
220
0.0
230
1.0
100
AcDbArc
50
52.6587957459719
51
52.843342096824
0
ARC
5
6AE
330
70
100
AcDbEntity
67
0
8
0
62
256
6
ByLayer
370
-1
48
1.0
60
0
100
AcDbCircle
39
0.0
10
472.183514780669
20
379.289896879485
30
0.0
40
309.33626613351
210
0.0
220
0.0
230
1.0
100
AcDbArc
50
52.4746223167408
51
52.6588516983846
0
ARC
5
6AF
330
70
100
AcDbEntity
67
0
8
0
62
256
6
ByLayer
370
-1
48
1.0
60
0
100
AcDbCircle
39
0.0
10
472.02419077501
20
379.081994523325
30
0.0
40
309.598196373952
210
0.0
220
0.0
230
1.0
100
AcDbArc
50
52.2907512728312
51
52.4746738977888
0
ARC
5
6B0
330
70
100
AcDbEntity
67
0
8
0
62
256
6
ByLayer
370
-1
48
1.0
60
0
100
AcDbCircle
39
0.0
10
471.877355054246
20
378.891657442234
30
0.0
40
309.838589527461
210
0.0
220
0.0
230
1.0
100
AcDbArc
50
52.1071723495067
51
52.290798464496
0
ARC
5
6B1
330
70
100
AcDbEntity
67
0
8
0
62
256
6
ByLayer
370
-1
48
1.0
60
0
100
AcDbCircle
39
0.0
10
471.74325950694
20
378.718982673794
30
0.0
40
310.057217379982
210
0.0
220
0.0
230
1.0
100
AcDbArc
50
51.923875245808
51
52.1072151331257
0
ARC
5
6B2
330
70
100
AcDbEntity
67
0
8
0
62
256
6
ByLayer
370
-1
48
1.0
60
0
100
AcDbCircle
39
0.0
10
471.622154549687
20
378.564062395016
30
0.0
40
310.253855779936
210
0.0
220
0.0
230
1.0
100
AcDbArc
50
51.7408496234652
51
51.9239136022143
0
ARC
5
6B3
330
70
100
AcDbEntity
67
0
8
0
62
256
6
ByLayer
370
-1
48
1.0
60
0
100
AcDbCircle
39
0.0
10
471.514288924455
20
378.426983739541
30
0.0
40
310.4282848978
210
0.0
220
0.0
230
1.0
100
AcDbArc
50
51.5580851056809
51
51.7408835329596
0
ARC
5
6B4
330
70
100
AcDbEntity
67
0
8
0
62
256
6
ByLayer
370
-1
48
1.0
60
0
100
AcDbCircle
39
0.0
10
471.419909693312
20
378.307828869431
30
0.0
40
310.580289163805
210
0.0
220
0.0
230
1.0
100
AcDbArc
50
51.3755712757316
51
51.5581145479729
0
ARC
5
6B5
330
70
100
AcDbEntity
67
0
8
0
62
256
6
ByLayer
370
-1
48
1.0
60
0
100
AcDbCircle
39
0.0
10
471.339261750712
20
378.206674440339
30
0.0
40
310.709657981012
210
0.0
220
0.0
230
1.0
100
AcDbArc
50
51.1932976758972
51
51.3755962299036
0
ARC
5
6B6
330
70
100
AcDbEntity
67
0
8
0
62
256
6
ByLayer
370
-1
48
1.0
60
0
100
AcDbCircle
39
0.0
10
471.272588509262
20
378.123592542964
30
0.0
40
310.816184552818
210
0.0
220
0.0
230
1.0
100
AcDbArc
50
51.0112538055862
51
51.1933181203687
0
ARC
5
6B7
330
70
100
AcDbEntity
67
0
8
0
62
256
6
ByLayer
370
-1
48
1.0
60
0
100
AcDbCircle
39
0.0
10
471.220130895648
20
378.058649524555
30
0.0
40
310.899667421795
210
0.0
220
0.0
230
1.0
100
AcDbArc
50
50.8294291204502
51
51.0112697182771
0
ARC
5
6B8
330
70
100
AcDbEntity
67
0
8
0
62
256
6
ByLayer
370
-1
48
1.0
60
0
100
AcDbCircle
39
0.0
10
471.182127690709
20
378.011906501069
30
0.0
40
310.959909848962
210
0.0
220
0.0
230
1.0
100
AcDbArc
50
50.6478130306576
51
50.8294404785837
0
ARC
5
6B9
330
70
100
AcDbEntity
67
0
8
0
62
256
6
ByLayer
370
-1
48
1.0
60
0
100
AcDbCircle
39
0.0
10
471.158815161143
20
377.983418987277
30
0.0
40
310.99672032468
210
0.0
220
0.0
230
1.0
100
AcDbArc
50
50.466394899549
51
50.6478198107607
0
ARC
5
6BA
330
70
100
AcDbEntity
67
0
8
0
62
256
6
ByLayer
370
-1
48
1.0
60
0
100
AcDbCircle
39
0.0
10
471.150427194282
20
377.973237148276
30
0.0
40
311.009912280326
210
0.0
220
0.0
230
1.0
100
AcDbArc
50
50.2851640420009
51
50.466397077445
0
ARC
5
6BB
330
70
100
AcDbEntity
67
0
8
0
62
256
6
ByLayer
370
-1
48
1.0
60
0
100
AcDbCircle
39
0.0
10
471.157194949205
20
377.981405460697
30
0.0
40
310.99930456343
210
0.0
220
0.0
230
1.0
100
AcDbArc
50
50.104109722945
51
50.2851615927952
0
ARC
5
6BC
330
70
100
AcDbEntity
67
0
8
0
62
256
6
ByLayer
370
-1
48
1.0
60
0
100
AcDbCircle
39
0.0
10
471.179346954034
20
378.007962918308
30
0.0
40
310.964721209242
210
0.0
220
0.0
230
1.0
100
AcDbArc
50
49.9232211556556
51
50.1041026210274
0
ARC
5
6BD
330
70
100
AcDbEntity
67
0
8
0
62
256
6
ByLayer
370
-1
48
1.0
60
0
100
AcDbCircle
39
0.0
10
471.217108685264
20
378.052942615041
30
0.0
40
310.905992022492
210
0.0
220
0.0
230
1.0
100
AcDbArc
50
49.7424875003145
51
49.9232093747569
0
ARC
5
6BE
330
70
100
AcDbEntity
67
0
8
0
62
256
6
ByLayer
370
-1
48
1.0
60
0
100
AcDbCircle
39
0.0
10
471.270702591219
20
378.116371867595
30
0.0
40
310.822952460635
210
0.0
220
0.0
230
1.0
100
AcDbArc
50
49.5618978621835
51
49.7424710133536
0
ARC
5
6BF
330
70
100
AcDbEntity
67
0
8
0
62
256
6
ByLayer
370
-1
48
1.0
60
0
100
AcDbCircle
39
0.0
10
471.340347900759
20
378.198272080866
30
0.0
40
310.715443852484
210
0.0
220
0.0
230
1.0
100
AcDbArc
50
49.381441289967
51
49.5618766412937
0
ARC
5
6C0
330
70
100
AcDbEntity
67
0
8
0
62
256
6
ByLayer
370
-1
48
1.0
60
0
100
AcDbCircle
39
0.0
10
471.426260721432
20
378.298658955446
30
0.0
40
310.583313169079
210
0.0
220
0.0
230
1.0
100
AcDbArc
50
49.2011067739088
51
49.3814153065041
0
ARC
5
6C1
330
70
100
AcDbEntity
67
0
8
0
62
256
6
ByLayer
370
-1
48
1.0
60
0
100
AcDbCircle
39
0.0
10
471.528653240386
20
378.417541650106
30
0.0
40
310.426414172235
210
0.0
220
0.0
230
1.0
100
AcDbArc
50
49.0208832443437
51
49.2010759983626
0
ARC
5
6C2
330
70
100
AcDbEntity
67
0
8
0
62
256
6
ByLayer
370
-1
48
1.0
60
0
100
AcDbCircle
39
0.0
10
471.647734787513
20
378.554924113842
30
0.0
40
310.244605704247
210
0.0
220
0.0
230
1.0
100
AcDbArc
50
48.8407595692647
51
49.0208476463734
0
ARC
5
6C3
330
70
100
AcDbEntity
67
0
8
0
62
256
6
ByLayer
370
-1
48
1.0
60
0
100
AcDbCircle
39
0.0
10
471.783710308742
20
378.710803413572
30
0.0
40
310.037753944495
210
0.0
220
0.0
230
1.0
100
AcDbArc
50
48.6607245530975
51
48.8407191177463
0
ARC
5
6C4
330
70
100
AcDbEntity
67
0
8
0
62
256
6
ByLayer
370
-1
48
1.0
60
0
100
AcDbCircle
39
0.0
10
471.936781192128
20
378.88517079111
30
0.0
40
309.805731062972
210
0.0
220
0.0
230
1.0
100
AcDbArc
50
48.48076693435
51
48.6606792159427
0
ARC
5
6C5
330
70
100
AcDbEntity
67
0
8
0
62
256
6
ByLayer
370
-1
48
1.0
60
0
100
AcDbCircle
39
0.0
10
472.107144906216
20
379.078011343614
30
0.0
40
309.548415692296
210
0.0
220
0.0
230
1.0
100
AcDbArc
50
48.3008753837023
51
48.4807166786074
0
ARC
5
6C6
330
70
100
AcDbEntity
67
0
8
0
62
256
6
ByLayer
370
-1
48
1.0
60
0
100
AcDbCircle
39
0.0
10
472.294994516189
20
379.289303578661
30
0.0
40
309.265693574882
210
0.0
220
0.0
230
1.0
100
AcDbArc
50
48.1210385021948
51
48.3008201754938
0
ARC
5
6C7
330
70
100
AcDbEntity
67
0
8
0
62
256
6
ByLayer
370
-1
48
1.0
60
0
100
AcDbCircle
39
0.0
10
472.717220573827
20
379.757545009441
30
0.0
40
308.635200385313
210
0.0
220
0.0
230
1.0
100
AcDbArc
50
47.9414418039898
51
48.1213712420922
0
ARC
5
6C8
330
70
100
AcDbEntity
67
0
8
0
62
256
6
ByLayer
370
-1
48
1.0
60
0
100
AcDbCircle
39
0.0
10
469.28400497789
20
375.943801008359
30
0.0
40
313.766630983935
210
0.0
220
0.0
230
1.0
100
AcDbArc
50
47.7656467030141
51
47.9424937856988
0
ARC
5
6C9
330
70
100
AcDbEntity
67
0
8
0
62
256
6
ByLayer
370
-1
48
1.0
60
0
100
AcDbCircle
39
0.0
10
470.38037182638
20
377.153939369548
30
0.0
40
312.133703444635
210
0.0
220
0.0
230
1.0
100
AcDbArc
50
47.5876642453304
51
47.7653419318403
0
ARC
5
6CA
330
70
100
AcDbEntity
67
0
8
0
62
256
6
ByLayer
370
-1
48
1.0
60
0
100
AcDbCircle
39
0.0
10
471.319462408639
20
378.184037263495
30
0.0
40
310.739791408618
210
0.0
220
0.0
230
1.0
100
AcDbArc
50
47.4089894853834
51
47.5874022116122
0
ARC
5
6CB
330
70
100
AcDbEntity
67
0
8
0
62
256
6
ByLayer
370
-1
48
1.0
60
0
100
AcDbCircle
39
0.0
10
472.102466314589
20
379.037563074833
30
0.0
40
309.58151681948
210
0.0
220
0.0
230
1.0
100
AcDbArc
50
47.2297194558323
51
47.4087706364822
0
ARC
5
6CC
330
70
100
AcDbEntity
67
0
8
0
62
256
6
ByLayer
370
-1
48
1.0
60
0
100
AcDbCircle
39
0.0
10
472.730272845418
20
379.717628942149
30
0.0
40
308.655973881765
210
0.0
220
0.0
230
1.0
100
AcDbArc
50
47.0499519472133
51
47.2295441547603
0
ARC
5
6CD
330
70
100
AcDbEntity
67
0
8
0
62
256
6
ByLayer
370
-1
48
1.0
60
0
100
AcDbCircle
39
0.0
10
473.203477580627
20
380.227003851057
30
0.0
40
307.960714923725
210
0.0
220
0.0
230
1.0
100
AcDbArc
50
46.8697853237215
51
47.0498204713497
0
ARC
5
6CE
330
70
100
AcDbEntity
67
0
8
0
62
256
6
ByLayer
370
-1
48
1.0
60
0
100
AcDbCircle
39
0.0
10
473.522385423431
20
380.568122749711
30
0.0
40
307.493741589828
210
0.0
220
0.0
230
1.0
100
AcDbArc
50
46.6893183383932
51
46.8696978639861
0
ARC
5
6CF
330
70
100
AcDbEntity
67
0
8
0
62
256
6
ByLayer
370
-1
48
1.0
60
0
100
AcDbCircle
39
0.0
10
473.687014973554
20
380.743096961995
30
0.0
40
307.253494197167
210
0.0
220
0.0
230
1.0
100
AcDbArc
50
46.5086499461505
51
46.689274998521
0
ARC
5
6D0
330
70
100
AcDbEntity
67
0
8
0
62
256
6
ByLayer
370
-1
48
1.0
60
0
100
AcDbCircle
39
0.0
10
473.697100565604
20
380.753721967178
30
0.0
40
307.238844627757
210
0.0
220
0.0
230
1.0
100
AcDbArc
50
46.3278791171978
51
46.5086507425769
0
ARC
5
6D1
330
70
100
AcDbEntity
67
0
8
0
62
256
6
ByLayer
370
-1
48
1.0
60
0
100
AcDbCircle
39
0.0
10
473.55209376961
20
380.601484511995
30
0.0
40
307.449090093188
210
0.0
220
0.0
230
1.0
100
AcDbArc
50
46.1471046507884
51
46.3279239791056
0
ARC
5
6D2
330
70
100
AcDbEntity
67
0
8
0
62
256
6
ByLayer
370
-1
48
1.0
60
0
100
AcDbCircle
39
0.0
10
473.251164725418
20
380.287569447608
30
0.0
40
307.883947230726
210
0.0
220
0.0
230
1.0
100
AcDbArc
50
45.9664249898789
51
46.1471934206656
0
ARC
5
6D3
330
70
100
AcDbEntity
67
0
8
0
62
256
6
ByLayer
370
-1
48
1.0
60
0
100
AcDbCircle
39
0.0
10
472.79320159266
20
379.812864509219
30
0.0
40
308.543549006017
210
0.0
220
0.0
230
1.0
100
AcDbArc
50
45.7859380381818
51
45.9665574244588
0
ARC
5
6D4
330
70
100
AcDbEntity
67
0
8
0
62
256
6
ByLayer
370
-1
48
1.0
60
0
100
AcDbCircle
39
0.0
10
472.176809696618
20
379.177964725034
30
0.0
40
309.428442110829
210
0.0
220
0.0
230
1.0
100
AcDbArc
50
45.6057409797898
51
45.7861138096527
0
ARC
5
6D5
330
70
100
AcDbEntity
67
0
8
0
62
256
6
ByLayer
370
-1
48
1.0
60
0
100
AcDbCircle
39
0.0
10
471.400309707864
20
378.383175777631
30
0.0
40
310.539585802471
210
0.0
220
0.0
230
1.0
100
AcDbArc
50
45.4259301021899
51
45.605959677257
0
ARC
5
6D6
330
70
100
AcDbEntity
67
0
8
0
62
256
6
ByLayer
370
-1
48
1.0
60
0
100
AcDbCircle
39
0.0
10
469.839284640045
20
376.798998383705
30
0.0
40
312.763640040055
210
0.0
220
0.0
230
1.0
100
AcDbArc
50
45.2468191138455
51
45.4259004170978
0
ARC
5
6D7
330
70
100
AcDbEntity
67
0
8
0
62
256
6
ByLayer
370
-1
48
1.0
60
0
100
AcDbCircle
39
0.0
10
476.532309359618
20
383.554734878945
30
0.0
40
303.253827017516
210
0.0
220
0.0
230
1.0
100
AcDbArc
50
45.061210563809
51
45.2461809520865
0
ARC
5
6D8
330
70
100
AcDbEntity
67
0
8
0
62
256
6
ByLayer
370
-1
48
1.0
60
0
100
AcDbCircle
39
0.0
10
476.329516720958
20
383.351073574539
30
0.0
40
303.54123384925
210
0.0
220
0.0
230
1.0
100
AcDbArc
50
44.8762612814624
51
45.0612685493632
0
ARC
5
6D9
330
70
100
AcDbEntity
67
0
8
0
62
256
6
ByLayer
370
-1
48
1.0
60
0
100
AcDbCircle
39
0.0
10
476.142967069787
20
383.164930611498
30
0.0
40
303.804767330671
210
0.0
220
0.0
230
1.0
100
AcDbArc
50
44.6912589316466
51
44.8763143834908
0
ARC
5
6DA
330
70
100
AcDbEntity
67
0
8
0
62
256
6
ByLayer
370
-1
48
1.0
60
0
100
AcDbCircle
39
0.0
10
475.972704698551
20
382.996133188083
30
0.0
40
304.044520911879
210
0.0
220
0.0
230
1.0
100
AcDbArc
50
44.506192309106
51
44.69130718245
0
ARC
5
6DB
330
70
100
AcDbEntity
67
0
8
0
62
256
6
ByLayer
370
-1
48
1.0
60
0
100
AcDbCircle
39
0.0
10
475.81876804019
20
382.844503958534
30
0.0
40
304.260594660601
210
0.0
220
0.0
230
1.0
100
AcDbArc
50
44.3210502728001
51
44.5062357400914
0
ARC
5
6DC
330
70
100
AcDbEntity
67
0
8
0
62
256
6
ByLayer
370
-1
48
1.0
60
0
100
AcDbCircle
39
0.0
10
475.681190042491
20
382.709861496788
30
0.0
40
304.453094675723
210
0.0
220
0.0
230
1.0
100
AcDbArc
50
44.1358217440886
51
44.3210889145775
0
ARC
5
6DD
330
70
100
AcDbEntity
67
0
8
0
62
256
6
ByLayer
370
-1
48
1.0
60
0
100
AcDbCircle
39
0.0
10
475.559997960486
20
382.592020183564
30
0.0
40
304.622133320447
210
0.0
220
0.0
230
1.0
100
AcDbArc
50
43.9504957050697
51
44.1358556264767
0
ARC
5
6DE
330
70
100
AcDbEntity
67
0
8
0
62
256
6
ByLayer
370
-1
48
1.0
60
0
100
AcDbCircle
39
0.0
10
475.455213713529
20
382.490790643234
30
0.0
40
304.767828667702
210
0.0
220
0.0
230
1.0
100
AcDbArc
50
43.7650611967288
51
43.9505248571481
0
ARC
5
6DF
330
70
100
AcDbEntity
67
0
8
0
62
256
6
ByLayer
370
-1
48
1.0
60
0
100
AcDbCircle
39
0.0
10
475.366853358887
20
382.405979322802
30
0.0
40
304.890305177388
210
0.0
220
0.0
230
1.0
100
AcDbArc
50
43.5795073175837
51
43.7650856468727
0
ARC
5
6E0
330
70
100
AcDbEntity
67
0
8
0
62
256
6
ByLayer
370
-1
48
1.0
60
0
100
AcDbCircle
39
0.0
10
475.294927581817
20
382.337389054819
30
0.0
40
304.98969295929
210
0.0
220
0.0
230
1.0
100
AcDbArc
50
43.3938232218581
51
43.579527093372
0
ARC
5
6E1
330
70
100
AcDbEntity
67
0
8
0
62
256
6
ByLayer
370
-1
48
1.0
60
0
100
AcDbCircle
39
0.0
10
475.239441673402
20
382.284819118927
30
0.0
40
305.066127753106
210
0.0
220
0.0
230
1.0
100
AcDbArc
50
43.2079981179213
51
43.3938383501565
0
ARC
5
6E2
330
70
100
AcDbEntity
67
0
8
0
62
256
6
ByLayer
370
-1
48
1.0
60
0
100
AcDbCircle
39
0.0
10
475.200395313779
20
382.24806512134
30
0.0
40
305.119751175304
210
0.0
220
0.0
230
1.0
100
AcDbArc
50
43.0220212669037
51
43.2080086248882
0
ARC
5
6E3
330
70
100
AcDbEntity
67
0
8
0
62
256
6
ByLayer
370
-1
48
1.0
60
0
100
AcDbCircle
39
0.0
10
475.177783131395
20
382.226919604711
30
0.0
40
305.150709900644
210
0.0
220
0.0
230
1.0
100
AcDbArc
50
42.8358819809142
51
43.0220271779913
0
ARC
5
6E4
330
70
100
AcDbEntity
67
0
8
0
62
256
6
ByLayer
370
-1
48
1.0
60
0
100
AcDbCircle
39
0.0
10
475.171594074194
20
382.221171538351
30
0.0
40
305.159156476576
210
0.0
220
0.0
230
1.0
100
AcDbArc
50
42.6495696219451
51
42.8358833209577
0
ARC
5
6E5
330
70
100
AcDbEntity
67
0
8
0
62
256
6
ByLayer
370
-1
48
1.0
60
0
100
AcDbCircle
39
0.0
10
475.181812146958
20
382.23060708675
30
0.0
40
305.145248267026
210
0.0
220
0.0
230
1.0
100
AcDbArc
50
42.4630736000721
51
42.6495664150856
0
ARC
5
6E6
330
70
100
AcDbEntity
67
0
8
0
62
256
6
ByLayer
370
-1
48
1.0
60
0
100
AcDbCircle
39
0.0
10
475.208415891277
20
382.255009203544
30
0.0
40
305.109148117149
210
0.0
220
0.0
230
1.0
100
AcDbArc
50
42.2763833723414
51
42.4630658698565
0
ARC
5
6E7
330
70
100
AcDbEntity
67
0
8
0
62
256
6
ByLayer
370
-1
48
1.0
60
0
100
AcDbCircle
39
0.0
10
475.251378742329
20
382.294158039022
30
0.0
40
305.051023822326
210
0.0
220
0.0
230
1.0
100
AcDbArc
50
42.089488441295
51
42.2763711416796
0
ARC
5
6E8
330
70
100
AcDbEntity
67
0
8
0
62
256
6
ByLayer
370
-1
48
1.0
60
0
100
AcDbCircle
39
0.0
10
475.310669066035
20
382.34783104744
30
0.0
40
304.971048035954
210
0.0
220
0.0
230
1.0
100
AcDbArc
50
41.9023783536202
51
42.089471732492
0
ARC
5
6E9
330
70
100
AcDbEntity
67
0
8
0
62
256
6
ByLayer
370
-1
48
1.0
60
0
100
AcDbCircle
39
0.0
10
475.386250246552
20
382.415803137964
30
0.0
40
304.869398110961
210
0.0
220
0.0
230
1.0
100
AcDbArc
50
41.7150426988426
51
41.9023571884438
0
ARC
5
6EA
330
70
100
AcDbEntity
67
0
8
0
62
256
6
ByLayer
370
-1
48
1.0
60
0
100
AcDbCircle
39
0.0
10
475.478080329076
20
382.497846426995
30
0.0
40
304.746256538844
210
0.0
220
0.0
230
1.0
100
AcDbArc
50
41.527471108319
51
41.7150170985157
0
ARC
5
6EB
330
70
100
AcDbEntity
67
0
8
0
62
256
6
ByLayer
370
-1
48
1.0
60
0
100
AcDbCircle
39
0.0
10
475.586112610369
20
382.593730841233
30
0.0
40
304.601810115486
210
0.0
220
0.0
230
1.0
100
AcDbArc
50
41.3396532536678
51
41.5274410933544
0
ARC
5
6EC
330
70
100
AcDbEntity
67
0
8
0
62
256
6
ByLayer
370
-1
48
1.0
60
0
100
AcDbCircle
39
0.0
10
475.710295725007
20
382.703224256402
30
0.0
40
304.4362497927
210
0.0
220
0.0
230
1.0
100
AcDbArc
50
41.1515788456735
51
41.3396188441644
0
ARC
5
6ED
330
70
100
AcDbEntity
67
0
8
0
62
256
6
ByLayer
370
-1
48
1.0
60
0
100
AcDbCircle
39
0.0
10
475.85057301674
20
382.826092011686
30
0.0
40
304.249771479156
210
0.0
220
0.0
230
1.0
100
AcDbArc
50
40.9632376333706
51
41.1515400611914
0
ARC
5
6EE
330
70
100
AcDbEntity
67
0
8
0
62
256
6
ByLayer
370
-1
48
1.0
60
0
100
AcDbCircle
39
0.0
10
476.00688355835
20
382.962097872394
30
0.0
40
304.042574647321
210
0.0
220
0.0
230
1.0
100
AcDbArc
50
40.7746194025331
51
40.9631944929647
0
ARC
5
6EF
330
70
100
AcDbEntity
67
0
8
0
62
256
6
ByLayer
370
-1
48
1.0
60
0
100
AcDbCircle
39
0.0
10
476.17916118317
20
383.11100324841
30
0.0
40
303.814863585683
210
0.0
220
0.0
230
1.0
100
AcDbArc
50
40.5857139750423
51
40.7745719247852
0
ARC
5
6F0
330
70
100
AcDbEntity
67
0
8
0
62
256
6
ByLayer
370
-1
48
1.0
60
0
100
AcDbCircle
39
0.0
10
476.367335511826
20
383.272568150818
30
0.0
40
303.566846005096
210
0.0
220
0.0
230
1.0
100
AcDbArc
50
40.3965112073537
51
40.5856621779476
0
ARC
5
6F1
330
70
100
AcDbEntity
67
0
8
0
62
256
6
ByLayer
370
-1
48
1.0
60
0
100
AcDbCircle
39
0.0
10
476.571331615112
20
383.446550955712
30
0.0
40
303.298733457292
210
0.0
220
0.0
230
1.0
100
AcDbArc
50
40.2070009897354
51
40.3964551086158
0
ARC
5
6F2
330
70
100
AcDbEntity
67
0
8
0
62
256
6
ByLayer
370
-1
48
1.0
60
0
100
AcDbCircle
39
0.0
10
476.791069574422
20
383.632708094748
30
0.0
40
303.010741879114
210
0.0
220
0.0
230
1.0
100
AcDbArc
50
40.017173245444
51
40.2069406065502
0
ARC
5
6F3
330
70
100
AcDbEntity
67
0
8
0
62
256
6
ByLayer
370
-1
48
1.0
60
0
100
AcDbCircle
39
0.0
10
477.026465583284
20
383.830795050635
30
0.0
40
302.703090117705
210
0.0
220
0.0
230
1.0
100
AcDbArc
50
39.8270179293103
51
40.017108594508
0
ARC
5
6F4
330
70
100
AcDbEntity
67
0
8
0
62
256
6
ByLayer
370
-1
48
1.0
60
0
100
AcDbCircle
39
0.0
10
477.277431254523
20
384.040565823696
30
0.0
40
302.376000813382
210
0.0
220
0.0
230
1.0
100
AcDbArc
50
39.6365250271912
51
39.8269490270382
0
ARC
5
6F5
330
70
100
AcDbEntity
67
0
8
0
62
256
6
ByLayer
370
-1
48
1.0
60
0
100
AcDbCircle
39
0.0
10
477.543873730062
20
384.261773085818
30
0.0
40
302.029700226065
210
0.0
220
0.0
230
1.0
100
AcDbArc
50
39.4456845550229
51
39.6364518895342
0
ARC
5
6F6
330
70
100
AcDbEntity
67
0
8
0
62
256
6
ByLayer
370
-1
48
1.0
60
0
100
AcDbCircle
39
0.0
10
477.82569611973
20
384.49416860074
30
0.0
40
301.664417638761
210
0.0
220
0.0
230
1.0
100
AcDbArc
50
39.2544865578126
51
39.4456071974954
0
ARC
5
6F7
330
70
100
AcDbEntity
67
0
8
0
62
256
6
ByLayer
370
-1
48
1.0
60
0
100
AcDbCircle
39
0.0
10
478.122797493182
20
384.737503266227
30
0.0
40
301.28038534668
210
0.0
220
0.0
230
1.0
100
AcDbArc
50
39.0629211088555
51
39.2544049956458
0
ARC
5
6F8
330
70
100
AcDbEntity
67
0
8
0
62
256
6
ByLayer
370
-1
48
1.0
60
0
100
AcDbCircle
39
0.0
10
478.435072517947
20
384.99152687112
30
0.0
40
300.877839101032
210
0.0
220
0.0
230
1.0
100
AcDbArc
50
38.8709783091148
51
39.0628353569263
0
ARC
5
6F9
330
70
100
AcDbEntity
67
0
8
0
62
256
6
ByLayer
370
-1
48
1.0
60
0
100
AcDbCircle
39
0.0
10
478.762412045945
20
385.255988626918
30
0.0
40
300.457017328574
210
0.0
220
0.0
230
1.0
100
AcDbArc
50
38.6786482862561
51
38.8708883819164
0
ARC
5
6FA
330
70
100
AcDbEntity
67
0
8
0
62
256
6
ByLayer
370
-1
48
1.0
60
0
100
AcDbCircle
39
0.0
10
479.104703025123
20
385.53063714235
30
0.0
40
300.018161226449
210
0.0
220
0.0
230
1.0
100
AcDbArc
50
38.4859211939635
51
38.6785541979864
0
ARC
5
6FB
330
70
100
AcDbEntity
67
0
8
0
62
256
6
ByLayer
370
-1
48
1.0
60
0
100
AcDbCircle
39
0.0
10
479.461828418988
20
385.815220407465
30
0.0
40
299.561514845173
210
0.0
220
0.0
230
1.0
100
AcDbArc
50
38.2927872113492
51
38.4858229585466
0
ARC
5
6FC
330
70
100
AcDbEntity
67
0
8
0
62
256
6
ByLayer
370
-1
48
1.0
60
0
100
AcDbCircle
39
0.0
10
479.833667492008
20
386.109486069587
30
0.0
40
299.087324703856
210
0.0
220
0.0
230
1.0
100
AcDbArc
50
38.0992365421542
51
38.2926848423888
0
ARC
5
6FD
330
70
100
AcDbEntity
67
0
8
0
62
256
6
ByLayer
370
-1
48
1.0
60
0
100
AcDbCircle
39
0.0
10
480.220095645538
20
386.413181348675
30
0.0
40
298.595839981931
210
0.0
220
0.0
230
1.0
100
AcDbArc
50
37.9052594142848
51
38.0991300529937
0
ARC
5
6FE
330
70
100
AcDbEntity
67
0
8
0
62
256
6
ByLayer
370
-1
48
1.0
60
0
100
AcDbCircle
39
0.0
10
480.620984959794
20
386.726053507798
30
0.0
40
298.087311812994
210
0.0
220
0.0
230
1.0
100
AcDbArc
50
37.7108460789203
51
37.9051488179892
0
ARC
5
6FF
330
70
100
AcDbEntity
67
0
8
0
62
256
6
ByLayer
370
-1
48
1.0
60
0
100
AcDbCircle
39
0.0
10
481.036203557283
20
387.047849397149
30
0.0
40
297.561994078007
210
0.0
220
0.0
230
1.0
100
AcDbArc
50
37.5159868103716
51
37.71073138839
0
ARC
5
700
330
70
100
AcDbEntity
67
0
8
0
62
256
6
ByLayer
370
-1
48
1.0
60
0
100
AcDbCircle
39
0.0
10
481.465616225747
20
387.378315984618
30
0.0
40
297.020142598838
210
0.0
220
0.0
230
1.0
100
AcDbArc
50
37.3206719052432
51
37.5158680381763
0
ARC
5
701
330
70
100
AcDbEntity
67
0
8
0
62
256
6
ByLayer
370
-1
48
1.0
60
0
100
AcDbCircle
39
0.0
10
481.909084450543
20
387.717200417721
30
0.0
40
296.462015085951
210
0.0
220
0.0
230
1.0
100
AcDbArc
50
37.1248916819591
51
37.3205490637515
0
ARC
5
702
330
70
100
AcDbEntity
67
0
8
0
62
256
6
ByLayer
370
-1
48
1.0
60
0
100
AcDbCircle
39
0.0
10
482.366466357683
20
388.064250017746
30
0.0
40
295.887871198442
210
0.0
220
0.0
230
1.0
100
AcDbArc
50
36.9286364803958
51
37.1247647834308
0
ARC
5
703
330
70
100
AcDbEntity
67
0
8
0
62
256
6
ByLayer
370
-1
48
1.0
60
0
100
AcDbCircle
39
0.0
10
482.837616627436
20
388.419212254978
30
0.0
40
295.297972639209
210
0.0
220
0.0
230
1.0
100
AcDbArc
50
36.7318966614968
51
36.9285055368877
0
ARC
5
704
330
70
100
AcDbEntity
67
0
8
0
62
256
6
ByLayer
370
-1
48
1.0
60
0
100
AcDbCircle
39
0.0
10
483.322386970332
20
388.781835145521
30
0.0
40
294.692582547492
210
0.0
220
0.0
230
1.0
100
AcDbArc
50
36.5346626067251
51
36.7317616849031
0
ARC
5
705
330
70
100
AcDbEntity
67
0
8
0
62
256
6
ByLayer
370
-1
48
1.0
60
0
100
AcDbCircle
39
0.0
10
483.820625737142
20
389.151866994423
30
0.0
40
294.071965976713
210
0.0
220
0.0
230
1.0
100
AcDbArc
50
36.3369247179013
51
36.5345236087817
0
ARC
5
706
330
70
100
AcDbEntity
67
0
8
0
62
256
6
ByLayer
370
-1
48
1.0
60
0
100
AcDbCircle
39
0.0
10
484.332178463153
20
389.529056837096
30
0.0
40
293.436389206113
210
0.0
220
0.0
230
1.0
100
AcDbArc
50
36.1386734166678
51
36.3367817101705
0
ARC
5
707
330
70
100
AcDbEntity
67
0
8
0
62
256
6
ByLayer
370
-1
48
1.0
60
0
100
AcDbCircle
39
0.0
10
484.856887670676
20
389.913154324209
30
0.0
40
292.786119979951
210
0.0
220
0.0
230
1.0
100
AcDbArc
50
35.939899144344
51
36.1385264106526
0
ARC
5
708
330
70
100
AcDbEntity
67
0
8
0
62
256
6
ByLayer
370
-1
48
1.0
60
0
100
AcDbCircle
39
0.0
10
485.394593019473
20
390.303909865519
30
0.0
40
292.121427313228
210
0.0
220
0.0
230
1.0
100
AcDbArc
50
35.74059236161
51
35.9397481514561
0
ARC
5
709
330
70
100
AcDbEntity
67
0
8
0
62
256
6
ByLayer
370
-1
48
1.0
60
0
100
AcDbCircle
39
0.0
10
485.945131370263
20
390.701074706956
30
0.0
40
291.442581407185
210
0.0
220
0.0
230
1.0
100
AcDbArc
50
35.5407435483492
51
35.7404373932519
0
ARC
5
70A
330
70
100
AcDbEntity
67
0
8
0
62
256
6
ByLayer
370
-1
48
1.0
60
0
100
AcDbCircle
39
0.0
10
486.508336549835
20
391.104400795002
30
0.0
40
290.749853931487
210
0.0
220
0.0
230
1.0
100
AcDbArc
50
35.3403432035329
51
35.5405846157396
0
ARC
5
70B
330
70
100
AcDbEntity
67
0
8
0
62
256
6
ByLayer
370
-1
48
1.0
60
0
100
AcDbCircle
39
0.0
10
487.084040209901
20
391.513641421255
30
0.0
40
290.043516963156
210
0.0
220
0.0
230
1.0
100
AcDbArc
50
35.1393818448159
51
35.3401803178672
0
ARC
5
70C
330
70
100
AcDbEntity
67
0
8
0
62
256
6
ByLayer
370
-1
48
1.0
60
0
100
AcDbCircle
39
0.0
10
487.672071167444
20
391.928550776857
30
0.0
40
289.323843795005
210
0.0
220
0.0
230
1.0
100
AcDbArc
50
34.9378500086736
51
35.1392150173123
0
ARC
5
70D
330
70
100
AcDbEntity
67
0
8
0
62
256
6
ByLayer
370
-1
48
1.0
60
0
100
AcDbCircle
39
0.0
10
488.272255735036
20
392.348884216933
30
0.0
40
288.591108526032
210
0.0
220
0.0
230
1.0
100
AcDbArc
50
34.7357382502783
51
34.9376792505365
0
ARC
5
70E
330
70
100
AcDbEntity
67
0
8
0
62
256
6
ByLayer
370
-1
48
1.0
60
0
100
AcDbCircle
39
0.0
10
488.88441788799
20
392.774398403294
30
0.0
40
287.845585855547
210
0.0
220
0.0
230
1.0
100
AcDbArc
50
34.5330371434097
51
34.7355635727369
0
ARC
5
70F
330
70
100
AcDbEntity
67
0
8
0
62
256
6
ByLayer
370
-1
48
1.0
60
0
100
AcDbCircle
39
0.0
10
489.508379022934
20
393.204851162615
30
0.0
40
287.087551375394
210
0.0
220
0.0
230
1.0
100
AcDbArc
50
34.3297372806033
51
34.5328585576876
0
ARC
5
710
330
70
100
AcDbEntity
67
0
8
0
62
256
6
ByLayer
370
-1
48
1.0
60
0
100
AcDbCircle
39
0.0
10
490.143958638751
20
393.640001980772
30
0.0
40
286.317280741923
210
0.0
220
0.0
230
1.0
100
AcDbArc
50
34.1258292729144
51
34.3295547979845
0
ARC
5
711
330
70
100
AcDbEntity
67
0
8
0
62
256
6
ByLayer
370
-1
48
1.0
60
0
100
AcDbCircle
39
0.0
10
490.790973512888
20
394.079611460743
30
0.0
40
285.535050675218
210
0.0
220
0.0
230
1.0
100
AcDbArc
50
33.9213037504181
51
34.1256429047378
0
ARC
5
712
330
70
100
AcDbEntity
67
0
8
0
62
256
6
ByLayer
370
-1
48
1.0
60
0
100
AcDbCircle
39
0.0
10
491.449238778074
20
394.523442080486
30
0.0
40
284.741137656041
210
0.0
220
0.0
230
1.0
100
AcDbArc
50
33.7161513619005
51
33.9211135080851
0
ARC
5
713
330
70
100
AcDbEntity
67
0
8
0
62
256
6
ByLayer
370
-1
48
1.0
60
0
100
AcDbCircle
39
0.0
10
492.118567243093
20
394.971257751133
30
0.0
40
283.935818749602
210
0.0
220
0.0
230
1.0
100
AcDbArc
50
33.510362775316
51
33.7159572569638
0
ARC
5
714
330
70
100
AcDbEntity
67
0
8
0
62
256
6
ByLayer
370
-1
48
1.0
60
0
100
AcDbCircle
39
0.0
10
492.798769804475
20
395.422824116485
30
0.0
40
283.11937111059
210
0.0
220
0.0
230
1.0
100
AcDbArc
50
33.3039286778713
51
33.5101648194472
0
ARC
5
715
330
70
100
AcDbEntity
67
0
8
0
62
256
6
ByLayer
370
-1
48
1.0
60
0
100
AcDbCircle
39
0.0
10
493.489655336933
20
395.877908499678
30
0.0
40
282.292072117845
210
0.0
220
0.0
230
1.0
100
AcDbArc
50
33.0968397763544
51
33.3037268828751
0
ARC
5
716
330
70
100
AcDbEntity
67
0
8
0
62
256
6
ByLayer
370
-1
48
1.0
60
0
100
AcDbCircle
39
0.0
10
494.191030928012
20
396.336280077763
30
0.0
40
281.454199096402
210
0.0
220
0.0
230
1.0
100
AcDbArc
50
32.8890867973386
51
33.0966341541592
0
ARC
5
717
330
70
100
AcDbEntity
67
0
8
0
62
256
6
ByLayer
370
-1
48
1.0
60
0
100
AcDbCircle
39
0.0
10
494.902701924493
20
396.797709928562
30
0.0
40
280.606029267204
210
0.0
220
0.0
230
1.0
100
AcDbArc
50
32.6806604875379
51
32.8888773600767
0
ARC
5
718
330
70
100
AcDbEntity
67
0
8
0
62
256
6
ByLayer
370
-1
48
1.0
60
0
100
AcDbCircle
39
0.0
10
495.624471993739
20
397.261971086998
30
0.0
40
279.747839679307
210
0.0
220
0.0
230
1.0
100
AcDbArc
50
32.4715516141268
51
32.6804472475408
0
ARC
5
719
330
70
100
AcDbEntity
67
0
8
0
62
256
6
ByLayer
370
-1
48
1.0
60
0
100
AcDbCircle
39
0.0
10
496.356142964526
20
397.728838459755
30
0.0
40
278.879907404382
210
0.0
220
0.0
230
1.0
100
AcDbArc
50
32.2617509653663
51
32.4713345839819
0
ARC
5
71A
330
70
100
AcDbEntity
67
0
8
0
62
256
6
ByLayer
370
-1
48
1.0
60
0
100
AcDbCircle
39
0.0
10
497.09751539387
20
398.19808920362
30
0.0
40
278.002508869992
210
0.0
220
0.0
230
1.0
100
AcDbArc
50
32.0512493507049
51
32.2615301578463
0
ARC
5
71B
330
70
100
AcDbEntity
67
0
8
0
62
256
6
ByLayer
370
-1
48
1.0
60
0
100
AcDbCircle
39
0.0
10
497.848388009709
20
398.669502384735
30
0.0
40
277.115920527509
210
0.0
220
0.0
230
1.0
100
AcDbArc
50
31.840037601702
51
32.0510247789206
0
ARC
5
71C
330
70
100
AcDbEntity
67
0
8
0
62
256
6
ByLayer
370
-1
48
1.0
60
0
100
AcDbCircle
39
0.0
10
498.608558318948
20
399.142859378246
30
0.0
40
276.220418139566
210
0.0
220
0.0
230
1.0
100
AcDbArc
50
31.628106572194
51
31.8398092789347
0
ARC
5
71D
330
70
100
AcDbEntity
67
0
8
0
62
256
6
ByLayer
370
-1
48
1.0
60
0
100
AcDbCircle
39
0.0
10
499.269479459927
20
399.550979040238
30
0.0
40
275.443644312233
210
0.0
220
0.0
230
1.0
100
AcDbArc
50
31.4155895184103
51
31.6279168442912
0
ARC
5
71E
330
70
100
AcDbEntity
67
0
8
0
62
256
6
ByLayer
370
-1
48
1.0
60
0
100
AcDbCircle
39
0.0
10
499.48961747071
20
399.685808836531
30
0.0
40
275.185497618703
210
0.0
220
0.0
230
1.0
100
AcDbArc
50
31.202972856164
51
31.4155229299069
0
ARC
5
71F
330
70
100
AcDbEntity
67
0
8
0
62
256
6
ByLayer
370
-1
48
1.0
60
0
100
AcDbCircle
39
0.0
10
499.723088932685
20
399.82761741386
30
0.0
40
274.912333783383
210
0.0
220
0.0
230
1.0
100
AcDbArc
50
30.9901193943069
51
31.2029021426728
0
ARC
5
720
330
70
100
AcDbEntity
67
0
8
0
62
256
6
ByLayer
370
-1
48
1.0
60
0
100
AcDbCircle
39
0.0
10
499.969045341007
20
399.975761587738
30
0.0
40
274.625208160163
210
0.0
220
0.0
230
1.0
100
AcDbArc
50
30.7770203147986
51
30.990044924737
0
ARC
5
721
330
70
100
AcDbEntity
67
0
8
0
62
256
6
ByLayer
370
-1
48
1.0
60
0
100
AcDbCircle
39
0.0
10
500.22744007236
20
400.13009122531
30
0.0
40
274.324234184847
210
0.0
220
0.0
230
1.0
100
AcDbArc
50
30.5636664484676
51
30.7769420955111
0
ARC
5
722
330
70
100
AcDbEntity
67
0
8
0
62
256
6
ByLayer
370
-1
48
1.0
60
0
100
AcDbCircle
39
0.0
10
500.498222656429
20
400.29045513739
30
0.0
40
274.00952854729
210
0.0
220
0.0
230
1.0
100
AcDbArc
50
30.3500486373033
51
30.5635844856659
0
ARC
5
723
330
70
100
AcDbEntity
67
0
8
0
62
256
6
ByLayer
370
-1
48
1.0
60
0
100
AcDbCircle
39
0.0
10
500.781339306435
20
400.456701441974
30
0.0
40
273.681210555821
210
0.0
220
0.0
230
1.0
100
AcDbArc
50
30.1361577339614
51
30.3499629370753
0
ARC
5
724
330
70
100
AcDbEntity
67
0
8
0
62
256
6
ByLayer
370
-1
48
1.0
60
0
100
AcDbCircle
39
0.0
10
501.076732518698
20
400.628677373309
30
0.0
40
273.339402585531
210
0.0
220
0.0
230
1.0
100
AcDbArc
50
29.9219846017945
51
30.1360683024425
0
ARC
5
725
330
70
100
AcDbEntity
67
0
8
0
62
256
6
ByLayer
370
-1
48
1.0
60
0
100
AcDbCircle
39
0.0
10
501.384341089367
20
400.806229342489
30
0.0
40
272.98423003978
210
0.0
220
0.0
230
1.0
100
AcDbArc
50
29.7075201146543
51
29.9218914450718
0
ARC
5
726
330
70
100
AcDbEntity
67
0
8
0
62
256
6
ByLayer
370
-1
48
1.0
60
0
100
AcDbCircle
39
0.0
10
501.704100146115
20
400.989203005998
30
0.0
40
272.615821295098
210
0.0
220
0.0
230
1.0
100
AcDbArc
50
29.4927551567365
51
29.7074232386967
0
ARC
5
727
330
70
100
AcDbEntity
67
0
8
0
62
256
6
ByLayer
370
-1
48
1.0
60
0
100
AcDbCircle
39
0.0
10
502.035941726398
20
401.177443641792
30
0.0
40
272.234307019318
210
0.0
220
0.0
230
1.0
100
AcDbArc
50
29.2776806220982
51
29.4926545674734
0
ARC
5
728
330
70
100
AcDbEntity
67
0
8
0
62
256
6
ByLayer
370
-1
48
1.0
60
0
100
AcDbCircle
39
0.0
10
502.379793830093
20
401.370795655698
30
0.0
40
271.839821246089
210
0.0
220
0.0
230
1.0
100
AcDbArc
50
29.062287415088
51
29.2775763255039
0
ARC
5
729
330
70
100
AcDbEntity
67
0
8
0
62
256
6
ByLayer
370
-1
48
1.0
60
0
100
AcDbCircle
39
0.0
10
502.735581437546
20
401.569103204812
30
0.0
40
271.432500189065
210
0.0
220
0.0
230
1.0
100
AcDbArc
50
28.8465664496701
51
29.0621794170319
0
ARC
5
72A
330
70
100
AcDbEntity
67
0
8
0
62
256
6
ByLayer
370
-1
48
1.0
60
0
100
AcDbCircle
39
0.0
10
503.10322592194
20
401.772209909635
30
0.0
40
271.012482902638
210
0.0
220
0.0
230
1.0
100
AcDbArc
50
28.6305086496596
51
28.8464547560934
0
ARC
5
72B
330
70
100
AcDbEntity
67
0
8
0
62
256
6
ByLayer
370
-1
48
1.0
60
0
100
AcDbCircle
39
0.0
10
503.482645107637
20
401.979958934989
30
0.0
40
270.579911199193
210
0.0
220
0.0
230
1.0
100
AcDbArc
50
28.4141049486664
51
28.6303932664598
0
ARC
5
72C
330
70
100
AcDbEntity
67
0
8
0
62
256
6
ByLayer
370
-1
48
1.0
60
0
100
AcDbCircle
39
0.0
10
503.873753841574
20
402.192193346665
30
0.0
40
270.134928984261
210
0.0
220
0.0
230
1.0
100
AcDbArc
50
28.1973462896668
51
28.4139858816738
0
ARC
5
72D
330
70
100
AcDbEntity
67
0
8
0
62
256
6
ByLayer
370
-1
48
1.0
60
0
100
AcDbCircle
39
0.0
10
504.276463367805
20
402.408755811428
30
0.0
40
269.677682957135
210
0.0
220
0.0
230
1.0
100
AcDbArc
50
27.9802236254029
51
28.1972235448242
0
ARC
5
72E
330
70
100
AcDbEntity
67
0
8
0
62
256
6
ByLayer
370
-1
48
1.0
60
0
100
AcDbCircle
39
0.0
10
504.690681758052
20
402.629488875141
30
0.0
40
269.208322107885
210
0.0
220
0.0
230
1.0
100
AcDbArc
50
27.7627279181402
51
27.9800972086367
0
ARC
5
72F
330
70
100
AcDbEntity
67
0
8
0
62
256
6
ByLayer
370
-1
48
1.0
60
0
100
AcDbCircle
39
0.0
10
505.116314084061
20
402.85423509359
30
0.0
40
268.726997511848
210
0.0
220
0.0
230
1.0
100
AcDbArc
50
27.5448501395138
51
27.7625978354194
0
ARC
5
730
330
70
100
AcDbEntity
67
0
8
0
62
256
6
ByLayer
370
-1
48
1.0
60
0
100
AcDbCircle
39
0.0
10
505.553261794595
20
403.082836744454
30
0.0
40
268.233863023329
210
0.0
220
0.0
230
1.0
100
AcDbArc
50
27.326581271013
51
27.5447163969172
0
ARC
5
731
330
70
100
AcDbEntity
67
0
8
0
62
256
6
ByLayer
370
-1
48
1.0
60
0
100
AcDbCircle
39
0.0
10
506.001423450294
20
403.315136257504
30
0.0
40
267.729074433487
210
0.0
220
0.0
230
1.0
100
AcDbArc
50
27.107912303608
51
27.3264438745474
0
ARC
5
732
330
70
100
AcDbEntity
67
0
8
0
62
256
6
ByLayer
370
-1
48
1.0
60
0
100
AcDbCircle
39
0.0
10
506.460694682646
20
403.550976228028
30
0.0
40
267.212789509211
210
0.0
220
0.0
230
1.0
100
AcDbArc
50
26.8888342378525
51
27.107771259404
0
ARC
5
733
330
70
100
AcDbEntity
67
0
8
0
62
256
6
ByLayer
370
-1
48
1.0
60
0
100
AcDbCircle
39
0.0
10
506.93096785172
20
403.790199279689
30
0.0
40
266.685168369024
210
0.0
220
0.0
230
1.0
100
AcDbArc
50
26.669338084189
51
26.8886895521828
0
ARC
5
734
330
70
100
AcDbEntity
67
0
8
0
62
256
6
ByLayer
370
-1
48
1.0
60
0
100
AcDbCircle
39
0.0
10
507.412132329376
20
404.032648250594
30
0.0
40
266.146373155227
210
0.0
220
0.0
230
1.0
100
AcDbArc
50
26.449414862944
51
26.6691897633707
0
ARC
5
735
330
70
100
AcDbEntity
67
0
8
0
62
256
6
ByLayer
370
-1
48
1.0
60
0
100
AcDbCircle
39
0.0
10
507.904074544911
20
404.278166254118
30
0.0
40
265.596567974896
210
0.0
220
0.0
230
1.0
100
AcDbArc
50
26.2290556044431
51
26.4492629133359
0
ARC
5
736
330
70
100
AcDbEntity
67
0
8
0
62
256
6
ByLayer
370
-1
48
1.0
60
0
100
AcDbCircle
39
0.0
10
508.40667808395
20
404.526596764687
30
0.0
40
265.035918782384
210
0.0
220
0.0
230
1.0
100
AcDbArc
50
26.0082513491837
51
26.2289000325228
0
ARC
5
737
330
70
100
AcDbEntity
67
0
8
0
62
256
6
ByLayer
370
-1
48
1.0
60
0
100
AcDbCircle
39
0.0
10
508.919823824407
20
404.777783719706
30
0.0
40
264.464593221726
210
0.0
220
0.0
230
1.0
100
AcDbArc
50
25.7869931479233
51
26.0080921615974
0
ARC
5
738
330
70
100
AcDbEntity
67
0
8
0
62
256
6
ByLayer
370
-1
48
1.0
60
0
100
AcDbCircle
39
0.0
10
509.443389635734
20
405.031571407496
30
0.0
40
263.882760955643
210
0.0
220
0.0
230
1.0
100
AcDbArc
50
25.565272062123
51
25.7868303515411
0
ARC
5
739
330
70
100
AcDbEntity
67
0
8
0
62
256
6
ByLayer
370
-1
48
1.0
60
0
100
AcDbCircle
39
0.0
10
509.97725053191
20
405.287804581003
30
0.0
40
263.290593488054
210
0.0
220
0.0
230
1.0
100
AcDbArc
50
25.3430791640806
51
25.5651056638518
0
ARC
5
73A
330
70
100
AcDbEntity
67
0
8
0
62
256
6
ByLayer
370
-1
48
1.0
60
0
100
AcDbCircle
39
0.0
10
510.521278999257
20
405.546328649559
30
0.0
40
262.688263795543
210
0.0
220
0.0
230
1.0
100
AcDbArc
50
25.1204055371004
51
25.3429091709448
0
ARC
5
73B
330
70
100
AcDbEntity
67
0
8
0
62
256
6
ByLayer
370
-1
48
1.0
60
0
100
AcDbCircle
39
0.0
10
511.075344942659
20
405.806989684117
30
0.0
40
262.075946383813
210
0.0
220
0.0
230
1.0
100
AcDbArc
50
24.897242275812
51
25.1202319563488
0
ARC
5
73C
330
70
100
AcDbEntity
67
0
8
0
62
256
6
ByLayer
370
-1
48
1.0
60
0
100
AcDbCircle
39
0.0
10
511.639315477702
20
406.06963435334
30
0.0
40
261.453817513273
210
0.0
220
0.0
230
1.0
100
AcDbArc
50
24.6735804866137
51
24.897065114878
0
ARC
5
73D
330
70
100
AcDbEntity
67
0
8
0
62
256
6
ByLayer
370
-1
48
1.0
60
0
100
AcDbCircle
39
0.0
10
512.213055427672
20
406.334110188364
30
0.0
40
260.822054647183
210
0.0
220
0.0
230
1.0
100
AcDbArc
50
24.4494112878002
51
24.673399753149
0
ARC
5
73E
330
70
100
AcDbEntity
67
0
8
0
62
256
6
ByLayer
370
-1
48
1.0
60
0
100
AcDbCircle
39
0.0
10
512.796426682747
20
406.600265319139
30
0.0
40
260.180837154629
210
0.0
220
0.0
230
1.0
100
AcDbArc
50
24.2247258103105
51
24.4492269896463
0
ARC
5
73F
330
70
100
AcDbEntity
67
0
8
0
62
256
6
ByLayer
370
-1
48
1.0
60
0
100
AcDbCircle
39
0.0
10
513.389289329389
20
406.867949022456
30
0.0
40
259.530345066338
210
0.0
220
0.0
230
1.0
100
AcDbArc
50
23.9995151975468
51
24.224537955528
0
ARC
5
740
330
70
100
AcDbEntity
67
0
8
0
62
256
6
ByLayer
370
-1
48
1.0
60
0
100
AcDbCircle
39
0.0
10
513.991500407743
20
407.137011187351
30
0.0
40
258.870760438176
210
0.0
220
0.0
230
1.0
100
AcDbArc
50
23.7737706065006
51
23.9993237944962
0
ARC
5
741
330
70
100
AcDbEntity
67
0
8
0
62
256
6
ByLayer
370
-1
48
1.0
60
0
100
AcDbCircle
39
0.0
10
514.602915066803
20
407.407302867529
30
0.0
40
258.202266082241
210
0.0
220
0.0
230
1.0
100
AcDbArc
50
23.5474832076447
51
23.7735756637013
0
ARC
5
742
330
70
100
AcDbEntity
67
0
8
0
62
256
6
ByLayer
370
-1
48
1.0
60
0
100
AcDbCircle
39
0.0
10
515.223386020769
20
407.678676065088
30
0.0
40
257.525046162878
210
0.0
220
0.0
230
1.0
100
AcDbArc
50
23.3206441857271
51
23.5472847339373
0
ARC
5
743
330
70
100
AcDbEntity
67
0
8
0
62
256
6
ByLayer
370
-1
48
1.0
60
0
100
AcDbCircle
39
0.0
10
515.852763794819
20
407.950983868853
30
0.0
40
256.839285927539
210
0.0
220
0.0
230
1.0
100
AcDbArc
50
23.093244740192
51
23.3204421902129
0
ARC
5
744
330
70
100
AcDbEntity
67
0
8
0
62
256
6
ByLayer
370
-1
48
1.0
60
0
100
AcDbCircle
39
0.0
10
516.490896778684
20
408.224080504597
30
0.0
40
256.145171649352
210
0.0
220
0.0
230
1.0
100
AcDbArc
50
22.8652760857912
51
23.0930392323296
0
ARC
5
745
330
70
100
AcDbEntity
67
0
8
0
62
256
6
ByLayer
370
-1
48
1.0
60
0
100
AcDbCircle
39
0.0
10
517.137631191193
20
408.497821347686
30
0.0
40
255.442890666558
210
0.0
220
0.0
230
1.0
100
AcDbArc
50
22.6367294531462
51
22.865067075323
0
ARC
5
746
330
70
100
AcDbEntity
67
0
8
0
62
256
6
ByLayer
370
-1
48
1.0
60
0
100
AcDbCircle
39
0.0
10
517.792811076689
20
408.772062949968
30
0.0
40
254.732631387354
210
0.0
220
0.0
230
1.0
100
AcDbArc
50
22.4075960894619
51
22.6365169500843
0
ARC
5
747
330
70
100
AcDbEntity
67
0
8
0
62
256
6
ByLayer
370
-1
48
1.0
60
0
100
AcDbCircle
39
0.0
10
518.456278931666
20
409.046663326293
30
0.0
40
254.014582613399
210
0.0
220
0.0
230
1.0
100
AcDbArc
50
22.1778672588648
51
22.40738010422
0
ARC
5
748
330
70
100
AcDbEntity
67
0
8
0
62
256
6
ByLayer
370
-1
48
1.0
60
0
100
AcDbCircle
39
0.0
10
519.127874703754
20
409.321481563964
30
0.0
40
253.288934626465
210
0.0
220
0.0
230
1.0
100
AcDbArc
50
21.9475342436655
51
22.177647802251
0
ARC
5
749
330
70
100
AcDbEntity
67
0
8
0
62
256
6
ByLayer
370
-1
48
1.0
60
0
100
AcDbCircle
39
0.0
10
519.807436960089
20
409.596378330631
30
0.0
40
252.55587792726
210
0.0
220
0.0
230
1.0
100
AcDbArc
50
21.716588344487
51
21.9473113267891
0
ARC
5
74A
330
70
100
AcDbEntity
67
0
8
0
62
256
6
ByLayer
370
-1
48
1.0
60
0
100
AcDbCircle
39
0.0
10
520.494802177848
20
409.871215606183
30
0.0
40
251.815604006389
210
0.0
220
0.0
230
1.0
100
AcDbArc
50
21.4850208814221
51
21.7163619789108
0
ARC
5
74B
330
70
100
AcDbEntity
67
0
8
0
62
256
6
ByLayer
370
-1
48
1.0
60
0
100
AcDbCircle
39
0.0
10
521.189805163966
20
410.145856877013
30
0.0
40
251.068304895378
210
0.0
220
0.0
230
1.0
100
AcDbArc
50
21.2528231946895
51
21.4847910791319
0
ARC
5
74C
330
70
100
AcDbEntity
67
0
8
0
62
256
6
ByLayer
370
-1
48
1.0
60
0
100
AcDbCircle
39
0.0
10
521.892278897756
20
410.420167096405
30
0.0
40
250.314173340675
210
0.0
220
0.0
230
1.0
100
AcDbArc
50
21.0199866455437
51
21.25258996807
0
ARC
5
74D
330
70
100
AcDbEntity
67
0
8
0
62
256
6
ByLayer
370
-1
48
1.0
60
0
100
AcDbCircle
39
0.0
10
522.602054825916
20
410.694012822708
30
0.0
40
249.553402491825
210
0.0
220
0.0
230
1.0
100
AcDbArc
50
20.7865026170289
51
21.0197500073949
0
ARC
5
74E
330
70
100
AcDbEntity
67
0
8
0
62
256
6
ByLayer
370
-1
48
1.0
60
0
100
AcDbCircle
39
0.0
10
523.318962793652
20
410.967262212469
30
0.0
40
248.786185981622
210
0.0
220
0.0
230
1.0
100
AcDbArc
50
20.5523625149902
51
20.786262580679
0
ARC
5
74F
330
70
100
AcDbEntity
67
0
8
0
62
256
6
ByLayer
370
-1
48
1.0
60
0
100
AcDbCircle
39
0.0
10
524.0428310406
20
411.239785040731
30
0.0
40
248.012717936284
210
0.0
220
0.0
230
1.0
100
AcDbArc
50
20.3175577690166
51
20.5521190942391
0
ARC
5
750
330
70
100
AcDbEntity
67
0
8
0
62
256
6
ByLayer
370
-1
48
1.0
60
0
100
AcDbCircle
39
0.0
10
524.773486327197
20
411.511452769795
30
0.0
40
247.233192846734
210
0.0
220
0.0
230
1.0
100
AcDbArc
50
20.0820798334348
51
20.3173109781597
0
ARC
5
751
330
70
100
AcDbEntity
67
0
8
0
62
256
6
ByLayer
370
-1
48
1.0
60
0
100
AcDbCircle
39
0.0
10
525.510754002064
20
411.782138593996
30
0.0
40
246.447805503796
210
0.0
220
0.0
230
1.0
100
AcDbArc
50
19.8459201883201
51
20.0818296872745
0
ARC
5
752
330
70
100
AcDbEntity
67
0
8
0
62
256
6
ByLayer
370
-1
48
1.0
60
0
100
AcDbCircle
39
0.0
10
526.254458065612
20
412.051717481949
30
0.0
40
245.65675093806
210
0.0
220
0.0
230
1.0
100
AcDbArc
50
19.6090703405491
51
19.8456667021854
0
ARC
5
753
330
70
100
AcDbEntity
67
0
8
0
62
256
6
ByLayer
370
-1
48
1.0
60
0
100
AcDbCircle
39
0.0
10
527.004421191487
20
412.320066202486
30
0.0
40
244.860224405204
210
0.0
220
0.0
230
1.0
100
AcDbArc
50
19.3715218249931
51
19.6088135303787
0
ARC
5
754
330
70
100
AcDbEntity
67
0
8
0
62
256
6
ByLayer
370
-1
48
1.0
60
0
100
AcDbCircle
39
0.0
10
527.760464851031
20
412.587063387346
30
0.0
40
244.058421262185
210
0.0
220
0.0
230
1.0
100
AcDbArc
50
19.1332662055567
51
19.3712617072919
0
ARC
5
755
330
70
100
AcDbEntity
67
0
8
0
62
256
6
ByLayer
370
-1
48
1.0
60
0
100
AcDbCircle
39
0.0
10
528.522409109511
20
412.852589477195
30
0.0
40
243.251537192039
210
0.0
220
0.0
230
1.0
100
AcDbArc
50
18.8942950766095
51
19.1330027974326
0
ARC
5
756
330
70
100
AcDbEntity
67
0
8
0
62
256
6
ByLayer
370
-1
48
1.0
60
0
100
AcDbCircle
39
0.0
10
529.290073248586
20
413.116526955873
30
0.0
40
242.439767553863
210
0.0
220
0.0
230
1.0
100
AcDbArc
50
18.6546000638278
51
18.8940283957634
0
ARC
5
757
330
70
100
AcDbEntity
67
0
8
0
62
256
6
ByLayer
370
-1
48
1.0
60
0
100
AcDbCircle
39
0.0
10
530.063275034946
20
413.378760113035
30
0.0
40
241.623308166675
210
0.0
220
0.0
230
1.0
100
AcDbArc
50
18.41417282601
51
18.6543301286562
0
ARC
5
758
330
70
100
AcDbEntity
67
0
8
0
62
256
6
ByLayer
370
-1
48
1.0
60
0
100
AcDbCircle
39
0.0
10
530.841831657544
20
413.639175380679
30
0.0
40
240.802354328976
210
0.0
220
0.0
230
1.0
100
AcDbArc
50
18.1730050558347
51
18.4138996555235
0
ARC
5
759
330
70
100
AcDbEntity
67
0
8
0
62
256
6
ByLayer
370
-1
48
1.0
60
0
100
AcDbCircle
39
0.0
10
531.625558849222
20
413.897661051418
30
0.0
40
239.977101756562
210
0.0
220
0.0
230
1.0
100
AcDbArc
50
17.9310884818357
51
18.1727286697707
0
ARC
5
75A
330
70
100
AcDbEntity
67
0
8
0
62
256
6
ByLayer
370
-1
48
1.0
60
0
100
AcDbCircle
39
0.0
10
532.414271816499
20
414.154107603792
30
0.0
40
239.147745613228
210
0.0
220
0.0
230
1.0
100
AcDbArc
50
17.6884148692889
51
17.930808900555
0
ARC
5
75B
330
70
100
AcDbEntity
67
0
8
0
62
256
6
ByLayer
370
-1
48
1.0
60
0
100
AcDbCircle
39
0.0
10
533.125460521808
20
414.38266856892
30
0.0
40
238.400733765648
210
0.0
220
0.0
230
1.0
100
AcDbArc
50
17.444946739969
51
17.6880141381048
0
ARC
5
75C
330
70
100
AcDbEntity
67
0
8
0
62
256
6
ByLayer
370
-1
48
1.0
60
0
100
AcDbCircle
39
0.0
10
534.713665477095
20
414.884236392893
30
0.0
40
236.735212946849
210
0.0
220
0.0
230
1.0
100
AcDbArc
50
17.1996910081921
51
17.4443727470423
0
ARC
5
75D
330
70
100
AcDbEntity
67
0
8
0
62
256
6
ByLayer
370
-1
48
1.0
60
0
100
AcDbCircle
39
0.0
10
534.784218443575
20
414.906187102391
30
0.0
40
236.661324223682
210
0.0
220
0.0
230
1.0
100
AcDbArc
50
16.9550064372174
51
17.1996652593353
0
ARC
5
75E
330
70
100
AcDbEntity
67
0
8
0
62
256
6
ByLayer
370
-1
48
1.0
60
0
100
AcDbCircle
39
0.0
10
534.864348221306
20
414.930742386066
30
0.0
40
236.577516534787
210
0.0
220
0.0
230
1.0
100
AcDbArc
50
16.7103325670031
51
16.9549772615779
0
ARC
5
75F
330
70
100
AcDbEntity
67
0
8
0
62
256
6
ByLayer
370
-1
48
1.0
60
0
100
AcDbCircle
39
0.0
10
534.954104737646
20
414.957828832637
30
0.0
40
236.483762123246
210
0.0
220
0.0
230
1.0
100
AcDbArc
50
16.4656605642932
51
16.710299950693
0
ARC
5
760
330
70
100
AcDbEntity
67
0
8
0
62
256
6
ByLayer
370
-1
48
1.0
60
0
100
AcDbCircle
39
0.0
10
535.053534902685
20
414.987371757424
30
0.0
40
236.380035945405
210
0.0
220
0.0
230
1.0
100
AcDbArc
50
16.2209815659693
51
16.4656244936042
0
ARC
5
761
330
70
100
AcDbEntity
67
0
8
0
62
256
6
ByLayer
370
-1
48
1.0
60
0
100
AcDbCircle
39
0.0
10
535.162682366396
20
415.019295177125
30
0.0
40
236.26631590775
210
0.0
220
0.0
230
1.0
100
AcDbArc
50
15.9762866793073
51
16.2209420272709
0
ARC
5
762
330
70
100
AcDbEntity
67
0
8
0
62
256
6
ByLayer
370
-1
48
1.0
60
0
100
AcDbCircle
39
0.0
10
535.281587954597
20
415.053521983459
30
0.0
40
236.142582396836
210
0.0
220
0.0
230
1.0
100
AcDbArc
50
15.7315669818924
51
15.9762436591092
0
ARC
5
763
330
70
100
AcDbEntity
67
0
8
0
62
256
6
ByLayer
370
-1
48
1.0
60
0
100
AcDbCircle
39
0.0
10
535.410289045769
20
415.089973808267
30
0.0
40
236.008818912773
210
0.0
220
0.0
230
1.0
100
AcDbArc
50
15.4868135221112
51
15.7315204668487
0
ARC
5
764
330
70
100
AcDbEntity
67
0
8
0
62
256
6
ByLayer
370
-1
48
1.0
60
0
100
AcDbCircle
39
0.0
10
535.548819956115
20
415.128571182668
30
0.0
40
235.865011652872
210
0.0
220
0.0
230
1.0
100
AcDbArc
50
15.2420173190361
51
15.4867634988649
0
ARC
5
765
330
70
100
AcDbEntity
67
0
8
0
62
256
6
ByLayer
370
-1
48
1.0
60
0
100
AcDbCircle
39
0.0
10
535.697212129129
20
415.169233632137
30
0.0
40
235.711149301225
210
0.0
220
0.0
230
1.0
100
AcDbArc
50
14.9971693624434
51
15.241963774433
0
ARC
5
766
330
70
100
AcDbEntity
67
0
8
0
62
256
6
ByLayer
370
-1
48
1.0
60
0
100
AcDbCircle
39
0.0
10
535.855493194316
20
415.211879465076
30
0.0
40
235.547223990299
210
0.0
220
0.0
230
1.0
100
AcDbArc
50
14.7522606135618
51
14.9971122834921
0
ARC
5
767
330
70
100
AcDbEntity
67
0
8
0
62
256
6
ByLayer
370
-1
48
1.0
60
0
100
AcDbCircle
39
0.0
10
536.02368816008
20
415.256426145153
30
0.0
40
235.373230050348
210
0.0
220
0.0
230
1.0
100
AcDbArc
50
14.5072820043752
51
14.7521999872599
0
ARC
5
768
330
70
100
AcDbEntity
67
0
8
0
62
256
6
ByLayer
370
-1
48
1.0
60
0
100
AcDbCircle
39
0.0
10
536.201818285588
20
415.302790033771
30
0.0
40
235.189165164212
210
0.0
220
0.0
230
1.0
100
AcDbArc
50
14.2622244385192
51
14.5072178179404
0
ARC
5
769
330
70
100
AcDbEntity
67
0
8
0
62
256
6
ByLayer
370
-1
48
1.0
60
0
100
AcDbCircle
39
0.0
10
536.389901877639
20
415.350886649208
30
0.0
40
234.995029529366
210
0.0
220
0.0
230
1.0
100
AcDbArc
50
14.0170787908575
51
14.2621566791814
0
ARC
5
76A
330
70
100
AcDbEntity
67
0
8
0
62
256
6
ByLayer
370
-1
48
1.0
60
0
100
AcDbCircle
39
0.0
10
536.587953713552
20
415.400630562887
30
0.0
40
234.790826441468
210
0.0
220
0.0
230
1.0
100
AcDbArc
50
13.7718359079968
51
14.0170074459898
0
ARC
5
76B
330
70
100
AcDbEntity
67
0
8
0
62
256
6
ByLayer
370
-1
48
1.0
60
0
100
AcDbCircle
39
0.0
10
536.795985494892
20
415.451935561929
30
0.0
40
234.576561813623
210
0.0
220
0.0
230
1.0
100
AcDbArc
50
13.5264866081181
51
13.7717609650698
0
ARC
5
76C
330
70
100
AcDbEntity
67
0
8
0
62
256
6
ByLayer
370
-1
48
1.0
60
0
100
AcDbCircle
39
0.0
10
537.014005440685
20
415.504714593879
30
0.0
40
234.352244583692
210
0.0
220
0.0
230
1.0
100
AcDbArc
50
13.2810216812985
51
13.5264080547251
0
ARC
5
76D
330
70
100
AcDbEntity
67
0
8
0
62
256
6
ByLayer
370
-1
48
1.0
60
0
100
AcDbCircle
39
0.0
10
537.242018376968
20
415.558879837828
30
0.0
40
234.117886609853
210
0.0
220
0.0
230
1.0
100
AcDbArc
50
13.0354318896661
51
13.2809395051243
0
ARC
5
76E
330
70
100
AcDbEntity
67
0
8
0
62
256
6
ByLayer
370
-1
48
1.0
60
0
100
AcDbCircle
39
0.0
10
537.480026003407
20
415.614342814001
30
0.0
40
233.873502385418
210
0.0
220
0.0
230
1.0
100
AcDbArc
50
12.7897079673255
51
13.035346078527
0
ARC
5
76F
330
70
100
AcDbEntity
67
0
8
0
62
256
6
ByLayer
370
-1
48
1.0
60
0
100
AcDbCircle
39
0.0
10
537.728026375778
20
415.671014309568
30
0.0
40
233.619109559435
210
0.0
220
0.0
230
1.0
100
AcDbArc
50
12.5438406207313
51
12.7896185091101
0
ARC
5
770
330
70
100
AcDbEntity
67
0
8
0
62
256
6
ByLayer
370
-1
48
1.0
60
0
100
AcDbCircle
39
0.0
10
537.986014374292
20
415.728804534812
30
0.0
40
233.354728445286
210
0.0
220
0.0
230
1.0
100
AcDbArc
50
12.2978205286677
51
12.5437475034611
0
ARC
5
771
330
70
100
AcDbEntity
67
0
8
0
62
256
6
ByLayer
370
-1
48
1.0
60
0
100
AcDbCircle
39
0.0
10
538.253981386135
20
415.787623097739
30
0.0
40
233.080382336201
210
0.0
220
0.0
230
1.0
100
AcDbArc
50
12.0516383424611
51
12.2977237404537
0
ARC
5
772
330
70
100
AcDbEntity
67
0
8
0
62
256
6
ByLayer
370
-1
48
1.0
60
0
100
AcDbCircle
39
0.0
10
538.531915588601
20
415.847379113539
30
0.0
40
232.796097205604
210
0.0
220
0.0
230
1.0
100
AcDbArc
50
11.8052846859773
51
12.051537871556
0
ARC
5
773
330
70
100
AcDbEntity
67
0
8
0
62
256
6
ByLayer
370
-1
48
1.0
60
0
100
AcDbCircle
39
0.0
10
538.81980136465
20
415.907981126556
30
0.0
40
232.501902295492
210
0.0
220
0.0
230
1.0
100
AcDbArc
50
11.5587501561738
51
11.8051805207523
0
ARC
5
774
330
70
100
AcDbEntity
67
0
8
0
62
256
6
ByLayer
370
-1
48
1.0
60
0
100
AcDbCircle
39
0.0
10
539.117620230209
20
415.969337354755
30
0.0
40
232.19782915945
210
0.0
220
0.0
230
1.0
100
AcDbArc
50
11.3120253225834
51
11.5586422850288
0
ARC
5
775
330
70
100
AcDbEntity
67
0
8
0
62
256
6
ByLayer
370
-1
48
1.0
60
0
100
AcDbCircle
39
0.0
10
539.425349921819
20
416.031355543963
30
0.0
40
231.88391258668
210
0.0
220
0.0
230
1.0
100
AcDbArc
50
11.0651007281124
51
11.3119137341823
0
ARC
5
776
330
70
100
AcDbEntity
67
0
8
0
62
256
6
ByLayer
370
-1
48
1.0
60
0
100
AcDbCircle
39
0.0
10
539.74296490628
20
416.093943122455
30
0.0
40
231.560190073055
210
0.0
220
0.0
230
1.0
100
AcDbArc
50
10.817966888842
51
11.0649854111687
0
ARC
5
777
330
70
100
AcDbEntity
67
0
8
0
62
256
6
ByLayer
370
-1
48
1.0
60
0
100
AcDbCircle
39
0.0
10
540.070436081163
20
416.157007188554
30
0.0
40
231.226702118813
210
0.0
220
0.0
230
1.0
100
AcDbArc
50
10.5706142943867
51
10.8178478321274
0
ARC
5
778
330
70
100
AcDbEntity
67
0
8
0
62
256
6
ByLayer
370
-1
48
1.0
60
0
100
AcDbCircle
39
0.0
10
540.407731413424
20
416.220454679456
30
0.0
40
230.883491571186
210
0.0
220
0.0
230
1.0
100
AcDbArc
50
10.3230334076916
51
10.5704914868649
0
ARC
5
779
330
70
100
AcDbEntity
67
0
8
0
62
256
6
ByLayer
370
-1
48
1.0
60
0
100
AcDbCircle
39
0.0
10
540.754814867744
20
416.284192214978
30
0.0
40
230.530604708352
210
0.0
220
0.0
230
1.0
100
AcDbArc
50
10.0752146658363
51
10.32290683848
0
ARC
5
77A
330
70
100
AcDbEntity
67
0
8
0
62
256
6
ByLayer
370
-1
48
1.0
60
0
100
AcDbCircle
39
0.0
10
541.111647571557
20
416.348126362767
30
0.0
40
230.168090047728
210
0.0
220
0.0
230
1.0
100
AcDbArc
50
9.8271484795606
51
10.0750843241437
0
ARC
5
77B
330
70
100
AcDbEntity
67
0
8
0
62
256
6
ByLayer
370
-1
48
1.0
60
0
100
AcDbCircle
39
0.0
10
541.478186959279
20
416.412163526655
30
0.0
40
229.795999210339
210
0.0
220
0.0
230
1.0
100
AcDbArc
50
9.5788252339472
51
9.82701435483258
0
ARC
5
77C
330
70
100
AcDbEntity
67
0
8
0
62
256
6
ByLayer
370
-1
48
1.0
60
0
100
AcDbCircle
39
0.0
10
541.854387026314
20
416.476210042806
30
0.0
40
229.414386656558
210
0.0
220
0.0
230
1.0
100
AcDbArc
50
9.33023528851423
51
9.5786873156778
0
ARC
5
77D
330
70
100
AcDbEntity
67
0
8
0
62
256
6
ByLayer
370
-1
48
1.0
60
0
100
AcDbCircle
39
0.0
10
542.240198719298
20
416.540172291591
30
0.0
40
229.023309285377
210
0.0
220
0.0
230
1.0
100
AcDbArc
50
9.0813689771583
51
9.33009356631462
0
ARC
5
77E
330
70
100
AcDbEntity
67
0
8
0
62
256
6
ByLayer
370
-1
48
1.0
60
0
100
AcDbCircle
39
0.0
10
542.635569465765
20
416.603956663025
30
0.0
40
228.622826907022
210
0.0
220
0.0
230
1.0
100
AcDbArc
50
8.83221660870696
51
9.08122344089636
0
ARC
5
77F
330
70
100
AcDbEntity
67
0
8
0
62
256
6
ByLayer
370
-1
48
1.0
60
0
100
AcDbCircle
39
0.0
10
543.040443260411
20
416.667469620529
30
0.0
40
228.213002150809
210
0.0
220
0.0
230
1.0
100
AcDbArc
50
8.58276846709489
51
8.83206724833575
0
ARC
5
780
330
70
100
AcDbEntity
67
0
8
0
62
256
6
ByLayer
370
-1
48
1.0
60
0
100
AcDbCircle
39
0.0
10
543.454761121082
20
416.730617817511
30
0.0
40
227.793899999999
210
0.0
220
0.0
230
1.0
100
AcDbArc
50
8.33301481135804
51
8.5826152727757
0
ARC
5
781
330
70
100
AcDbEntity
67
0
8
0
62
256
6
ByLayer
370
-1
48
1.0
60
0
100
AcDbCircle
39
0.0
10
543.878460343204
20
416.793308028431
30
0.0
40
227.36558854288
210
0.0
220
0.0
230
1.0
100
AcDbArc
50
8.0829458763604
51
8.33285777345903
0
ARC
5
782
330
70
100
AcDbEntity
67
0
8
0
62
256
6
ByLayer
370
-1
48
1.0
60
0
100
AcDbCircle
39
0.0
10
544.311475327711
20
416.855447320451
30
0.0
40
226.928138132464
210
0.0
220
0.0
230
1.0
100
AcDbArc
50
7.8325518725487
51
8.08278498536645
0
ARC
5
783
330
70
100
AcDbEntity
67
0
8
0
62
256
6
ByLayer
370
-1
48
1.0
60
0
100
AcDbCircle
39
0.0
10
544.753736874101
20
416.916942994887
30
0.0
40
226.481622098673
210
0.0
220
0.0
230
1.0
100
AcDbArc
50
7.5818229867273
51
7.83238711917029
0
ARC
5
784
330
70
100
AcDbEntity
67
0
8
0
62
256
6
ByLayer
370
-1
48
1.0
60
0
100
AcDbCircle
39
0.0
10
545.205172854704
20
416.97770272921
30
0.0
40
226.026116065229
210
0.0
220
0.0
230
1.0
100
AcDbArc
50
7.3307493819292
51
7.58165436181654
0
ARC
5
785
330
70
100
AcDbEntity
67
0
8
0
62
256
6
ByLayer
370
-1
48
1.0
60
0
100
AcDbCircle
39
0.0
10
545.665707735801
20
417.037634555082
30
0.0
40
225.561698431725
210
0.0
220
0.0
230
1.0
100
AcDbArc
50
7.07932119806434
51
7.33057687659804
0
ARC
5
786
330
70
100
AcDbEntity
67
0
8
0
62
256
6
ByLayer
370
-1
48
1.0
60
0
100
AcDbCircle
39
0.0
10
546.135262932818
20
417.096646951581
30
0.0
40
225.088450014119
210
0.0
220
0.0
230
1.0
100
AcDbArc
50
6.82752855203772
51
7.07914480362588
0
ARC
5
787
330
70
100
AcDbEntity
67
0
8
0
62
256
6
ByLayer
370
-1
48
1.0
60
0
100
AcDbCircle
39
0.0
10
546.613756520126
20
417.154648853097
30
0.0
40
224.606454336666
210
0.0
220
0.0
230
1.0
100
AcDbArc
50
6.57536153833542
51
6.82734826004237
0
ARC
5
788
330
70
100
AcDbEntity
67
0
8
0
62
256
6
ByLayer
370
-1
48
1.0
60
0
100
AcDbCircle
39
0.0
10
547.101103560847
20
417.211549735952
30
0.0
40
224.115797299306
210
0.0
220
0.0
230
1.0
100
AcDbArc
50
6.32281022915554
51
6.5751773404742
0
ARC
5
789
330
70
100
AcDbEntity
67
0
8
0
62
256
6
ByLayer
370
-1
48
1.0
60
0
100
AcDbCircle
39
0.0
10
547.597216095256
20
417.267259659143
30
0.0
40
223.616567189907
210
0.0
220
0.0
230
1.0
100
AcDbArc
50
6.0698646748475
51
6.32262211740764
0
ARC
5
78A
330
70
100
AcDbEntity
67
0
8
0
62
256
6
ByLayer
370
-1
48
1.0
60
0
100
AcDbCircle
39
0.0
10
548.102002889548
20
417.321689280749
30
0.0
40
223.108854937781
210
0.0
220
0.0
230
1.0
100
AcDbArc
50
5.81651490454131
51
6.06967264147903
0
ARC
5
78B
330
70
100
AcDbEntity
67
0
8
0
62
256
6
ByLayer
370
-1
48
1.0
60
0
100
AcDbCircle
39
0.0
10
548.615369952499
20
417.374749958691
30
0.0
40
222.592753595086
210
0.0
220
0.0
230
1.0
100
AcDbArc
50
5.56275092619185
51
5.81631894204908
0
ARC
5
78C
330
70
100
AcDbEntity
67
0
8
0
62
256
6
ByLayer
370
-1
48
1.0
60
0
100
AcDbCircle
39
0.0
10
549.137219894906
20
417.426353727068
30
0.0
40
222.068358982595
210
0.0
220
0.0
230
1.0
100
AcDbArc
50
5.3085627275391
51
5.56255102737344
0
ARC
5
78D
330
70
100
AcDbEntity
67
0
8
0
62
256
6
ByLayer
370
-1
48
1.0
60
0
100
AcDbCircle
39
0.0
10
549.667452640418
20
417.476413413604
30
0.0
40
221.535768977114
210
0.0
220
0.0
230
1.0
100
AcDbArc
50
5.0539402760961
51
5.30835888533939
0
ARC
5
78E
330
70
100
AcDbEntity
67
0
8
0
62
256
6
ByLayer
370
-1
48
1.0
60
0
100
AcDbCircle
39
0.0
10
550.20596524088
20
417.524842660776
30
0.0
40
220.995083699984
210
0.0
220
0.0
230
1.0
100
AcDbArc
50
4.79887351981137
51
5.05373248385628
0
ARC
5
78F
330
70
100
AcDbEntity
67
0
8
0
62
256
6
ByLayer
370
-1
48
1.0
60
0
100
AcDbCircle
39
0.0
10
550.752651631009
20
417.571555947542
30
0.0
40
220.446405766297
210
0.0
220
0.0
230
1.0
100
AcDbArc
50
4.54335238778016
51
4.79866177121488
0
ARC
5
790
330
70
100
AcDbEntity
67
0
8
0
62
256
6
ByLayer
370
-1
48
1.0
60
0
100
AcDbCircle
39
0.0
10
551.307402963444
20
417.61646866322
30
0.0
40
219.889839951871
210
0.0
220
0.0
230
1.0
100
AcDbArc
50
4.28736679059942
51
4.5431366767583
0
ARC
5
791
330
70
100
AcDbEntity
67
0
8
0
62
256
6
ByLayer
370
-1
48
1.0
60
0
100
AcDbCircle
39
0.0
10
551.870107603377
20
417.659497148191
30
0.0
40
219.325493202654
210
0.0
220
0.0
230
1.0
100
AcDbArc
50
4.03090662094296
51
4.28714711138019
0
ARC
5
792
330
70
100
AcDbEntity
67
0
8
0
62
256
6
ByLayer
370
-1
48
1.0
60
0
100
AcDbCircle
39
0.0
10
552.440651205882
20
417.700558740764
30
0.0
40
218.753474561618
210
0.0
220
0.0
230
1.0
100
AcDbArc
50
3.7739617541694
51
4.0306829681482
0
ARC
5
793
330
70
100
AcDbEntity
67
0
8
0
62
256
6
ByLayer
370
-1
48
1.0
60
0
100
AcDbCircle
39
0.0
10
550.223354434783
20
417.554153522853
30
0.0
40
220.975599544229
210
0.0
220
0.0
230
1.0
100
AcDbArc
50
3.52004972792443
51
3.773999165871
0
ARC
5
794
330
70
100
AcDbEntity
67
0
8
0
62
256
6
ByLayer
370
-1
48
1.0
60
0
100
AcDbCircle
39
0.0
10
549.091594916193
20
417.482117584509
30
0.0
40
222.109646718749
210
0.0
220
0.0
230
1.0
100
AcDbArc
50
3.26821219029764
51
3.52067205271919
0
ARC
5
795
330
70
100
AcDbEntity
67
0
8
0
62
256
6
ByLayer
370
-1
48
1.0
60
0
100
AcDbCircle
39
0.0
10
549.091574207274
20
417.482117615408
30
0.0
40
222.109667392226
210
0.0
220
0.0
230
1.0
100
AcDbArc
50
3.01594675218415
51
3.26821187778561
0
ARC
5
796
330
70
100
AcDbEntity
67
0
8
0
62
256
6
ByLayer
370
-1
48
1.0
60
0
100
AcDbCircle
39
0.0
10
549.10163149013
20
417.482663557502
30
0.0
40
222.099595315272
210
0.0
220
0.0
230
1.0
100
AcDbArc
50
2.76386253063901
51
3.01594261607368
0
ARC
5
797
330
70
100
AcDbEntity
67
0
8
0
62
256
6
ByLayer
370
-1
48
1.0
60
0
100
AcDbCircle
39
0.0
10
549.12187719338
20
417.483671962499
30
0.0
40
222.079324537775
210
0.0
220
0.0
230
1.0
100
AcDbArc
50
2.51194971951177
51
2.76385453575271
0
ARC
5
798
330
70
100
AcDbEntity
67
0
8
0
62
256
6
ByLayer
370
-1
48
1.0
60
0
100
AcDbCircle
39
0.0
10
549.152418637936
20
417.485057931929
30
0.0
40
222.048751696499
210
0.0
220
0.0
230
1.0
100
AcDbArc
50
2.26019843842868
51
2.5119378307027
0
ARC
5
799
330
70
100
AcDbEntity
67
0
8
0
62
256
6
ByLayer
370
-1
48
1.0
60
0
100
AcDbCircle
39
0.0
10
549.193360163219
20
417.486735165515
30
0.0
40
222.007775876217
210
0.0
220
0.0
230
1.0
100
AcDbArc
50
2.00859873267679
51
2.26018262064648
0
ARC
5
79A
330
70
100
AcDbEntity
67
0
8
0
62
256
6
ByLayer
370
-1
48
1.0
60
0
100
AcDbCircle
39
0.0
10
549.244802551464
20
417.488615981929
30
0.0
40
221.956299173672
210
0.0
220
0.0
230
1.0
100
AcDbArc
50
1.75714057355891
51
2.00857895095439
0
ARC
5
79B
330
70
100
AcDbEntity
67
0
8
0
62
256
6
ByLayer
370
-1
48
1.0
60
0
100
AcDbCircle
39
0.0
10
549.306843515884
20
417.49061138449
30
0.0
40
221.894226197158
210
0.0
220
0.0
230
1.0
100
AcDbArc
50
1.50581385805347
51
1.75711679296142
0
ARC
5
79C
330
70
100
AcDbEntity
67
0
8
0
62
256
6
ByLayer
370
-1
48
1.0
60
0
100
AcDbCircle
39
0.0
10
549.379577049139
20
417.49263108546
30
0.0
40
221.821464706985
210
0.0
220
0.0
230
1.0
100
AcDbArc
50
1.25460840916821
51
1.50578604368275
0
ARC
5
79D
330
70
100
AcDbEntity
67
0
8
0
62
256
6
ByLayer
370
-1
48
1.0
60
0
100
AcDbCircle
39
0.0
10
549.463094090946
20
417.494583573268
30
0.0
40
221.737924936516
210
0.0
220
0.0
230
1.0
100
AcDbArc
50
1.00351397538285
51
1.25457652611223
0
ARC
5
79E
330
70
100
AcDbEntity
67
0
8
0
62
256
6
ByLayer
370
-1
48
1.0
60
0
100
AcDbCircle
39
0.0
10
549.557481600058
20
417.496376136131
30
0.0
40
221.643520509871
210
0.0
220
0.0
230
1.0
100
AcDbArc
50
0.752520231183831
51
1.00347798880457
0
ARC
5
79F
330
70
100
AcDbEntity
67
0
8
0
62
256
6
ByLayer
370
-1
48
1.0
60
0
100
AcDbCircle
39
0.0
10
549.662823312168
20
417.497914928756
30
0.0
40
221.538167673595
210
0.0
220
0.0
230
1.0
100
AcDbArc
50
0.501616776377031
51
0.752480106142065
0
ARC
5
7A0
330
70
100
AcDbEntity
67
0
8
0
62
256
6
ByLayer
370
-1
48
1.0
60
0
100
AcDbCircle
39
0.0
10
549.779199094471
20
417.499105008407
30
0.0
40
221.421785932442
210
0.0
220
0.0
230
1.0
100
AcDbArc
50
0.250793136373915
51
0.501572477985184
0
ARC
5
7A1
330
70
100
AcDbEntity
67
0
8
0
62
256
6
ByLayer
370
-1
48
1.0
60
0
100
AcDbCircle
39
0.0
10
549.906685167215
20
417.499850389445
30
0.0
40
221.29429781842
210
0.0
220
0.0
230
1.0
100
AcDbArc
50
0.0000387618797522
51
0.250744629707946
0
ARC
5
7A2
330
70
100
AcDbEntity
67
0
8
0
62
256
6
ByLayer
370
-1
48
1.0
60
0
100
AcDbCircle
39
0.0
10
1223.34477193951
20
1365.99857589973
30
0.0
40
43.5614761423138
210
0.0
220
0.0
230
1.0
100
AcDbArc
50
358.72631747894
51
0.0018732300141444
0
ARC
5
7A3
330
70
100
AcDbEntity
67
0
8
0
62
256
6
ByLayer
370
-1
48
1.0
60
0
100
AcDbCircle
39
0.0
10
1222.58501827327
20
1366.0098919899
30
0.0
40
44.3212939782577
210
0.0
220
0.0
230
1.0
100
AcDbArc
50
357.471052629157
51
358.73352397556
0
ARC
5
7A4
330
70
100
AcDbEntity
67
0
8
0
62
256
6
ByLayer
370
-1
48
1.0
60
0
100
AcDbCircle
39
0.0
10
1221.9276244097
20
1366.03415459797
30
0.0
40
44.9791183964046
210
0.0
220
0.0
230
1.0
100
AcDbArc
50
356.225061843608
51
357.477126194104
0
ARC
5
7A5
330
70
100
AcDbEntity
67
0
8
0
62
256
6
ByLayer
370
-1
48
1.0
60
0
100
AcDbCircle
39
0.0
10
1221.37585322483
20
1366.06658932716
30
0.0
40
45.5318280295577
210
0.0
220
0.0
230
1.0
100
AcDbArc
50
354.985816221473
51
356.23004856202
0
ARC
5
7A6
330
70
100
AcDbEntity
67
0
8
0
62
256
6
ByLayer
370
-1
48
1.0
60
0
100
AcDbCircle
39
0.0
10
1220.93169483238
20
1366.10238406217
30
0.0
40
45.9774153214318
210
0.0
220
0.0
230
1.0
100
AcDbArc
50
353.750873861457
51
354.989757535571
0
ARC
5
7A7
330
70
100
AcDbEntity
67
0
8
0
62
256
6
ByLayer
370
-1
48
1.0
60
0
100
AcDbCircle
39
0.0
10
1220.59587130459
20
1366.13677243278
30
0.0
40
46.3149866790832
210
0.0
220
0.0
230
1.0
100
AcDbArc
50
352.517870193218
51
353.753806915886
0
ARC
5
7A8
330
70
100
AcDbEntity
67
0
8
0
62
256
6
ByLayer
370
-1
48
1.0
60
0
100
AcDbCircle
39
0.0
10
1220.36786305554
20
1366.16511367754
30
0.0
40
46.5447440951719
210
0.0
220
0.0
230
1.0
100
AcDbArc
50
351.284509140994
51
352.519828203396
0
ARC
5
7A9
330
70
100
AcDbEntity
67
0
8
0
62
256
6
ByLayer
370
-1
48
1.0
60
0
100
AcDbCircle
39
0.0
10
1220.24595525371
20
1366.18296748486
30
0.0
40
46.667949582366
210
0.0
220
0.0
230
1.0
100
AcDbArc
50
350.048555153161
51
351.285521781725
0
ARC
5
7AA
330
70
100
AcDbEntity
67
0
8
0
62
256
6
ByLayer
370
-1
48
1.0
60
0
100
AcDbCircle
39
0.0
10
1220.22730225252
20
1366.18616260628
30
0.0
40
46.6868741012108
210
0.0
220
0.0
230
1.0
100
AcDbArc
50
348.807826129386
51
350.048648965261
0
ARC
5
7AB
330
70
100
AcDbEntity
67
0
8
0
62
256
6
ByLayer
370
-1
48
1.0
60
0
100
AcDbCircle
39
0.0
10
1220.30800776539
20
1366.17085826225
30
0.0
40
46.604732897731
210
0.0
220
0.0
230
1.0
100
AcDbArc
50
347.560187279854
51
348.807024945321
0
ARC
5
7AC
330
70
100
AcDbEntity
67
0
8
0
62
256
6
ByLayer
370
-1
48
1.0
60
0
100
AcDbCircle
39
0.0
10
1220.48321813929
20
1366.13359763499
30
0.0
40
46.4256095291329
210
0.0
220
0.0
230
1.0
100
AcDbArc
50
346.303545959069
51
347.558512670814
0
ARC
5
7AD
330
70
100
AcDbEntity
67
0
8
0
62
256
6
ByLayer
370
-1
48
1.0
60
0
100
AcDbCircle
39
0.0
10
1220.7472260315
20
1366.07135298988
30
0.0
40
46.1543709057975
210
0.0
220
0.0
230
1.0
100
AcDbArc
50
345.035847524494
51
346.301017706645
0
ARC
5
7AE
330
70
100
AcDbEntity
67
0
8
0
62
256
6
ByLayer
370
-1
48
1.0
60
0
100
AcDbCircle
39
0.0
10
1221.0935817624
20
1365.98156221203
30
0.0
40
45.7965757237366
210
0.0
220
0.0
230
1.0
100
AcDbArc
50
343.755072280604
51
345.032484121394
0
ARC
5
7AF
330
70
100
AcDbEntity
67
0
8
0
62
256
6
ByLayer
370
-1
48
1.0
60
0
100
AcDbCircle
39
0.0
10
1221.51520964336
20
1365.86215678105
30
0.0
40
45.3583786600309
210
0.0
220
0.0
230
1.0
100
AcDbArc
50
342.459233581139
51
343.750891465691
0
ARC
5
7B0
330
70
100
AcDbEntity
67
0
8
0
62
256
6
ByLayer
370
-1
48
1.0
60
0
100
AcDbCircle
39
0.0
10
1222.00452669316
20
1365.71158142193
30
0.0
40
44.8464326252351
210
0.0
220
0.0
230
1.0
100
AcDbArc
50
341.146377175505
51
342.454252914185
0
ARC
5
7B1
330
70
100
AcDbEntity
67
0
8
0
62
256
6
ByLayer
370
-1
48
1.0
60
0
100
AcDbCircle
39
0.0
10
1222.55356144007
20
1365.52880582417
30
0.0
40
44.2677911205114
210
0.0
220
0.0
230
1.0
100
AcDbArc
50
339.814581896058
51
341.140614656842
0
ARC
5
7B2
330
70
100
AcDbEntity
67
0
8
0
62
256
6
ByLayer
370
-1
48
1.0
60
0
100
AcDbCircle
39
0.0
10
1222.39377792323
20
1365.59035976932
30
0.0
40
44.4390007149696
210
0.0
220
0.0
230
1.0
100
AcDbArc
50
338.48961549802
51
339.811179965527
0
ARC
5
7B3
330
70
100
AcDbEntity
67
0
8
0
62
256
6
ByLayer
370
-1
48
1.0
60
0
100
AcDbCircle
39
0.0
10
1221.9116186838
20
1365.77608218644
30
0.0
40
44.9556770965076
210
0.0
220
0.0
230
1.0
100
AcDbArc
50
337.188125397363
51
338.494721376121
0
ARC
5
7B4
330
70
100
AcDbEntity
67
0
8
0
62
256
6
ByLayer
370
-1
48
1.0
60
0
100
AcDbCircle
39
0.0
10
1221.5192250528
20
1365.9376817531
30
0.0
40
45.3800321389955
210
0.0
220
0.0
230
1.0
100
AcDbArc
50
335.897947659834
51
337.192132703054
0
ARC
5
7B5
330
70
100
AcDbEntity
67
0
8
0
62
256
6
ByLayer
370
-1
48
1.0
60
0
100
AcDbCircle
39
0.0
10
1221.19974882204
20
1366.07778481815
30
0.0
40
45.7288692907499
210
0.0
220
0.0
230
1.0
100
AcDbArc
50
334.617476793801
51
335.901172122084
0
ARC
5
7B6
330
70
100
AcDbEntity
67
0
8
0
62
256
6
ByLayer
370
-1
48
1.0
60
0
100
AcDbCircle
39
0.0
10
1220.9560996852
20
1366.1912250992
30
0.0
40
45.9976253269397
210
0.0
220
0.0
230
1.0
100
AcDbArc
50
333.344767132949
51
334.619909608016
0
ARC
5
7B7
330
70
100
AcDbEntity
67
0
8
0
62
256
6
ByLayer
370
-1
48
1.0
60
0
100
AcDbCircle
39
0.0
10
1220.7904102989
20
1366.27292419127
30
0.0
40
46.1823575411495
210
0.0
220
0.0
230
1.0
100
AcDbArc
50
332.077855690879
51
333.346399099347
0
ARC
5
7B8
330
70
100
AcDbEntity
67
0
8
0
62
256
6
ByLayer
370
-1
48
1.0
60
0
100
AcDbCircle
39
0.0
10
1220.70399478956
20
1366.31797092082
30
0.0
40
46.2798070616704
210
0.0
220
0.0
230
1.0
100
AcDbArc
50
330.814759817594
51
332.07867688263
0
ARC
5
7B9
330
70
100
AcDbEntity
67
0
8
0
62
256
6
ByLayer
370
-1
48
1.0
60
0
100
AcDbCircle
39
0.0
10
1220.69731822697
20
1366.32170055231
30
0.0
40
46.2874547174411
210
0.0
220
0.0
230
1.0
100
AcDbArc
50
329.553474269829
51
330.814759294975
0
ARC
5
7BA
330
70
100
AcDbEntity
67
0
8
0
62
256
6
ByLayer
370
-1
48
1.0
60
0
100
AcDbCircle
39
0.0
10
1220.76997815363
20
1366.27977239881
30
0.0
40
46.2035679998079
210
0.0
220
0.0
230
1.0
100
AcDbArc
50
328.291967783511
51
329.552639838383
0
ARC
5
7BB
330
70
100
AcDbEntity
67
0
8
0
62
256
6
ByLayer
370
-1
48
1.0
60
0
100
AcDbCircle
39
0.0
10
1220.9206990099
20
1366.18824436302
30
0.0
40
46.0272378403103
210
0.0
220
0.0
230
1.0
100
AcDbArc
50
327.028179234002
51
328.290285794374
0
ARC
5
7BC
330
70
100
AcDbEntity
67
0
8
0
62
256
6
ByLayer
370
-1
48
1.0
60
0
100
AcDbCircle
39
0.0
10
1221.1473401667
20
1366.04364285296
30
0.0
40
45.758403958768
210
0.0
220
0.0
230
1.0
100
AcDbArc
50
325.760013465699
51
327.025634425566
0
ARC
5
7BD
330
70
100
AcDbEntity
67
0
8
0
62
256
6
ByLayer
370
-1
48
1.0
60
0
100
AcDbCircle
39
0.0
10
1221.44691776081
20
1365.84302668626
30
0.0
40
45.3978680245723
210
0.0
220
0.0
230
1.0
100
AcDbArc
50
324.48533687922
51
325.75658884821
0
ARC
5
7BE
330
70
100
AcDbEntity
67
0
8
0
62
256
6
ByLayer
370
-1
48
1.0
60
0
100
AcDbCircle
39
0.0
10
1221.81564038895
20
1365.58404358395
30
0.0
40
44.9472939391861
210
0.0
220
0.0
230
1.0
100
AcDbArc
50
323.201972865741
51
324.481013664043
0
ARC
5
7BF
330
70
100
AcDbEntity
67
0
8
0
62
256
6
ByLayer
370
-1
48
1.0
60
0
100
AcDbCircle
39
0.0
10
1222.1706791007
20
1365.31719574224
30
0.0
40
44.5031551964952
210
0.0
220
0.0
230
1.0
100
AcDbArc
50
321.917462806786
51
323.203275981213
0
ARC
5
7C0
330
70
100
AcDbEntity
67
0
8
0
62
256
6
ByLayer
370
-1
48
1.0
60
0
100
AcDbCircle
39
0.0
10
1221.17803033458
20
1366.08028713659
30
0.0
40
45.7551651138094
210
0.0
220
0.0
230
1.0
100
AcDbArc
50
320.689458675895
51
321.932007362278
0
ARC
5
7C1
330
70
100
AcDbEntity
67
0
8
0
62
256
6
ByLayer
370
-1
48
1.0
60
0
100
AcDbCircle
39
0.0
10
1221.37998498661
20
1365.91725968048
30
0.0
40
45.4956263745599
210
0.0
220
0.0
230
1.0
100
AcDbArc
50
319.445096505356
51
320.687185813284
0
ARC
5
7C2
330
70
100
AcDbEntity
67
0
8
0
62
256
6
ByLayer
370
-1
48
1.0
60
0
100
AcDbCircle
39
0.0
10
1221.49054213813
20
1365.82393541768
30
0.0
40
45.3509496754466
210
0.0
220
0.0
230
1.0
100
AcDbArc
50
318.204458349574
51
319.443864151969
0
ARC
5
7C3
330
70
100
AcDbEntity
67
0
8
0
62
256
6
ByLayer
370
-1
48
1.0
60
0
100
AcDbCircle
39
0.0
10
1221.51316169981
20
1365.80391474714
30
0.0
40
45.320742896634
210
0.0
220
0.0
230
1.0
100
AcDbArc
50
316.969776156182
51
318.204269483356
0
ARC
5
7C4
330
70
100
AcDbEntity
67
0
8
0
62
256
6
ByLayer
370
-1
48
1.0
60
0
100
AcDbCircle
39
0.0
10
1221.45104097591
20
1365.86098468171
30
0.0
40
45.4050963817968
210
0.0
220
0.0
230
1.0
100
AcDbArc
50
315.743258837688
51
316.970624670676
0
ARC
5
7C5
330
70
100
AcDbEntity
67
0
8
0
62
256
6
ByLayer
370
-1
48
1.0
60
0
100
AcDbCircle
39
0.0
10
1221.30711501627
20
1365.9991450109
30
0.0
40
45.6045976365208
210
0.0
220
0.0
230
1.0
100
AcDbArc
50
314.527073944323
51
315.745129710193
0
ARC
5
7C6
330
70
100
AcDbEntity
67
0
8
0
62
256
6
ByLayer
370
-1
48
1.0
60
0
100
AcDbCircle
39
0.0
10
1222.01764222258
20
1365.27902479007
30
0.0
40
44.5929556383204
210
0.0
220
0.0
230
1.0
100
AcDbArc
50
313.278859769207
51
314.525060714646
0
ARC
5
7C7
330
70
100
AcDbEntity
67
0
8
0
62
256
6
ByLayer
370
-1
48
1.0
60
0
100
AcDbCircle
39
0.0
10
1222.41253126636
20
1364.87128153333
30
0.0
40
44.0253926688955
210
0.0
220
0.0
230
1.0
100
AcDbArc
50
311.998133476134
51
313.268498998791
0
ARC
5
7C8
330
70
100
AcDbEntity
67
0
8
0
62
256
6
ByLayer
370
-1
48
1.0
60
0
100
AcDbCircle
39
0.0
10
1221.9746280345
20
1365.35057670258
30
0.0
40
44.6745929459289
210
0.0
220
0.0
230
1.0
100
AcDbArc
50
310.744684424802
51
312.004206951532
0
ARC
5
7C9
330
70
100
AcDbEntity
67
0
8
0
62
256
6
ByLayer
370
-1
48
1.0
60
0
100
AcDbCircle
39
0.0
10
1221.61421314062
20
1365.76288451352
30
0.0
40
45.2222070515938
210
0.0
220
0.0
230
1.0
100
AcDbArc
50
309.498471895864
51
310.74968972247
0
ARC
5
7CA
330
70
100
AcDbEntity
67
0
8
0
62
256
6
ByLayer
370
-1
48
1.0
60
0
100
AcDbCircle
39
0.0
10
1221.32952482965
20
1366.10327656926
30
0.0
40
45.6659459895424
210
0.0
220
0.0
230
1.0
100
AcDbArc
50
308.257080471423
51
309.502447149466
0
ARC
5
7CB
330
70
100
AcDbEntity
67
0
8
0
62
256
6
ByLayer
370
-1
48
1.0
60
0
100
AcDbCircle
39
0.0
10
1221.11796128711
20
1366.36771184646
30
0.0
40
46.0045895593522
210
0.0
220
0.0
230
1.0
100
AcDbArc
50
307.018166483058
51
308.260059932221
0
ARC
5
7CC
330
70
100
AcDbEntity
67
0
8
0
62
256
6
ByLayer
370
-1
48
1.0
60
0
100
AcDbCircle
39
0.0
10
1220.97614780115
20
1366.5530806208
30
0.0
40
46.2379776870547
210
0.0
220
0.0
230
1.0
100
AcDbArc
50
305.779449834367
51
307.02018081193
0
ARC
5
7CD
330
70
100
AcDbEntity
67
0
8
0
62
256
6
ByLayer
370
-1
48
1.0
60
0
100
AcDbCircle
39
0.0
10
1220.90001478273
20
1366.65723135613
30
0.0
40
46.366984877641
210
0.0
220
0.0
230
1.0
100
AcDbArc
50
304.538706549207
51
305.780526421872
0
ARC
5
7CE
330
70
100
AcDbEntity
67
0
8
0
62
256
6
ByLayer
370
-1
48
1.0
60
0
100
AcDbCircle
39
0.0
10
1220.88488461563
20
1366.67898081944
30
0.0
40
46.3934790965177
210
0.0
220
0.0
230
1.0
100
AcDbArc
50
303.293762092225
51
304.538869861385
0
ARC
5
7CF
330
70
100
AcDbEntity
67
0
8
0
62
256
6
ByLayer
370
-1
48
1.0
60
0
100
AcDbCircle
39
0.0
10
1220.92556518554
20
1366.61810811386
30
0.0
40
46.3202667473449
210
0.0
220
0.0
230
1.0
100
AcDbArc
50
302.042485509005
51
303.293034041439
0
ARC
5
7D0
330
70
100
AcDbEntity
67
0
8
0
62
256
6
ByLayer
370
-1
48
1.0
60
0
100
AcDbCircle
39
0.0
10
1221.01644790521
20
1366.47533368672
30
0.0
40
46.1510256783102
210
0.0
220
0.0
230
1.0
100
AcDbArc
50
300.782784437973
51
302.040885851278
0
ARC
5
7D1
330
70
100
AcDbEntity
67
0
8
0
62
256
6
ByLayer
370
-1
48
1.0
60
0
100
AcDbCircle
39
0.0
10
1221.15160809886
20
1366.25228466262
30
0.0
40
45.8902283194677
210
0.0
220
0.0
230
1.0
100
AcDbArc
50
299.512601052542
51
300.780331199306
0
ARC
5
7D2
330
70
100
AcDbEntity
67
0
8
0
62
256
6
ByLayer
370
-1
48
1.0
60
0
100
AcDbCircle
39
0.0
10
1221.32490569096
20
1365.95144812504
30
0.0
40
45.5430571997074
210
0.0
220
0.0
230
1.0
100
AcDbArc
50
298.229909002176
51
299.509310988047
0
ARC
5
7D3
330
70
100
AcDbEntity
67
0
8
0
62
256
6
ByLayer
370
-1
48
1.0
60
0
100
AcDbCircle
39
0.0
10
1221.53008434391
20
1365.57611406967
30
0.0
40
45.1153150397495
210
0.0
220
0.0
230
1.0
100
AcDbArc
50
296.932711430289
51
298.22579809248
0
ARC
5
7D4
330
70
100
AcDbEntity
67
0
8
0
62
256
6
ByLayer
370
-1
48
1.0
60
0
100
AcDbCircle
39
0.0
10
1221.76086733633
20
1365.13030994205
30
0.0
40
44.6133316809658
210
0.0
220
0.0
230
1.0
100
AcDbArc
50
295.619040160704
51
296.927795420444
0
ARC
5
7D5
330
70
100
AcDbEntity
67
0
8
0
62
256
6
ByLayer
370
-1
48
1.0
60
0
100
AcDbCircle
39
0.0
10
1222.01104877381
20
1364.61872858464
30
0.0
40
44.0438698687294
210
0.0
220
0.0
230
1.0
100
AcDbArc
50
294.286956154529
51
295.613335146903
0
ARC
5
7D6
330
70
100
AcDbEntity
67
0
8
0
62
256
6
ByLayer
370
-1
48
1.0
60
0
100
AcDbCircle
39
0.0
10
1222.27579457558
20
1364.03378797998
30
0.0
40
43.4018065406401
210
0.0
220
0.0
230
1.0
100
AcDbArc
50
292.939673003873
51
294.285999190651
0
ARC
5
7D7
330
70
100
AcDbEntity
67
0
8
0
62
256
6
ByLayer
370
-1
48
1.0
60
0
100
AcDbCircle
39
0.0
10
1221.82342411835
20
1365.07842392252
30
0.0
40
44.5401459104104
210
0.0
220
0.0
230
1.0
100
AcDbArc
50
291.639872989795
51
292.951811317699
0
ARC
5
7D8
330
70
100
AcDbEntity
67
0
8
0
62
256
6
ByLayer
370
-1
48
1.0
60
0
100
AcDbCircle
39
0.0
10
1221.69534589035
20
1365.39434190441
30
0.0
40
44.8810296912007
210
0.0
220
0.0
230
1.0
100
AcDbArc
50
290.341537086547
51
291.643128016964
0
ARC
5
7D9
330
70
100
AcDbEntity
67
0
8
0
62
256
6
ByLayer
370
-1
48
1.0
60
0
100
AcDbCircle
39
0.0
10
1221.60209118542
20
1365.64030429633
30
0.0
40
45.144069994993
210
0.0
220
0.0
230
1.0
100
AcDbArc
50
289.050803766429
51
290.343997689601
0
ARC
5
7DA
330
70
100
AcDbEntity
67
0
8
0
62
256
6
ByLayer
370
-1
48
1.0
60
0
100
AcDbCircle
39
0.0
10
1221.54161765268
20
1365.81141017615
30
0.0
40
45.3255432922403
210
0.0
220
0.0
230
1.0
100
AcDbArc
50
287.765698424949
51
289.052461389591
0
ARC
5
7DB
330
70
100
AcDbEntity
67
0
8
0
62
256
6
ByLayer
370
-1
48
1.0
60
0
100
AcDbCircle
39
0.0
10
1221.51142472972
20
1365.90344711282
30
0.0
40
45.4224038206608
210
0.0
220
0.0
230
1.0
100
AcDbArc
50
286.484228512992
51
287.766543938398
0
ARC
5
7DC
330
70
100
AcDbEntity
67
0
8
0
62
256
6
ByLayer
370
-1
48
1.0
60
0
100
AcDbCircle
39
0.0
10
1221.50858884236
20
1365.91296512569
30
0.0
40
45.432335310031
210
0.0
220
0.0
230
1.0
100
AcDbArc
50
285.204380947916
51
286.484251940676
0
ARC
5
7DD
330
70
100
AcDbEntity
67
0
8
0
62
256
6
ByLayer
370
-1
48
1.0
60
0
100
AcDbCircle
39
0.0
10
1221.5298059229
20
1365.83734077436
30
0.0
40
45.3537936299877
210
0.0
220
0.0
230
1.0
100
AcDbArc
50
283.924119065838
51
285.20357124287
0
ARC
5
7DE
330
70
100
AcDbEntity
67
0
8
0
62
256
6
ByLayer
370
-1
48
1.0
60
0
100
AcDbCircle
39
0.0
10
1221.57144076117
20
1365.67482980216
30
0.0
40
45.186039149645
210
0.0
220
0.0
230
1.0
100
AcDbArc
50
282.641379208356
51
283.922463931542
0
ARC
5
7DF
330
70
100
AcDbEntity
67
0
8
0
62
256
6
ByLayer
370
-1
48
1.0
60
0
100
AcDbCircle
39
0.0
10
1221.6295825221
20
1365.42460693979
30
0.0
40
44.9291577842455
210
0.0
220
0.0
230
1.0
100
AcDbArc
50
281.354067036167
51
282.638864965941
0
ARC
5
7E0
330
70
100
AcDbEntity
67
0
8
0
62
256
6
ByLayer
370
-1
48
1.0
60
0
100
AcDbCircle
39
0.0
10
1221.70010557195
20
1365.08679179569
30
0.0
40
44.5840700185431
210
0.0
220
0.0
230
1.0
100
AcDbArc
50
280.060053665877
51
281.35067853879
0
ARC
5
7E1
330
70
100
AcDbEntity
67
0
8
0
62
256
6
ByLayer
370
-1
48
1.0
60
0
100
AcDbCircle
39
0.0
10
1221.7797103692
20
1364.64483259025
30
0.0
40
44.1350004715298
210
0.0
220
0.0
230
1.0
100
AcDbArc
50
278.759418337624
51
280.058522671714
0
ARC
5
7E2
330
70
100
AcDbEntity
67
0
8
0
62
256
6
ByLayer
370
-1
48
1.0
60
0
100
AcDbCircle
39
0.0
10
1221.69453897124
20
1365.17132108442
30
0.0
40
44.6683188404795
210
0.0
220
0.0
230
1.0
100
AcDbArc
50
277.486121925118
51
278.764550718717
0
ARC
5
7E3
330
70
100
AcDbEntity
67
0
8
0
62
256
6
ByLayer
370
-1
48
1.0
60
0
100
AcDbCircle
39
0.0
10
1221.66154959757
20
1365.40913265355
30
0.0
40
44.9084014984201
210
0.0
220
0.0
230
1.0
100
AcDbArc
50
276.222416209138
51
277.488322307865
0
ARC
5
7E4
330
70
100
AcDbEntity
67
0
8
0
62
256
6
ByLayer
370
-1
48
1.0
60
0
100
AcDbCircle
39
0.0
10
1221.64451473836
20
1365.55591385113
30
0.0
40
45.0561643453428
210
0.0
220
0.0
230
1.0
100
AcDbArc
50
274.968200694825
51
276.223719826784
0
ARC
5
7E5
330
70
100
AcDbEntity
67
0
8
0
62
256
6
ByLayer
370
-1
48
1.0
60
0
100
AcDbCircle
39
0.0
10
1221.63996703937
20
1365.60483706269
30
0.0
40
45.1052975929066
210
0.0
220
0.0
230
1.0
100
AcDbArc
50
273.72123893172
51
274.968573802659
0
ARC
5
7E6
330
70
100
AcDbEntity
67
0
8
0
62
256
6
ByLayer
370
-1
48
1.0
60
0
100
AcDbCircle
39
0.0
10
1221.64400724774
20
1365.54991039765
30
0.0
40
45.0502245176194
210
0.0
220
0.0
230
1.0
100
AcDbArc
50
272.479219307641
51
273.720645211032
0
ARC
5
7E7
330
70
100
AcDbEntity
67
0
8
0
62
256
6
ByLayer
370
-1
48
1.0
60
0
100
AcDbCircle
39
0.0
10
1221.65235391215
20
1365.38611697374
30
0.0
40
44.8862233737689
210
0.0
220
0.0
230
1.0
100
AcDbArc
50
271.239746988458
51
272.477619086149
0
ARC
5
7E8
330
70
100
AcDbEntity
67
0
8
0
62
256
6
ByLayer
370
-1
48
1.0
60
0
100
AcDbCircle
39
0.0
10
1221.66071748503
20
1365.07285712681
30
0.0
40
44.5728559303806
210
0.0
220
0.0
230
1.0
100
AcDbArc
50
269.999725217066
51
271.237710937489
0
ARC
5
7E9
330
70
100
AcDbEntity
67
0
8
0
62
256
6
ByLayer
370
-1
48
1.0
60
0
100
AcDbCircle
39
0.0
10
1221.66103209158
20
1365.20235422869
30
0.0
40
44.7023530348782
210
0.0
220
0.0
230
1.0
100
AcDbArc
50
268.763233280711
51
269.999322776415
0
ARC
5
7EA
330
70
100
AcDbEntity
67
0
8
0
62
256
6
ByLayer
370
-1
48
1.0
60
0
100
AcDbCircle
39
0.0
10
1221.66312830371
20
1365.3457031938
30
0.0
40
44.8457138609549
210
0.0
220
0.0
230
1.0
100
AcDbArc
50
267.524893476247
51
268.76450875006
0
ARC
5
7EB
330
70
100
AcDbEntity
67
0
8
0
62
256
6
ByLayer
370
-1
48
1.0
60
0
100
AcDbCircle
39
0.0
10
1221.66620999863
20
1365.43043293299
30
0.0
40
44.9304976417032
210
0.0
220
0.0
230
1.0
100
AcDbArc
50
266.281161833309
51
267.525633430701
0
ARC
5
7EC
330
70
100
AcDbEntity
67
0
8
0
62
256
6
ByLayer
370
-1
48
1.0
60
0
100
AcDbCircle
39
0.0
10
1221.66794553838
20
1365.45998177669
30
0.0
40
44.9600968339854
210
0.0
220
0.0
230
1.0
100
AcDbArc
50
265.030803932455
51
266.281397164434
0
ARC
5
7ED
330
70
100
AcDbEntity
67
0
8
0
62
256
6
ByLayer
370
-1
48
1.0
60
0
100
AcDbCircle
39
0.0
10
1221.6662366346
20
1365.43816617615
30
0.0
40
44.9382152042044
210
0.0
220
0.0
230
1.0
100
AcDbArc
50
263.772649452402
51
265.030565267316
0
ARC
5
7EE
330
70
100
AcDbEntity
67
0
8
0
62
256
6
ByLayer
370
-1
48
1.0
60
0
100
AcDbCircle
39
0.0
10
1221.65923993652
20
1365.36912189754
30
0.0
40
44.8688193794074
210
0.0
220
0.0
230
1.0
100
AcDbArc
50
262.50559222004
51
263.771967439597
0
ARC
5
7EF
330
70
100
AcDbEntity
67
0
8
0
62
256
6
ByLayer
370
-1
48
1.0
60
0
100
AcDbCircle
39
0.0
10
1221.6550139257
20
1365.29912486388
30
0.0
40
44.7988693648459
210
0.0
220
0.0
230
1.0
100
AcDbArc
50
261.224706969371
51
262.499274481824
0
ARC
5
7F0
330
70
100
AcDbEntity
67
0
8
0
62
256
6
ByLayer
370
-1
48
1.0
60
0
100
AcDbCircle
39
0.0
10
1221.45996335573
20
1363.96012474408
30
0.0
40
43.4457879046605
210
0.0
220
0.0
230
1.0
100
AcDbArc
50
259.890034295746
51
261.209527626203
0
ARC
5
7F1
330
70
100
AcDbEntity
67
0
8
0
62
256
6
ByLayer
370
-1
48
1.0
60
0
100
AcDbCircle
39
0.0
10
1221.56041179929
20
1364.54931473191
30
0.0
40
44.0434620896007
210
0.0
220
0.0
230
1.0
100
AcDbArc
50
258.589784563704
51
259.895935743624
0
ARC
5
7F2
330
70
100
AcDbEntity
67
0
8
0
62
256
6
ByLayer
370
-1
48
1.0
60
0
100
AcDbCircle
39
0.0
10
1221.65997630104
20
1365.06246003059
30
0.0
40
44.5661627707012
210
0.0
220
0.0
230
1.0
100
AcDbArc
50
257.299913146173
51
258.594824143773
0
ARC
5
7F3
330
70
100
AcDbEntity
67
0
8
0
62
256
6
ByLayer
370
-1
48
1.0
60
0
100
AcDbCircle
39
0.0
10
1221.75437894237
20
1365.49633136626
30
0.0
40
45.0101734240923
210
0.0
220
0.0
230
1.0
100
AcDbArc
50
256.018364473914
51
257.304104469354
0
ARC
5
7F4
330
70
100
AcDbEntity
67
0
8
0
62
256
6
ByLayer
370
-1
48
1.0
60
0
100
AcDbCircle
39
0.0
10
1221.83933523029
20
1365.84853726423
30
0.0
40
45.372471036089
210
0.0
220
0.0
230
1.0
100
AcDbArc
50
254.743112469955
51
256.021720295418
0
ARC
5
7F5
330
70
100
AcDbEntity
67
0
8
0
62
256
6
ByLayer
370
-1
48
1.0
60
0
100
AcDbCircle
39
0.0
10
1221.91062071237
20
1366.11755218282
30
0.0
40
45.6507633304642
210
0.0
220
0.0
230
1.0
100
AcDbArc
50
253.472157650986
51
254.745644543123
0
ARC
5
7F6
330
70
100
AcDbEntity
67
0
8
0
62
256
6
ByLayer
370
-1
48
1.0
60
0
100
AcDbCircle
39
0.0
10
1221.96413652642
20
1366.30273143823
30
0.0
40
45.8435155424398
210
0.0
220
0.0
230
1.0
100
AcDbArc
50
252.203524097286
51
253.473876639648
0
ARC
5
7F7
330
70
100
AcDbEntity
67
0
8
0
62
256
6
ByLayer
370
-1
48
1.0
60
0
100
AcDbCircle
39
0.0
10
1221.99597273139
20
1366.40431265104
30
0.0
40
45.9499662305153
210
0.0
220
0.0
230
1.0
100
AcDbArc
50
250.935256395929
51
252.204439540937
0
ARC
5
7F8
330
70
100
AcDbEntity
67
0
8
0
62
256
6
ByLayer
370
-1
48
1.0
60
0
100
AcDbCircle
39
0.0
10
1222.00246830446
20
1366.42340370864
30
0.0
40
45.9701318357322
210
0.0
220
0.0
230
1.0
100
AcDbArc
50
249.66541665319
51
250.935376723404
0
ARC
5
7F9
330
70
100
AcDbEntity
67
0
8
0
62
256
6
ByLayer
370
-1
48
1.0
60
0
100
AcDbCircle
39
0.0
10
1221.98026679245
20
1366.36195761241
30
0.0
40
45.9048000399322
210
0.0
220
0.0
230
1.0
100
AcDbArc
50
248.392081668459
51
249.664749242238
0
ARC
5
7FA
330
70
100
AcDbEntity
67
0
8
0
62
256
6
ByLayer
370
-1
48
1.0
60
0
100
AcDbCircle
39
0.0
10
1221.92636670327
20
1366.22273482095
30
0.0
40
45.7555121889995
210
0.0
220
0.0
230
1.0
100
AcDbArc
50
247.113340358887
51
248.390632949773
0
ARC
5
7FB
330
70
100
AcDbEntity
67
0
8
0
62
256
6
ByLayer
370
-1
48
1.0
60
0
100
AcDbCircle
39
0.0
10
1221.83816588702
20
1366.00925404447
30
0.0
40
45.5245353798571
210
0.0
220
0.0
230
1.0
100
AcDbArc
50
245.827291525818
51
247.111115964499
0
ARC
5
7FC
330
70
100
AcDbEntity
67
0
8
0
62
256
6
ByLayer
370
-1
48
1.0
60
0
100
AcDbCircle
39
0.0
10
1221.71349928682
20
1365.72573260636
30
0.0
40
45.2148249626435
210
0.0
220
0.0
230
1.0
100
AcDbArc
50
244.532042055441
51
245.824296482639
0
ARC
5
7FD
330
70
100
AcDbEntity
67
0
8
0
62
256
6
ByLayer
370
-1
48
1.0
60
0
100
AcDbCircle
39
0.0
10
1221.55066963835
20
1365.37701776151
30
0.0
40
44.8299784953938
210
0.0
220
0.0
230
1.0
100
AcDbArc
50
243.225705652529
51
244.528281026145
0
ARC
5
7FE
330
70
100
AcDbEntity
67
0
8
0
62
256
6
ByLayer
370
-1
48
1.0
60
0
100
AcDbCircle
39
0.0
10
1221.34847085489
20
1364.96851046125
30
0.0
40
44.3741823031994
210
0.0
220
0.0
230
1.0
100
AcDbArc
50
241.906402212313
51
243.221183226687
0
ARC
5
7FF
330
70
100
AcDbEntity
67
0
8
0
62
256
6
ByLayer
370
-1
48
1.0
60
0
100
AcDbCircle
39
0.0
10
1221.07558495439
20
1364.45055613523
30
0.0
40
43.7887481320811
210
0.0
220
0.0
230
1.0
100
AcDbArc
50
240.571457678034
51
241.902244922789
0
ARC
5
800
330
70
100
AcDbEntity
67
0
8
0
62
256
6
ByLayer
370
-1
48
1.0
60
0
100
AcDbCircle
39
0.0
10
1221.27052278018
20
1364.79653336805
30
0.0
40
44.1858639327731
210
0.0
220
0.0
230
1.0
100
AcDbArc
50
239.255000536859
51
240.571725864432
0
ARC
5
801
330
70
100
AcDbEntity
67
0
8
0
62
256
6
ByLayer
370
-1
48
1.0
60
0
100
AcDbCircle
39
0.0
10
1221.52818494119
20
1365.23725450935
30
0.0
40
44.6963638936772
210
0.0
220
0.0
230
1.0
100
AcDbArc
50
237.960874759704
51
239.259944276572
0
ARC
5
802
330
70
100
AcDbEntity
67
0
8
0
62
256
6
ByLayer
370
-1
48
1.0
60
0
100
AcDbCircle
39
0.0
10
1221.75832168527
20
1365.61114010557
30
0.0
40
45.1353887485904
210
0.0
220
0.0
230
1.0
100
AcDbArc
50
236.681644353938
51
237.965015542039
0
ARC
5
803
330
70
100
AcDbEntity
67
0
8
0
62
256
6
ByLayer
370
-1
48
1.0
60
0
100
AcDbCircle
39
0.0
10
1221.95406509751
20
1365.9137157521
30
0.0
40
45.4957505523891
210
0.0
220
0.0
230
1.0
100
AcDbArc
50
235.415286398521
51
236.684959756043
0
ARC
5
804
330
70
100
AcDbEntity
67
0
8
0
62
256
6
ByLayer
370
-1
48
1.0
60
0
100
AcDbCircle
39
0.0
10
1222.10850906317
20
1366.14119543798
30
0.0
40
45.7706979729155
210
0.0
220
0.0
230
1.0
100
AcDbArc
50
234.15973425375
51
235.417753842855
0
ARC
5
805
330
70
100
AcDbEntity
67
0
8
0
62
256
6
ByLayer
370
-1
48
1.0
60
0
100
AcDbCircle
39
0.0
10
1222.21481280972
20
1366.29055740763
30
0.0
40
45.9540224183151
210
0.0
220
0.0
230
1.0
100
AcDbArc
50
232.912874916239
51
234.161330344567
0
ARC
5
806
330
70
100
AcDbEntity
67
0
8
0
62
256
6
ByLayer
370
-1
48
1.0
60
0
100
AcDbCircle
39
0.0
10
1222.26631050305
20
1366.35961400307
30
0.0
40
46.0401648009698
210
0.0
220
0.0
230
1.0
100
AcDbArc
50
231.672545043846
51
232.913574808799
0
ARC
5
807
330
70
100
AcDbEntity
67
0
8
0
62
256
6
ByLayer
370
-1
48
1.0
60
0
100
AcDbCircle
39
0.0
10
1222.25662527825
20
1366.34707334406
30
0.0
40
46.0243205732968
210
0.0
220
0.0
230
1.0
100
AcDbArc
50
230.436525700935
51
231.672321840121
0
ARC
5
808
330
70
100
AcDbEntity
67
0
8
0
62
256
6
ByLayer
370
-1
48
1.0
60
0
100
AcDbCircle
39
0.0
10
1222.17978579243
20
1366.25259071201
30
0.0
40
45.9025405068638
210
0.0
220
0.0
230
1.0
100
AcDbArc
50
229.202535861317
51
230.435349865574
0
ARC
5
809
330
70
100
AcDbEntity
67
0
8
0
62
256
6
ByLayer
370
-1
48
1.0
60
0
100
AcDbCircle
39
0.0
10
1222.03034302886
20
1366.07680746478
30
0.0
40
45.67182443303
210
0.0
220
0.0
230
1.0
100
AcDbArc
50
227.968224691572
51
229.200374652042
0
ARC
5
80A
330
70
100
AcDbEntity
67
0
8
0
62
256
6
ByLayer
370
-1
48
1.0
60
0
100
AcDbCircle
39
0.0
10
1221.80348490924
20
1365.8213755368
30
0.0
40
45.3302052203999
210
0.0
220
0.0
230
1.0
100
AcDbArc
50
226.731162627622
51
227.965041598665
0
ARC
5
80B
330
70
100
AcDbEntity
67
0
8
0
62
256
6
ByLayer
370
-1
48
1.0
60
0
100
AcDbCircle
39
0.0
10
1221.49514597164
20
1365.48896566134
30
0.0
40
44.8768201137694
210
0.0
220
0.0
230
1.0
100
AcDbArc
50
225.488831245385
51
226.726916818069
0
ARC
5
80C
330
70
100
AcDbEntity
67
0
8
0
62
256
6
ByLayer
370
-1
48
1.0
60
0
100
AcDbCircle
39
0.0
10
1221.09042908403
20
1365.07671090068
30
0.0
40
44.2991094736838
210
0.0
220
0.0
230
1.0
100
AcDbArc
50
224.240471339863
51
225.488312219041
0
ARC
5
80D
330
70
100
AcDbEntity
67
0
8
0
62
256
6
ByLayer
370
-1
48
1.0
60
0
100
AcDbCircle
39
0.0
10
1221.84763141267
20
1365.82556765153
30
0.0
40
45.3640394621557
210
0.0
220
0.0
230
1.0
100
AcDbArc
50
223.02537854628
51
224.250848441841
0
ARC
5
80E
330
70
100
AcDbEntity
67
0
8
0
62
256
6
ByLayer
370
-1
48
1.0
60
0
100
AcDbCircle
39
0.0
10
1222.0068144894
20
1365.97619688749
30
0.0
40
45.5831881987488
210
0.0
220
0.0
230
1.0
100
AcDbArc
50
221.799343988866
51
223.027268474144
0
ARC
5
80F
330
70
100
AcDbEntity
67
0
8
0
62
256
6
ByLayer
370
-1
48
1.0
60
0
100
AcDbCircle
39
0.0
10
1222.09110072222
20
1366.05256865086
30
0.0
40
45.6969258201149
210
0.0
220
0.0
230
1.0
100
AcDbArc
50
220.567670796746
51
221.800290759276
0
ARC
5
810
330
70
100
AcDbEntity
67
0
8
0
62
256
6
ByLayer
370
-1
48
1.0
60
0
100
AcDbCircle
39
0.0
10
1222.10078495704
20
1366.06090667145
30
0.0
40
45.7097049324289
210
0.0
220
0.0
230
1.0
100
AcDbArc
50
219.328245860849
51
220.567715646041
0
ARC
5
811
330
70
100
AcDbEntity
67
0
8
0
62
256
6
ByLayer
370
-1
48
1.0
60
0
100
AcDbCircle
39
0.0
10
1222.03704863083
20
1366.00784345844
30
0.0
40
45.6267736492889
210
0.0
220
0.0
230
1.0
100
AcDbArc
50
218.079031988299
51
219.327426868439
0
ARC
5
812
330
70
100
AcDbEntity
67
0
8
0
62
256
6
ByLayer
370
-1
48
1.0
60
0
100
AcDbCircle
39
0.0
10
1221.972150831
20
1365.95400825478
30
0.0
40
45.5424859613254
210
0.0
220
0.0
230
1.0
100
AcDbArc
50
216.819197833002
51
218.0760737769
0
ARC
5
813
330
70
100
AcDbEntity
67
0
8
0
62
256
6
ByLayer
370
-1
48
1.0
60
0
100
AcDbCircle
39
0.0
10
1220.61883336601
20
1364.93704631293
30
0.0
40
43.849656992228
210
0.0
220
0.0
230
1.0
100
AcDbArc
50
215.50414166267
51
216.81517726611
0
ARC
5
814
330
70
100
AcDbEntity
67
0
8
0
62
256
6
ByLayer
370
-1
48
1.0
60
0
100
AcDbCircle
39
0.0
10
1221.13334766984
20
1365.3099903023
30
0.0
40
44.4851013547718
210
0.0
220
0.0
230
1.0
100
AcDbArc
50
214.213111984378
51
215.510315681019
0
ARC
5
815
330
70
100
AcDbEntity
67
0
8
0
62
256
6
ByLayer
370
-1
48
1.0
60
0
100
AcDbCircle
39
0.0
10
1221.59246704735
20
1365.62718890317
30
0.0
40
45.0431232921968
210
0.0
220
0.0
230
1.0
100
AcDbArc
50
212.932878526349
51
214.218400700905
0
ARC
5
816
330
70
100
AcDbEntity
67
0
8
0
62
256
6
ByLayer
370
-1
48
1.0
60
0
100
AcDbCircle
39
0.0
10
1221.99062224186
20
1365.88927447181
30
0.0
40
45.5197827158814
210
0.0
220
0.0
230
1.0
100
AcDbArc
50
211.661344599006
51
212.937297819242
0
ARC
5
817
330
70
100
AcDbEntity
67
0
8
0
62
256
6
ByLayer
370
-1
48
1.0
60
0
100
AcDbCircle
39
0.0
10
1222.3228457032
20
1366.09750621338
30
0.0
40
45.9118602556338
210
0.0
220
0.0
230
1.0
100
AcDbArc
50
210.396447218941
51
211.664909234849
0
ARC
5
818
330
70
100
AcDbEntity
67
0
8
0
62
256
6
ByLayer
370
-1
48
1.0
60
0
100
AcDbCircle
39
0.0
10
1222.58484178747
20
1366.25374353313
30
0.0
40
46.2168967351853
210
0.0
220
0.0
230
1.0
100
AcDbArc
50
209.136153683654
51
210.399170716349
0
ARC
5
819
330
70
100
AcDbEntity
67
0
8
0
62
256
6
ByLayer
370
-1
48
1.0
60
0
100
AcDbCircle
39
0.0
10
1222.77304652524
20
1366.36041033955
30
0.0
40
46.4332216864399
210
0.0
220
0.0
230
1.0
100
AcDbArc
50
207.878458039172
51
209.138048235811
0
ARC
5
81A
330
70
100
AcDbEntity
67
0
8
0
62
256
6
ByLayer
370
-1
48
1.0
60
0
100
AcDbCircle
39
0.0
10
1222.88467583794
20
1366.42045089355
30
0.0
40
46.5599702898872
210
0.0
220
0.0
230
1.0
100
AcDbArc
50
206.621377541951
51
207.879534488303
0
ARC
5
81B
330
70
100
AcDbEntity
67
0
8
0
62
256
6
ByLayer
370
-1
48
1.0
60
0
100
AcDbCircle
39
0.0
10
1222.91776140517
20
1366.43727802994
30
0.0
40
46.5970884776109
210
0.0
220
0.0
230
1.0
100
AcDbArc
50
205.362949209083
51
206.621645401457
0
ARC
5
81C
330
70
100
AcDbEntity
67
0
8
0
62
256
6
ByLayer
370
-1
48
1.0
60
0
100
AcDbCircle
39
0.0
10
1222.871173697
20
1366.41471475618
30
0.0
40
46.5453262466796
210
0.0
220
0.0
230
1.0
100
AcDbArc
50
204.101226545899
51
205.362416730423
0
ARC
5
81D
330
70
100
AcDbEntity
67
0
8
0
62
256
6
ByLayer
370
-1
48
1.0
60
0
100
AcDbCircle
39
0.0
10
1222.74463197149
20
1366.35693035952
30
0.0
40
46.4062194949064
210
0.0
220
0.0
230
1.0
100
AcDbArc
50
202.834276537335
51
204.099900828574
0
ARC
5
81E
330
70
100
AcDbEntity
67
0
8
0
62
256
6
ByLayer
370
-1
48
1.0
60
0
100
AcDbCircle
39
0.0
10
1222.53870135803
20
1366.26837226356
30
0.0
40
46.1820609805566
210
0.0
220
0.0
230
1.0
100
AcDbArc
50
201.560176989951
51
202.832163681569
0
ARC
5
81F
330
70
100
AcDbEntity
67
0
8
0
62
256
6
ByLayer
370
-1
48
1.0
60
0
100
AcDbCircle
39
0.0
10
1222.25477742526
20
1366.15369493022
30
0.0
40
45.8758612375594
210
0.0
220
0.0
230
1.0
100
AcDbArc
50
200.277014314387
51
201.55728229326
0
ARC
5
820
330
70
100
AcDbEntity
67
0
8
0
62
256
6
ByLayer
370
-1
48
1.0
60
0
100
AcDbCircle
39
0.0
10
1221.89505894468
20
1366.01768714262
30
0.0
40
45.4913005366605
210
0.0
220
0.0
230
1.0
100
AcDbArc
50
198.982881843697
51
200.273342513947
0
ARC
5
821
330
70
100
AcDbEntity
67
0
8
0
62
256
6
ByLayer
370
-1
48
1.0
60
0
100
AcDbCircle
39
0.0
10
1221.46250973405
20
1365.86519895802
30
0.0
40
45.0326730849824
210
0.0
220
0.0
230
1.0
100
AcDbArc
50
197.675878789209
51
198.978437407635
0
ARC
5
822
330
70
100
AcDbEntity
67
0
8
0
62
256
6
ByLayer
370
-1
48
1.0
60
0
100
AcDbCircle
39
0.0
10
1220.96081076983
20
1365.70106960619
30
0.0
40
44.5048248993055
210
0.0
220
0.0
230
1.0
100
AcDbArc
50
196.354109946411
51
197.670666260767
0
ARC
5
823
330
70
100
AcDbEntity
67
0
8
0
62
256
6
ByLayer
370
-1
48
1.0
60
0
100
AcDbCircle
39
0.0
10
1220.61660618901
20
1365.59931832543
30
0.0
40
44.1458964938657
210
0.0
220
0.0
230
1.0
100
AcDbArc
50
195.027824601633
51
196.353181083953
0
ARC
5
824
330
70
100
AcDbEntity
67
0
8
0
62
256
6
ByLayer
370
-1
48
1.0
60
0
100
AcDbCircle
39
0.0
10
1221.56529361451
20
1365.86309360655
30
0.0
40
45.1305334733659
210
0.0
220
0.0
230
1.0
100
AcDbArc
50
193.74497650726
51
195.038959649143
0
ARC
5
825
330
70
100
AcDbEntity
67
0
8
0
62
256
6
ByLayer
370
-1
48
1.0
60
0
100
AcDbCircle
39
0.0
10
1221.92126821508
20
1365.95295393044
30
0.0
40
45.497664954548
210
0.0
220
0.0
230
1.0
100
AcDbArc
50
192.467764289189
51
193.748385669306
0
ARC
5
826
330
70
100
AcDbEntity
67
0
8
0
62
256
6
ByLayer
370
-1
48
1.0
60
0
100
AcDbCircle
39
0.0
10
1222.19837077556
20
1366.01633169185
30
0.0
40
45.781915468767
210
0.0
220
0.0
230
1.0
100
AcDbArc
50
191.201066534684
51
192.470341626998
0
ARC
5
827
330
70
100
AcDbEntity
67
0
8
0
62
256
6
ByLayer
370
-1
48
1.0
60
0
100
AcDbCircle
39
0.0
10
1222.38991320214
20
1366.05567260776
30
0.0
40
45.977451403496
210
0.0
220
0.0
230
1.0
100
AcDbArc
50
189.942806192015
51
191.202791130441
0
ARC
5
828
330
70
100
AcDbEntity
67
0
8
0
62
256
6
ByLayer
370
-1
48
1.0
60
0
100
AcDbCircle
39
0.0
10
1222.48990018187
20
1366.07389398447
30
0.0
40
46.0790828386629
210
0.0
220
0.0
230
1.0
100
AcDbArc
50
188.690861728206
51
189.943656005701
0
ARC
5
829
330
70
100
AcDbEntity
67
0
8
0
62
256
6
ByLayer
370
-1
48
1.0
60
0
100
AcDbCircle
39
0.0
10
1222.49314454334
20
1366.0743503124
30
0.0
40
46.0823589009779
210
0.0
220
0.0
230
1.0
100
AcDbArc
50
187.443062718173
51
188.69081305801
0
ARC
5
82A
330
70
100
AcDbEntity
67
0
8
0
62
256
6
ByLayer
370
-1
48
1.0
60
0
100
AcDbCircle
39
0.0
10
1222.39537638163
20
1366.06079016117
30
0.0
40
45.983657938472
210
0.0
220
0.0
230
1.0
100
AcDbArc
50
186.197184350458
51
187.442089689252
0
ARC
5
82B
330
70
100
AcDbEntity
67
0
8
0
62
256
6
ByLayer
370
-1
48
1.0
60
0
100
AcDbCircle
39
0.0
10
1222.19334306562
20
1366.03730447586
30
0.0
40
45.780269984964
210
0.0
220
0.0
230
1.0
100
AcDbArc
50
184.95094089361
51
186.195258428021
0
ARC
5
82C
330
70
100
AcDbEntity
67
0
8
0
62
256
6
ByLayer
370
-1
48
1.0
60
0
100
AcDbCircle
39
0.0
10
1221.8848974254
20
1366.00826665308
30
0.0
40
45.4704691833544
210
0.0
220
0.0
230
1.0
100
AcDbArc
50
183.7019781624
51
184.94803041669
0
ARC
5
82D
330
70
100
AcDbEntity
67
0
8
0
62
256
6
ByLayer
370
-1
48
1.0
60
0
100
AcDbCircle
39
0.0
10
1221.42296942875
20
1365.97580691216
30
0.0
40
45.0074093032621
210
0.0
220
0.0
230
1.0
100
AcDbArc
50
182.4472497853
51
183.698710529782
0
ARC
5
82E
330
70
100
AcDbEntity
67
0
8
0
62
256
6
ByLayer
370
-1
48
1.0
60
0
100
AcDbCircle
39
0.0
10
1222.31062449454
20
1366.01085530904
30
0.0
40
45.8957514320538
210
0.0
220
0.0
230
1.0
100
AcDbArc
50
181.226684382198
51
182.443646848519
0
ARC
5
82F
330
70
100
AcDbEntity
67
0
8
0
62
256
6
ByLayer
370
-1
48
1.0
60
0
100
AcDbCircle
39
0.0
10
1221.70823705823
20
1365.99481474209
30
0.0
40
45.2931587616986
210
0.0
220
0.0
230
1.0
100
AcDbArc
50
179.993440529816
51
181.222711081264
0
ARC
5
830
330
70
100
AcDbEntity
67
0
8
0
62
256
6
ByLayer
370
-1
48
1.0
60
0
100
AcDbCircle
39
0.0
10
1222.41878633114
20
1365.99904535678
30
0.0
40
46.00370774769
210
0.0
220
0.0
230
1.0
100
AcDbArc
50
178.767983289008
51
179.998810905474
0
ARC
5
831
330
70
100
AcDbEntity
67
0
8
0
62
256
6
ByLayer
370
-1
48
1.0
60
0
100
AcDbCircle
39
0.0
10
1221.9420612528
20
1366.00606845617
30
0.0
40
45.5269419865385
210
0.0
220
0.0
230
1.0
100
AcDbArc
50
177.516945550327
51
178.76392004503
0
ARC
5
832
330
70
100
AcDbEntity
67
0
8
0
62
256
6
ByLayer
370
-1
48
1.0
60
0
100
AcDbCircle
39
0.0
10
1221.77668537047
20
1366.01222201306
30
0.0
40
45.3614547944142
210
0.0
220
0.0
230
1.0
100
AcDbArc
50
176.258651578234
51
177.51566104582
0
ARC
5
833
330
70
100
AcDbEntity
67
0
8
0
62
256
6
ByLayer
370
-1
48
1.0
60
0
100
AcDbCircle
39
0.0
10
1221.91547555958
20
1366.00434615059
30
0.0
40
45.5004631272568
210
0.0
220
0.0
230
1.0
100
AcDbArc
50
174.999293242873
51
176.260159289356
0
ARC
5
834
330
70
100
AcDbEntity
67
0
8
0
62
256
6
ByLayer
370
-1
48
1.0
60
0
100
AcDbCircle
39
0.0
10
1222.13276662812
20
1365.98186590113
30
0.0
40
45.7188867936053
210
0.0
220
0.0
230
1.0
100
AcDbArc
50
173.731074113087
51
174.994964816604
0
ARC
5
835
330
70
100
AcDbEntity
67
0
8
0
62
256
6
ByLayer
370
-1
48
1.0
60
0
100
AcDbCircle
39
0.0
10
1220.58211113316
20
1366.13710741671
30
0.0
40
44.1605546364233
210
0.0
220
0.0
230
1.0
100
AcDbArc
50
172.396509683917
51
173.711598263814
0
ARC
5
836
330
70
100
AcDbEntity
67
0
8
0
62
256
6
ByLayer
370
-1
48
1.0
60
0
100
AcDbCircle
39
0.0
10
1221.20438792311
20
1366.05882152552
30
0.0
40
44.7877188335822
210
0.0
220
0.0
230
1.0
100
AcDbArc
50
171.100282412528
51
172.402573566253
0
ARC
5
837
330
70
100
AcDbEntity
67
0
8
0
62
256
6
ByLayer
370
-1
48
1.0
60
0
100
AcDbCircle
39
0.0
10
1221.73824064869
20
1365.97930497174
30
0.0
40
45.3274461365253
210
0.0
220
0.0
230
1.0
100
AcDbArc
50
169.813544419229
51
171.1053774323
0
ARC
5
838
330
70
100
AcDbEntity
67
0
8
0
62
256
6
ByLayer
370
-1
48
1.0
60
0
100
AcDbCircle
39
0.0
10
1222.1805615456
20
1365.90319441071
30
0.0
40
45.7762553555837
210
0.0
220
0.0
230
1.0
100
AcDbArc
50
168.53403061615
51
169.817693014666
0
ARC
5
839
330
70
100
AcDbEntity
67
0
8
0
62
256
6
ByLayer
370
-1
48
1.0
60
0
100
AcDbCircle
39
0.0
10
1222.52926901941
20
1365.83511229801
30
0.0
40
46.1315374908037
210
0.0
220
0.0
230
1.0
100
AcDbArc
50
167.259520876198
51
168.537253289636
0
ARC
5
83A
330
70
100
AcDbEntity
67
0
8
0
62
256
6
ByLayer
370
-1
48
1.0
60
0
100
AcDbCircle
39
0.0
10
1222.78332603009
20
1365.77959142238
30
0.0
40
46.391583712957
210
0.0
220
0.0
230
1.0
100
AcDbArc
50
165.987835092975
51
167.261836167804
0
ARC
5
83B
330
70
100
AcDbEntity
67
0
8
0
62
256
6
ByLayer
370
-1
48
1.0
60
0
100
AcDbCircle
39
0.0
10
1222.9427413634
20
1365.74100175162
30
0.0
40
46.5555991882001
210
0.0
220
0.0
230
1.0
100
AcDbArc
50
164.716828366172
51
165.989259611539
0
ARC
5
83C
330
70
100
AcDbEntity
67
0
8
0
62
256
6
ByLayer
370
-1
48
1.0
60
0
100
AcDbCircle
39
0.0
10
1223.00855405113
20
1365.72348091552
30
0.0
40
46.6237027170129
210
0.0
220
0.0
230
1.0
100
AcDbArc
50
163.444386413395
51
164.717376871946
0
ARC
5
83D
330
70
100
AcDbEntity
67
0
8
0
62
256
6
ByLayer
370
-1
48
1.0
60
0
100
AcDbCircle
39
0.0
10
1222.98280149639
20
1365.73086956142
30
0.0
40
46.5969124068035
210
0.0
220
0.0
230
1.0
100
AcDbArc
50
162.168421300427
51
163.444071948061
0
ARC
5
83E
330
70
100
AcDbEntity
67
0
8
0
62
256
6
ByLayer
370
-1
48
1.0
60
0
100
AcDbCircle
39
0.0
10
1222.86847237857
20
1365.76665263483
30
0.0
40
46.4771180884456
210
0.0
220
0.0
230
1.0
100
AcDbArc
50
160.886867581812
51
162.167255363014
0
ARC
5
83F
330
70
100
AcDbEntity
67
0
8
0
62
256
6
ByLayer
370
-1
48
1.0
60
0
100
AcDbCircle
39
0.0
10
1222.66944565246
20
1365.8339074801
30
0.0
40
46.2670414053405
210
0.0
220
0.0
230
1.0
100
AcDbArc
50
159.597678941786
51
160.884860349321
0
ARC
5
840
330
70
100
AcDbEntity
67
0
8
0
62
256
6
ByLayer
370
-1
48
1.0
60
0
100
AcDbCircle
39
0.0
10
1222.39041725023
20
1365.93525945833
30
0.0
40
45.9701847913119
210
0.0
220
0.0
230
1.0
100
AcDbArc
50
158.298825429826
51
159.594839536238
0
ARC
5
841
330
70
100
AcDbEntity
67
0
8
0
62
256
6
ByLayer
370
-1
48
1.0
60
0
100
AcDbCircle
39
0.0
10
1222.0368164161
20
1366.07284553112
30
0.0
40
45.5907708875916
210
0.0
220
0.0
230
1.0
100
AcDbArc
50
156.988291392631
51
158.295162233878
0
ARC
5
842
330
70
100
AcDbEntity
67
0
8
0
62
256
6
ByLayer
370
-1
48
1.0
60
0
100
AcDbCircle
39
0.0
10
1221.61471357207
20
1366.24828610663
30
0.0
40
45.1336739263284
210
0.0
220
0.0
230
1.0
100
AcDbArc
50
155.664074209634
51
156.983812416987
0
ARC
5
843
330
70
100
AcDbEntity
67
0
8
0
62
256
6
ByLayer
370
-1
48
1.0
60
0
100
AcDbCircle
39
0.0
10
1221.13072188827
20
1366.46266516749
30
0.0
40
44.6043449245484
210
0.0
220
0.0
230
1.0
100
AcDbArc
50
154.324183952914
51
155.658787517197
0
ARC
5
844
330
70
100
AcDbEntity
67
0
8
0
62
256
6
ByLayer
370
-1
48
1.0
60
0
100
AcDbCircle
39
0.0
10
1220.54848538996
20
1366.74005413439
30
0.0
40
43.9594117920937
210
0.0
220
0.0
230
1.0
100
AcDbArc
50
152.96827387574
51
154.321223844101
0
ARC
5
845
330
70
100
AcDbEntity
67
0
8
0
62
256
6
ByLayer
370
-1
48
1.0
60
0
100
AcDbCircle
39
0.0
10
1221.09959507836
20
1366.46380245965
30
0.0
40
44.5758676321186
210
0.0
220
0.0
230
1.0
100
AcDbArc
50
151.641428614089
51
152.973926691469
0
ARC
5
846
330
70
100
AcDbEntity
67
0
8
0
62
256
6
ByLayer
370
-1
48
1.0
60
0
100
AcDbCircle
39
0.0
10
1221.54891778213
20
1366.22569060945
30
0.0
40
45.0843685781661
210
0.0
220
0.0
230
1.0
100
AcDbArc
50
150.331088145062
51
151.646367580678
0
ARC
5
847
330
70
100
AcDbEntity
67
0
8
0
62
256
6
ByLayer
370
-1
48
1.0
60
0
100
AcDbCircle
39
0.0
10
1221.92821172376
20
1366.01337933859
30
0.0
40
45.5190286633594
210
0.0
220
0.0
230
1.0
100
AcDbArc
50
149.035125990844
51
150.335202110916
0
ARC
5
848
330
70
100
AcDbEntity
67
0
8
0
62
256
6
ByLayer
370
-1
48
1.0
60
0
100
AcDbCircle
39
0.0
10
1222.23293275072
20
1365.83358993579
30
0.0
40
45.8728256965636
210
0.0
220
0.0
230
1.0
100
AcDbArc
50
147.751465711165
51
149.038393952631
0
ARC
5
849
330
70
100
AcDbEntity
67
0
8
0
62
256
6
ByLayer
370
-1
48
1.0
60
0
100
AcDbCircle
39
0.0
10
1222.45927716678
20
1365.69307127866
30
0.0
40
46.1392343517549
210
0.0
220
0.0
230
1.0
100
AcDbArc
50
146.477989966009
51
147.753866502621
0
ARC
5
84A
330
70
100
AcDbEntity
67
0
8
0
62
256
6
ByLayer
370
-1
48
1.0
60
0
100
AcDbCircle
39
0.0
10
1222.60425878731
20
1365.59849556812
30
0.0
40
46.3123318616481
210
0.0
220
0.0
230
1.0
100
AcDbArc
50
145.212537851905
51
146.47950161447
0
ARC
5
84B
330
70
100
AcDbEntity
67
0
8
0
62
256
6
ByLayer
370
-1
48
1.0
60
0
100
AcDbCircle
39
0.0
10
1222.66577846478
20
1365.55634884987
30
0.0
40
46.3869025105475
210
0.0
220
0.0
230
1.0
100
AcDbArc
50
143.952900969089
51
145.21313697457
0
ARC
5
84C
330
70
100
AcDbEntity
67
0
8
0
62
256
6
ByLayer
370
-1
48
1.0
60
0
100
AcDbCircle
39
0.0
10
1222.64268386114
20
1365.57281807777
30
0.0
40
46.3585384309965
210
0.0
220
0.0
230
1.0
100
AcDbArc
50
142.696818285414
51
143.952562203316
0
ARC
5
84D
330
70
100
AcDbEntity
67
0
8
0
62
256
6
ByLayer
370
-1
48
1.0
60
0
100
AcDbCircle
39
0.0
10
1222.53481731681
20
1365.65367673347
30
0.0
40
46.2237341183094
210
0.0
220
0.0
230
1.0
100
AcDbArc
50
141.441969851572
51
142.695513747559
0
ARC
5
84E
330
70
100
AcDbEntity
67
0
8
0
62
256
6
ByLayer
370
-1
48
1.0
60
0
100
AcDbCircle
39
0.0
10
1222.34304968898
20
1365.80417133064
30
0.0
40
45.9799719015516
210
0.0
220
0.0
230
1.0
100
AcDbArc
50
140.185969409506
51
141.439668619206
0
ARC
5
84F
330
70
100
AcDbEntity
67
0
8
0
62
256
6
ByLayer
370
-1
48
1.0
60
0
100
AcDbCircle
39
0.0
10
1222.0692983208
20
1366.02891126685
30
0.0
40
45.6257957391665
210
0.0
220
0.0
230
1.0
100
AcDbArc
50
138.926355929684
51
140.182637023663
0
ARC
5
850
330
70
100
AcDbEntity
67
0
8
0
62
256
6
ByLayer
370
-1
48
1.0
60
0
100
AcDbCircle
39
0.0
10
1221.71652750025
20
1366.3317646809
30
0.0
40
45.160870713474
210
0.0
220
0.0
230
1.0
100
AcDbArc
50
137.660584104819
51
138.921953914009
0
ARC
5
851
330
70
100
AcDbEntity
67
0
8
0
62
256
6
ByLayer
370
-1
48
1.0
60
0
100
AcDbCircle
39
0.0
10
1221.28873019536
20
1366.71576298012
30
0.0
40
44.5860258865349
210
0.0
220
0.0
230
1.0
100
AcDbArc
50
136.386013827569
51
137.655069501485
0
ARC
5
852
330
70
100
AcDbEntity
67
0
8
0
62
256
6
ByLayer
370
-1
48
1.0
60
0
100
AcDbCircle
39
0.0
10
1221.54531411427
20
1366.47014916564
30
0.0
40
44.9412170494463
210
0.0
220
0.0
230
1.0
100
AcDbArc
50
135.131261155825
51
136.384949760913
0
ARC
5
853
330
70
100
AcDbEntity
67
0
8
0
62
256
6
ByLayer
370
-1
48
1.0
60
0
100
AcDbCircle
39
0.0
10
1222.05317991801
20
1365.97638326987
30
0.0
40
45.6494993619933
210
0.0
220
0.0
230
1.0
100
AcDbArc
50
133.904953694033
51
135.141738345388
0
ARC
5
854
330
70
100
AcDbEntity
67
0
8
0
62
256
6
ByLayer
370
-1
48
1.0
60
0
100
AcDbCircle
39
0.0
10
1221.85996882249
20
1366.17436020161
30
0.0
40
45.3728738105867
210
0.0
220
0.0
230
1.0
100
AcDbArc
50
132.654492309183
51
133.902532969124
0
ARC
5
855
330
70
100
AcDbEntity
67
0
8
0
62
256
6
ByLayer
370
-1
48
1.0
60
0
100
AcDbCircle
39
0.0
10
1221.75582031242
20
1366.28587946399
30
0.0
40
45.2202881424377
210
0.0
220
0.0
230
1.0
100
AcDbArc
50
131.396240041842
51
132.65318271641
0
ARC
5
856
330
70
100
AcDbEntity
67
0
8
0
62
256
6
ByLayer
370
-1
48
1.0
60
0
100
AcDbCircle
39
0.0
10
1221.73616273392
20
1366.30796589794
30
0.0
40
45.1907210833721
210
0.0
220
0.0
230
1.0
100
AcDbArc
50
130.132620895806
51
131.396060909234
0
ARC
5
857
330
70
100
AcDbEntity
67
0
8
0
62
256
6
ByLayer
370
-1
48
1.0
60
0
100
AcDbCircle
39
0.0
10
1221.79669749433
20
1366.23733909338
30
0.0
40
45.2837373608118
210
0.0
220
0.0
230
1.0
100
AcDbArc
50
128.866078036612
51
130.133581206772
0
ARC
5
858
330
70
100
AcDbEntity
67
0
8
0
62
256
6
ByLayer
370
-1
48
1.0
60
0
100
AcDbCircle
39
0.0
10
1221.93336675905
20
1366.07041292348
30
0.0
40
45.4994688400664
210
0.0
220
0.0
230
1.0
100
AcDbArc
50
127.599051710973
51
128.86817618837
0
ARC
5
859
330
70
100
AcDbEntity
67
0
8
0
62
256
6
ByLayer
370
-1
48
1.0
60
0
100
AcDbCircle
39
0.0
10
1221.68310811285
20
1366.39098016694
30
0.0
40
45.0927927551872
210
0.0
220
0.0
230
1.0
100
AcDbArc
50
126.307432744107
51
127.595631824689
0
ARC
5
85A
330
70
100
AcDbEntity
67
0
8
0
62
256
6
ByLayer
370
-1
48
1.0
60
0
100
AcDbCircle
39
0.0
10
1221.06081513197
20
1367.21779464228
30
0.0
40
44.0580339948177
210
0.0
220
0.0
230
1.0
100
AcDbArc
50
124.968489452071
51
126.291951773525
0
ARC
5
85B
330
70
100
AcDbEntity
67
0
8
0
62
256
6
ByLayer
370
-1
48
1.0
60
0
100
AcDbCircle
39
0.0
10
1221.3813830758
20
1366.76677753235
30
0.0
40
44.6113537703355
210
0.0
220
0.0
230
1.0
100
AcDbArc
50
123.66251631601
51
124.973890588263
0
ARC
5
85C
330
70
100
AcDbEntity
67
0
8
0
62
256
6
ByLayer
370
-1
48
1.0
60
0
100
AcDbCircle
39
0.0
10
1221.64579945226
20
1366.37613214998
30
0.0
40
45.0830606815005
210
0.0
220
0.0
230
1.0
100
AcDbArc
50
122.36554705514
51
123.667019700777
0
ARC
5
85D
330
70
100
AcDbEntity
67
0
8
0
62
256
6
ByLayer
370
-1
48
1.0
60
0
100
AcDbCircle
39
0.0
10
1221.85525231798
20
1366.05101444101
30
0.0
40
45.4697955332714
210
0.0
220
0.0
230
1.0
100
AcDbArc
50
121.075443169764
51
122.369166867354
0
ARC
5
85E
330
70
100
AcDbEntity
67
0
8
0
62
256
6
ByLayer
370
-1
48
1.0
60
0
100
AcDbCircle
39
0.0
10
1222.01156284466
20
1365.79589898977
30
0.0
40
45.7689812325283
210
0.0
220
0.0
230
1.0
100
AcDbArc
50
119.790095584637
51
121.07819242208
0
ARC
5
85F
330
70
100
AcDbEntity
67
0
8
0
62
256
6
ByLayer
370
-1
48
1.0
60
0
100
AcDbCircle
39
0.0
10
1222.11714937883
20
1365.61451406492
30
0.0
40
45.9788543281076
210
0.0
220
0.0
230
1.0
100
AcDbArc
50
118.507421171485
51
119.791986020846
0
ARC
5
860
330
70
100
AcDbEntity
67
0
8
0
62
256
6
ByLayer
370
-1
48
1.0
60
0
100
AcDbCircle
39
0.0
10
1222.17498226291
20
1365.50978869105
30
0.0
40
46.0984843632816
210
0.0
220
0.0
230
1.0
100
AcDbArc
50
117.225359232012
51
118.508463222965
0
ARC
5
861
330
70
100
AcDbEntity
67
0
8
0
62
256
6
ByLayer
370
-1
48
1.0
60
0
100
AcDbCircle
39
0.0
10
1222.18853027964
20
1365.4838126518
30
0.0
40
46.1277807236927
210
0.0
220
0.0
230
1.0
100
AcDbArc
50
115.941868048942
51
117.225562028336
0
ARC
5
862
330
70
100
AcDbEntity
67
0
8
0
62
256
6
ByLayer
370
-1
48
1.0
60
0
100
AcDbCircle
39
0.0
10
1222.16169974473
20
1365.53781007051
30
0.0
40
46.0674869173852
210
0.0
220
0.0
230
1.0
100
AcDbArc
50
114.654921605264
51
115.941239479004
0
ARC
5
863
330
70
100
AcDbEntity
67
0
8
0
62
256
6
ByLayer
370
-1
48
1.0
60
0
100
AcDbCircle
39
0.0
10
1222.09876747613
20
1365.67212680777
30
0.0
40
45.9191626254317
210
0.0
220
0.0
230
1.0
100
AcDbArc
50
113.362506571135
51
114.653468427505
0
ARC
5
864
330
70
100
AcDbEntity
67
0
8
0
62
256
6
ByLayer
370
-1
48
1.0
60
0
100
AcDbCircle
39
0.0
10
1222.00430895234
20
1365.88623164968
30
0.0
40
45.6851540842118
210
0.0
220
0.0
230
1.0
100
AcDbArc
50
112.062619656867
51
113.360234572447
0
ARC
5
865
330
70
100
AcDbEntity
67
0
8
0
62
256
6
ByLayer
370
-1
48
1.0
60
0
100
AcDbCircle
39
0.0
10
1221.88312308596
20
1366.17873086368
30
0.0
40
45.3685537171856
210
0.0
220
0.0
230
1.0
100
AcDbArc
50
110.7532654351
51
112.059533861376
0
ARC
5
866
330
70
100
AcDbEntity
67
0
8
0
62
256
6
ByLayer
370
-1
48
1.0
60
0
100
AcDbCircle
39
0.0
10
1221.74015503697
20
1366.54739546942
30
0.0
40
44.9731500943546
210
0.0
220
0.0
230
1.0
100
AcDbArc
50
109.432454739807
51
110.74937036506
0
ARC
5
867
330
70
100
AcDbEntity
67
0
8
0
62
256
6
ByLayer
370
-1
48
1.0
60
0
100
AcDbCircle
39
0.0
10
1221.58041851271
20
1366.98920022489
30
0.0
40
44.5033695803906
210
0.0
220
0.0
230
1.0
100
AcDbArc
50
108.098203759523
51
109.427754732255
0
ARC
5
868
330
70
100
AcDbEntity
67
0
8
0
62
256
6
ByLayer
370
-1
48
1.0
60
0
100
AcDbCircle
39
0.0
10
1221.40891891435
20
1367.50037317787
30
0.0
40
43.9642110987421
210
0.0
220
0.0
230
1.0
100
AcDbArc
50
106.748533950693
51
108.092703342801
0
ARC
5
869
330
70
100
AcDbEntity
67
0
8
0
62
256
6
ByLayer
370
-1
48
1.0
60
0
100
AcDbCircle
39
0.0
10
1221.25443499797
20
1368.0098304124
30
0.0
40
43.4318477961005
210
0.0
220
0.0
230
1.0
100
AcDbArc
50
105.38855493028
51
106.747057328519
0
ARC
5
86A
330
70
100
AcDbEntity
67
0
8
0
62
256
6
ByLayer
370
-1
48
1.0
60
0
100
AcDbCircle
39
0.0
10
1221.50696128589
20
1367.12230546818
30
0.0
40
44.3545655592557
210
0.0
220
0.0
230
1.0
100
AcDbArc
50
104.071285243837
51
105.398832324348
0
ARC
5
86B
330
70
100
AcDbEntity
67
0
8
0
62
256
6
ByLayer
370
-1
48
1.0
60
0
100
AcDbCircle
39
0.0
10
1221.60351842617
20
1366.74909072933
30
0.0
40
44.7400575390787
210
0.0
220
0.0
230
1.0
100
AcDbArc
50
102.76207521802
51
104.075025410467
0
ARC
5
86C
330
70
100
AcDbEntity
67
0
8
0
62
256
6
ByLayer
370
-1
48
1.0
60
0
100
AcDbCircle
39
0.0
10
1221.67328784183
20
1366.45136381596
30
0.0
40
45.045841672963
210
0.0
220
0.0
230
1.0
100
AcDbArc
50
101.46456543654
51
102.764971501495
0
ARC
5
86D
330
70
100
AcDbEntity
67
0
8
0
62
256
6
ByLayer
370
-1
48
1.0
60
0
100
AcDbCircle
39
0.0
10
1221.71854825144
20
1366.23625777384
30
0.0
40
45.2656519514601
210
0.0
220
0.0
230
1.0
100
AcDbArc
50
100.176632085154
51
101.466593813508
0
ARC
5
86E
330
70
100
AcDbEntity
67
0
8
0
62
256
6
ByLayer
370
-1
48
1.0
60
0
100
AcDbCircle
39
0.0
10
1221.74208077532
20
1366.11025510194
30
0.0
40
45.3938301312492
210
0.0
220
0.0
230
1.0
100
AcDbArc
50
98.8961014900041
51
100.177767722424
0
ARC
5
86F
330
70
100
AcDbEntity
67
0
8
0
62
256
6
ByLayer
370
-1
48
1.0
60
0
100
AcDbCircle
39
0.0
10
1221.74713687833
20
1366.0790637885
30
0.0
40
45.4254281174429
210
0.0
220
0.0
230
1.0
100
AcDbArc
50
97.620746146348
51
98.8963181293112
0
ARC
5
870
330
70
100
AcDbEntity
67
0
8
0
62
256
6
ByLayer
370
-1
48
1.0
60
0
100
AcDbCircle
39
0.0
10
1221.73739702341
20
1366.14749822722
30
0.0
40
45.3563064699768
210
0.0
220
0.0
230
1.0
100
AcDbArc
50
96.3482795091117
51
97.6200155207013
0
ARC
5
871
330
70
100
AcDbEntity
67
0
8
0
62
256
6
ByLayer
370
-1
48
1.0
60
0
100
AcDbCircle
39
0.0
10
1221.71692001198
20
1366.31936803046
30
0.0
40
45.1832263885965
210
0.0
220
0.0
230
1.0
100
AcDbArc
50
95.0763495956883
51
96.3465707860334
0
ARC
5
872
330
70
100
AcDbEntity
67
0
8
0
62
256
6
ByLayer
370
-1
48
1.0
60
0
100
AcDbCircle
39
0.0
10
1221.69008325823
20
1366.59737780054
30
0.0
40
44.9039325136596
210
0.0
220
0.0
230
1.0
100
AcDbArc
50
93.8025314428867
51
95.0736288431541
0
ARC
5
873
330
70
100
AcDbEntity
67
0
8
0
62
256
6
ByLayer
370
-1
48
1.0
60
0
100
AcDbCircle
39
0.0
10
1221.66151451899
20
1366.98304100136
30
0.0
40
44.5172238104182
210
0.0
220
0.0
230
1.0
100
AcDbArc
50
92.5243184513737
51
93.7987611148212
0
ARC
5
874
330
70
100
AcDbEntity
67
0
8
0
62
256
6
ByLayer
370
-1
48
1.0
60
0
100
AcDbCircle
39
0.0
10
1221.63288360192
20
1367.66931674344
30
0.0
40
43.8303530446554
210
0.0
220
0.0
230
1.0
100
AcDbArc
50
91.2401416299019
51
92.5264397954291
0
ARC
5
875
330
70
100
AcDbEntity
67
0
8
0
62
256
6
ByLayer
370
-1
48
1.0
60
0
100
AcDbCircle
39
0.0
10
1221.67877576406
20
1366.09072699772
30
0.0
40
45.4095677799418
210
0.0
220
0.0
230
1.0
100
AcDbArc
50
90.0173531892138
51
91.2549246224607
0
ENDSEC
0
SECTION
2
OBJECTS
0
DICTIONARY
5
8DC
330
0
100
AcDbDictionary
280
1
281
1
3
ACAD_GROUP
350
D
3
ACAD_LAYOUT
350
62
3
ACAD_DGNDEFINITIONS
350
8D2
3
ACAD_DWFDEFINITIONS
350
8D3
3
ACAD_PDFDEFINITIONS
350
8D4
3
ACAD_MLINESTYLE
350
5F
3
ACAD_IMAGE_DICT
350
8D1
3
ACAD_IMAGE_VARS
350
8D5
0
DICTIONARY
5
D
330
8DC
100
AcDbDictionary
280
1
281
1
0
DICTIONARY
5
62
330
8DC
100
AcDbDictionary
280
1
281
1
3
Layout1
350
6F
3
Layout2
350
77
3
Model
350
73
0
DICTIONARY
5
8D2
330
8DC
100
AcDbDictionary
280
1
281
1
0
DICTIONARY
5
8D3
330
8DC
100
AcDbDictionary
280
1
281
1
0
DICTIONARY
5
8D4
330
8DC
100
AcDbDictionary
280
1
281
1
0
DICTIONARY
5
5F
330
8DC
100
AcDbDictionary
280
1
281
1
3
STANDARD
350
60
0
DICTIONARY
5
8D1
330
8DC
100
AcDbDictionary
280
1
281
1
0
DICTIONARY
5
8CF
330
2
100
AcDbDictionary
280
1
281
1
3
ACAD_LAYERSTATES
360
8DD
0
DICTIONARY
5
8DD
330
8CF
100
AcDbDictionary
280
1
281
1
0
LAYOUT
5
6F
330
62
100
AcDbPlotSettings
1

2

4

6

40
0.0
41
0.0
42
0.0
43
0.0
44
0.0
45
0.0
46
0.0
47
0.0
48
0.0
49
0.0
140
0.0
141
0.0
142
1.0
143
1.0
70
688
72
0
73
0
74
5
7

75
16
76
0
77
2
78
300
147
1.0
148
0.0
149
0.0
100
AcDbLayout
1
Layout1
71
1
10
0.0
20
0.0
11
12.0
21
9.0
12
0.0
22
0.0
32
0.0
14
0.0
24
0.0
34
0.0
15
0.0
25
0.0
35
0.0
146
0.0
13
0.0
23
0.0
33
0.0
16
1.0
26
0.0
36
0.0
17
0.0
27
1.0
37
0.0
76
0
330
6C
0
LAYOUT
5
77
330
62
100
AcDbPlotSettings
1

2

4

6

40
0.0
41
0.0
42
0.0
43
0.0
44
0.0
45
0.0
46
0.0
47
0.0
48
0.0
49
0.0
140
0.0
141
0.0
142
1.0
143
1.0
70
688
72
0
73
0
74
5
7

75
16
76
0
77
2
78
300
147
1.0
148
0.0
149
0.0
100
AcDbLayout
1
Layout2
71
2
10
0.0
20
0.0
11
12.0
21
9.0
12
0.0
22
0.0
32
0.0
14
0.0
24
0.0
34
0.0
15
0.0
25
0.0
35
0.0
146
0.0
13
0.0
23
0.0
33
0.0
16
1.0
26
0.0
36
0.0
17
0.0
27
1.0
37
0.0
76
0
330
74
0
LAYOUT
5
73
330
62
100
AcDbPlotSettings
1

2

4

6

40
0.0
41
0.0
42
0.0
43
0.0
44
0.0
45
0.0
46
0.0
47
0.0
48
0.0
49
0.0
140
0.0
141
0.0
142
1.0
143
1.0
70
1712
72
0
73
0
74
0
7

75
0
76
0
77
2
78
300
147
1.0
148
0.0
149
0.0
100
AcDbLayout
1
Model
71
3
10
0.0
20
0.0
11
12.0
21
9.0
12
0.0
22
0.0
32
0.0
14
0.0
24
0.0
34
0.0
15
0.0
25
0.0
35
0.0
146
0.0
13
0.0
23
0.0
33
0.0
16
1.0
26
0.0
36
0.0
17
0.0
27
1.0
37
0.0
76
0
330
70
0
MLINESTYLE
5
60
330
5F
100
AcDbMlineStyle
2
STANDARD
70
0
3

62
256
51
90.0
52
90.0
71
2
49
0.5
62
256
6
ByLayer
49
-0.5
62
256
6
ByLayer
0
RASTERVARIABLES
5
8D5
330
8D1
100
AcDbRasterVariables
90
0
70
1
71
1
72
0
0
ENDSEC
0
EOF
